agreement_id,comment_id,text_clean,label_1A_annotator2,label_1B_annotator2,label_2_annotator2,annotator2_notes
IAA_P0088,UgwNmubAHWCXqx3LGR54AaABAg,Don't choose women that you need to hold accountable. Choose one who holds herself accountable.,0,0,0,
IAA_P0043,UgwsSYlZonda2zqnms94AaABAg,"Very easily what needs to be done. Men need to keep speaking up. Every guys ideal partner is young, fit, feminine, and pure. This needs to be said, spread, and engrained in their heads. If they aren't these things, the guys are settling. We know we are. The delusional part is the women don't know this. Zero guys find a single mom ideal. Zero guys find someone overweight ideal. Zero guys find a women with ""x"" body count as ideal. If she isn't those things, he's settling and she needs to know he's settling.",1,1,0,
IAA_P0013,UgyD8Okf044KLEhOYQV4AaABAg,"5:02. No sh*t, marriage is akin to castration both to the man and to the woman. This video could be summarized in a short video by stating the following""guys, don't get married, or you wind up castrated"" you didn't need to make a 6:43 length video. 🥱",1,1,0,
IAA_P0076,UgzeAKf4kHJn-ggV8ux4AaABAg.9nt8P45tzSg9o2pxeeHCj6,"@MarineScoutSniper yeah man, other gummy predators who like to chew, kill then spit out their prey include even the sharpest teeth and gummiest of sharks. These women dream of having teeth in their foo foos, the ultimate sign of wanting male control..the struggle is real pal",1,0,0,
IAA_P0064,UgxYTHoM8wSkUaleSSR4AaABAg,"True. One must learn from mistakes, however, keep in mind, you may have not made any mistakes and still be rejected. If meeting women's insane standards and requirements requires a man to alter his trajectory and lose his masculinity, well, that would be a mistake, and learning from that would be very painful.",1,0,0,
IAA_P0082,UgzuAk8ugQZ3Ay2HM7l4AaABAg.AOlHs1VM04_ARMOuGr75AL,The best male archetype movie. It’s not a romance. It’s an exploration of female nature,0,0,0,
IAA_P0015,Ugynbh8qfagJ_-vHqEt4AaABAg,Women know how divorce works because they are telling each other. It's called the sisterhood.,0,0,0,
IAA_P0003,Ugz1_8ShTisQnH9IgJ14AaABAg.AVoAVDm3hWsAVoJtwqouxp,"He did, watch his lecture as Thomas Schuman at a university, he said the education system will get people away from something pragmatic and useful and will focus on nonsense the exact nonsense you see.",0,0,0,
IAA_P0067,UgwPgJy0RXiBZoAvDL14AaABAg.AULfF1bT51mAULgRJcI0Lr,"The gynocentrism is just too strong at this point. Men and women both have grievances with one another and you see the difference in how society responds to both sides. When women are openly resentful to men as a group because of self reported trauma, it is validated and we need to do everything we can to help them. When men are resentful of women because of traumatic experiences it is used as an excuse to mock them and dismiss all of their complaints which just makes them even more bitter and thus it just becomes a self reinforcing cycle that keeps men's problems from ever being taken seriously",1,0,0,
IAA_P0019,Ugzn4Tt-KIi5FIL2iuB4AaABAg.9eFTIMmJoVy9eIBH9TaAeg,"There's loyalty to popular culture popular political parties popular political leaders and people who are loyal to our father in heaven our country our constitution and freedom with our rights with our family to enjoy and thrive There's a big difference in followers and patriots who are not followers but leaders in working hard dedicated to the pursuit of happiness freedom of speech and open debate over differences between people, Today you have fear mongering irresponsible leadership and mainstream media talking about only one biased base narrative and giving us the truth isn't what mainstream media speaks its fear spreading rehearsed narrative that you can follow word for word scripted fear mongering and sensationalism taking advantage of the easily manipulated emotional dumbasses who are followers going with the flow like dead fish do and shit flushed down the toilet, this is what you end up with when you select and choose certain outraged whatever at that moment you get people who gain wealth, influence and control over you by exploiting your own emotions and stupidity by pandering to you but do nothing with you except incite you to do their bidding because you think you feel their outrage and pain and only want to help them help you and the world except they gain power, wealth and status of influence and control and they give nothing at all except for they are working on it you don't see it you don't hear anything about it, and definitely you don't see it but they swear your being served just as soon as they pass this and pass that but you have to dig deep and pay higher taxes and everything else because its your duty to democracy and the world is ending so fuck it I tell you when I think you deserve to have me explain anything to you because American people are beneath the government elites and should know your place nothing to see here folks 😉",0,0,1,
IAA_P0032,Ugzx4AHrmK9WCDC7-3p4AaABAg,"15:18 subjects like this are why privatization are cancerous regressive forces that pull back society towards a more feudal model because of the control you talk about. We need a seperation between corporations and state like we had for chirch and state. And hear me now quote me later but unless a working class movement is able to obtain power back we will regress to a system mich more like serving the king again except instead of religion they will justify it around eugenics social credit systems as a means of determining who can vote, speak, and work. It's going to get very bad before people wake up to it.",0,0,1,
IAA_P0031,Ugy82pOO2xGUGvFZ7K14AaABAg.ATwS1HKmFgQAU1YSa5jztm,"@cpr5199 I don't disagree, I just don't think it's going to happen anytime soon, at least in America. Our system prevents it unless the majority of people want it. Look at how most of the media and the left view Trump. Not evil or even close to a real dictator but they say he is and a lot of people believe it. The birth crisis has been an issue for many decades now, it's why America is obsessed with immigration and it also masks that problem. A complete collapse of our government is the only way I see it happening, probably caused by a major natural disaster which knocks out the power grid and causes mass starvation. Maybe we end up nuking the planet, or AI and robots will take over and kill us all. It's all a guessing game at this point as to what will really happen and when, but something big has to happen first for men to forcibly take over and put women back in their place.",0,0,1,
IAA_P0090,UgwYLX-rGPE-QB3xhbR4AaABAg.AWw6KYdG5QbAWx9YyrG_82,"@stormlakebobcat9058 Careful, you all keep telling women to chase bears and PITA is gonna get pissed.",0,0,0,
IAA_P0072,Ugyttn_MB3-JasMlB4p4AaABAg.AVHRxiQJCiPAVHTwK84LKd,And yet 'they' will tell you that married men are healthier. 🙄,1,0,0,
IAA_P0037,UgzhdmnJwfmruR3fsL14AaABAg.AVsMAdbGZb8AVswUrhQWxr,"Prenups do get overruled by judges. Better than nothing but not enough. Have a ""pre-marriage"" brokerage account, and never put ANY money into it after the relationship gets serious. Not one dollar, lest the judge claim the money is ""co-mingled.""",0,0,0,
IAA_P0002,UgzYC9Vepc_-XQvwnfh4AaABAg.ARPafCt-ymbARQDOKaqyoK,"This apocalypse is no prophecy, it was planned. You can see it coming and who wants it.",0,0,1,
IAA_P0073,UgwogljcqNxfafEd7R54AaABAg,"41:30 She thinks ALL men are being taught ""he is the prize""...80% of men are invisible to women, so there's no-way she's talking about ALL men. Her own experience is with the Top 20% or likely the Top 10% . So men if men are being ""taught"" they are the prize, it's by the behaviour of the women pursuing them.",0,0,0,
IAA_P0098,UgyzzSDaiaeYWC4mKel4AaABAg,"The guy in his question said ""I feel"". Women feel, guys think.",0,0,0,
IAA_P0052,Ugze066mnaza0O4e28V4AaABAg,"Let's not forget if there are no penalties, there will be no change. There should be felony charges and mandatory repayment of all monies and a reimbursement for trauma experienced by the man. The biggest problem with this felony fraud perpetrated by women is the life, time, happiness and lineage lost by men. Willfully defrauding men in this manner is a true definition of evil sociopathic behavior that could only be committed by a woman.",1,1,0,
IAA_P0042,UgxKuGo6iXUPrOUdsE14AaABAg,"I am 75, and figured the break-down in society over 50 years ago, started when we gave women the vote. I really draw fire from most people when I say this, but it empowered them to see they could cause change, we let them go past where we can do anything about it. Come to think of it, they are out there asking for Sharia law, maybe we should give it to them!",1,1,0,
IAA_P0046,UgzENLG5LP-D1OW_zbh4AaABAg,"We need to make sure women who falsely accuse get severely punished, a minimum of 40 years in prison.",1,1,0,
IAA_P0009,UgwL_GtcPD5KQABt4ZZ4AaABAg.AUs_M5iC8hTAUt43N5RYRY,The country that didn't exist 90 years ago and has become a world super power has leeched and sucked the US dry. They defeated us with propaganda and now the people of the US are slop. Everyone sold their souls to the goyslop. LOL,0,0,1,
IAA_P0027,UgyEAe4EQy6md3vj9UR4AaABAg,"Love your guys content, keep speaking out, we need to hear something about how do we as man stand against this trans movement and stand our ground and say enough is enough! We need to hear something about this because we have men wanting to be women and crying rivers and getting away with evil acts! I want justice served by real men, I want to stand in this nation brave with real men and I want to follow God with real men! Wake up men, what did Leonidas do to that one messenger who said to either bow to the king of Persia and die and Leonidas chosed the latter, he said, ""This is sparta!"" Well I'm saying it to these evil people, ""this is America""! We are ready to stand our ground, against this rogue government, the governments of the world who are working against us, the WEF! Who ever! We are ready!!",1,1,0,
IAA_P0091,UgzY5z09Ch6XLjb607p4AaABAg,PS regarding Jonathan M Pigwood: do the Japanese authorities know that there is a child predator teaching children their country. Absolutely sickening and outrageous that he was publicly preying on children taking voyeuristic photos in public which is illegal. Has he been abusing children in Japanese schools? Why is a child predator being protected by those in the manoswamp. Sick world we live in and anyone who continues to associate with him are disgusting.,0,0,0,
IAA_P0062,UgwNpsRgJV0Zvzv_Zd14AaABAg,Yeah it's heavy enough to always be %100 accountable for every little mistake I make. Gets ridiculous when I'm also relentlessly attacked for every mistake she makes cuz she'll never apologize.,1,0,0,
IAA_P0071,UgwzphHm-zGizdIDbF94AaABAg,"For a while, I felt like an incell. It was hard to get sex. At the age of 33, I only got laid 5x in my whole life. I only ever had sex with women whom I am not attracted to. These women were like 2 maybe 3 on a 10 scale, if you are drunk enough. However I never hated women nor felt like i was owed sex. I just assumed that women did not find me attractive and that their was something wrong with me. The red pill and manosphere showed me the issue. I am fat, don't drive a nice car, don't have enough money, and have low social skills. Why would a woman be attracted to someone who cant provide for them and who cant protect them because he is unhealthy? Knowing all of that, I improved my hygiene, am working on getting my money up, and am trying to lose weight. I am now making $60k/year. I got rid of the dating apps and am focusing on getting myself right. The manosphere, redpill, and incell communities showed helped me understand the truth of women. I am changing myself to fit what women want. At the same time I am aware of women and their bullshit too. That knowledge helps me to not be used and emotionally abused by women.",1,0,0,
IAA_P0020,UgyVZunL3stDca2Yykl4AaABAg.AXHiHFSoWxoAXI5rNbnWpI,"@OdtKIA men collectively rejecting women who prioritize sexualizing themselves for attention, money, and status over deeper, more respectable qualities is what’s needed in society at this stage",1,1,0,
IAA_P0010,Ugy9nioZd2MbrrWgt-x4AaABAg,2:19 Planned Parenthood. Look for their ilder name... Eugenesia. Follow the whiterabbit.,0,0,0,
IAA_P0040,Ugw9xsul3alKZTDk8wZ4AaABAg.AWLoQgznJnaAWMglBLRpWK,You know what proud of you as a man to say no. We as men need to be stronger and stand up to this kind of thing even when they are throwing themselves at you it's badass as a strong man to say no thank you. What a despicable creature she is,1,1,0,
IAA_P0096,UgyVt0l8MOyStllebHR4AaABAg.AYDVESjHJwDAYDb50IGfDS,"​​@choppyhakusho hypothetical: A young woman grows up hearing feminist propaganda, decided to spread her legs for every dude that breathes cus she bought into the rhetoric and that it's ""empowering"" to do so . Is that self respecting behaviour? Yes or no? Or, does she get ""a pass"" for her behaviour regardless of it's is self-respecting or not cus she was young and bought into the propaganda? Genuine question.",0,0,0,
IAA_P0039,Ugx6fdkAOQ1tfrL54kF4AaABAg,If I were her husband and found out or she told me about it I’d do the following: 1. I’d lie and give her hope that if she tells me everything including who was there and what they had done that the marriage could be saved. 2. Tape her confession without her knowing. Most states you can do this without breaking the law. 3. Get a great divorce attorney but get free consultations from many good attorneys so when she hires one her choices aren’t good since attorneys that you consulted with are not able to work for her. 4. Do exactly what the attorney tells you to do pre-notification of divorce to her. 5. Run down those names of her friends that were there and contact their significant others with the information. Provide over the phone the recording of your soon to be ex if they don’t believe you. 6. Never talk to her ever again.,1,1,0,
IAA_P0044,UgydAQsocLWFZVhkLqF4AaABAg,"They should put their training to ""work"". They destroyed them with lawfare. Whats left to lose? Be a hero again",0,0,0,
IAA_P0099,UgwcqnCri5jL1UYln2F4AaABAg.9mWzBF_OXKc9mbMuRZaxEe,"@ricardodelacrvz I assure you this behavior isn't limited to France, it appears all Western nations has made marriage a joke.",0,0,0,
IAA_P0087,UgwgbCzH2Oa6M1FbMCh4AaABAg.AX2Vspmh47YAXRlmppmwMp,"""MY BODY MY CHOICE"" has morphed into being able to do literally ANYTHING they want without CONSEQUENCES.",1,0,0,
IAA_P0038,UgyueYVW2QVfIbz71jd4AaABAg,The best way to never get divorced. Is never get married. Once she’s a doctor she will divorce him . Be careful my friend she is using you .,1,1,0,
IAA_P0100,Ugx2v82HJfdOYntNV3x4AaABAg,"That's dumb as hell. Yeah some women think they are much hotter than they are, but I know just as many men that think the same way. I'm a 6 on a good day and I'm have zero problem getting women out of my league. It's a confidence issue, everyone is lacking confidence thanks to the Internet and people like you that make stupid comments like this.",0,0,0,
IAA_P0007,Ugyl4q5W2lcGnCvx3wx4AaABAg.9kBN3cOEmKJ9kfgQ87LveG,"This agenda has been planned for over a decade. College Campuses implemented it hard in 2014, the Educators of today are a product of that. The ideology goes to the core of the education system (there are those that push it even harder) it also goes to the core of many things. Keeping your kids off of Social Media or at the Very least Educating them about it is the Best thing you can do for them. Homeschooling is fantastic, some studies have shown that after when kids enter into society in the way of University the experience a culture shock and are susceptible. Have the hard conversations, arm them with the tools they need.",0,0,1,
IAA_P0022,UgwxrG4p_S8HJXn_OtB4AaABAg,"The media is deliberately ignoring the message in the red pill. No worries. You can ignore reality, but you can't ignore the consequences of ignoring reality. They'll see.",0,0,1,
IAA_P0055,Ugw3BiW7L5kjCdCG9oJ4AaABAg.9kHPwmywJuu9kYPhoh-HRy,Sometimes they're not even shy about it. There is a whole series on YouTube about how corrupt the St Louis family court system is.,0,0,0,
IAA_P0011,Ugw2BzDsJbc_xsjvBDN4AaABAg,Over a 40 year period 2/3rds of marriages end - 80% filed by the woman (to cash out) - remove the cash out button via marriage contract and you win! Zero cash and prizes on exit.,1,1,0,
IAA_P0023,Ugx02iEktGT-OIk_-8p4AaABAg.9m_3o4j3BCF9nOu-rcqOcB,They don't care until there is LAW forcing them to act right. We HAVE to stop the simps... they are the source of incentivized female depravity.,1,0,0,
IAA_P0093,UgwEG62_MK8uJa7EOcN4AaABAg,"Damn. This was deep. So genuine. I 25:30 remember the ""one"" genuine feminine woman I met, dated and slept with. So true. I haven't forgotten her. I know the connection (man and woman) with her and haven't felt that with all the other women I've met and been with. 💯",0,0,0,
IAA_P0050,UgwMG0rqy4YaB9gp6014AaABAg.ALdjgPpe00mAMgdXd9uGQ3,Yes. Very true and is consistent with other YTube content creators posting bout relationships. Which ever way it goes you still win with that type of execution. She must know you can walk away. Repeat. She must know you will be ok with ending the relationship now. This is the only way I see that women must know to process it into their hormonal female wacky brains.,1,1,0,
IAA_P0097,UgzTnejVTrXTkKsBhuN4AaABAg.AUyBy-kXpp4AUyJw6wH8nv,"Men are do-ers, (see a problem and take measures to address it), and women like to have meetings to discuss the issue, but never actually do anything to fix it, (karen bass and the rebuilding of the palisades for example). Women used to be in the home, then administrative tasks, but now… been to a bank lately? How’d that go? Any school system? How’s education going in this country? 🤦‍♂️",0,0,0,
IAA_P0053,UgwHhqYNNHi77aUaVjN4AaABAg.AXgtaXDfDBzAXh0gPVtllT,Psyop since 1920’s? People who are awake dislike thejewbags,0,0,1,
IAA_P0035,UgxKwbcJaa-O5yQcBF94AaABAg.AVZOowM6wgcAVZra1RigPm,@CR67 In the 1970s it was reported that 90% of those in media were mouthpieces for the CIA.,0,0,1,
IAA_P0017,UgxPjr9W38mdK5Nom-t4AaABAg,"Imagine having friends who would be excited for you to have eye color change surgery. Mine would stage an intervention. And because GenZ is the result of 100 years of corporate brainwashing to be terrified of how the world sees you and that they have the fix... for a price. They've been doing this to women for a long time, and now the young men are a new emerging market for them. However, ​​Imagine being at the gym wanting to use those dumbbells that the girl in red is blocking while filming her rant.",0,0,0,
IAA_P0028,UgznNdLXJdQ4VyK-mM94AaABAg,"Watched the entire thing and really enjoyed how you correlated the state of the black community as a microcosm to the rest of society since other races typically look at what black people do as ""trendy"" or ""cool"", so the failure of family building in the black community has a direct consequence to the rest of the country. Also I 100% agree that the only possible way to flip this stuff around is for men to completely take charge of their lives, create a standard, and refuse to mess with any female who won't adhere to this standard, from this perspective the resourceful Passport bros are taking a step in the right direction. Their statement is essentially, we demand women who behave this way, and if we can't find them here, we will go overseas and across the world if we have to, and if local women have an issue with this, they could always change...",1,1,0,
IAA_P0049,Ugwv5B1LJGuEPlt8bSB4AaABAg.AHUK37msnBWAP2hXcILah4,"Amen, brother. I am a Christian as well, but you have asked the question that pastors can't answer: ""How do I turn my woman on?"" It's only taboo because the pastors don't know and are trying to be married monks. Here's some more analysis from a Christian (yes, somehow, I am actually saved, by the grace of God): Paul said to ""love your wife even as Jesus loved the church"". So, according to Paul, let your wife crucify you. Which, as the red pill knows, turns her off sexually, to be her doormat. Then these married men get no sex or starfish sex while the church says ""no sex unless you're married"", ignoring the fact that men aren't having sex IN marriage, and then the church moves the goalposts from ""wait until marriage to have sex"" to ""love your wife even if there is no sex."" And then, of course, ""Jesus forgave the harlot, so should you."" Well, Solomon had 700 wives and 300 concubines. And Paul said he wishes that every man was a bachelor, like he was, which implies humanity shouldn't procreate because relationships aren't worth it (""his interests are divided."" They certainly are!) The saddest thing is that Paul literally says to get married if you can't control your sex drive. So basically marry if you can't keep it in your pants. No romance, just marry to keep from sinning. (""Come together for a time, to keep Satan from tempting you"". So only have sex to keep from sinning, and then get back to prayer lol). That's such a crappy reason to get married. Unless you stay in a LTR with a woman who was a virgin when you met her, never marry her, run Game on her, have the option to spin plates openly, and stay Alpha enough to be the only option the virgin wants, then women aren't worth it. So, for most men, women aren't worth it. Either be a MGTOW or a player but that's it. The way Jesus says to do marriage is garbage. I guess players answer for it in the afterlife, and fornicators don't go to Heaven, but marriage in this life ain't worth it, even if marriage exists to keep men from going to Hell sexually. Not worth it. The whole thing is a losing proposition. Sin, die, be judged, and that's it. Or love, marry, get cheated on (or be an incel in marriage, nagged to no end, clueless of Game), get divorced, lose half of your stuff, pay alimony, not see your kids, etc. There is no winning except for the virgins who ""followed the Lamb wherever He went.""",1,1,0,
IAA_P0021,UgxhrhK9sK0UbFntzYJ4AaABAg,Until I hear Andrew Tate give his side of the story. I’m not going to pass judgment because we know there are people who live in the shadows that are out to get him. The matrix will never allow masculine men to promoted masculinity to the masses. What’s happening to Tate is pure misandry!,1,0,0,
IAA_P0074,UgxJmhu3tHw84nfym8R4AaABAg.AWnV-Z7egW1AWnXkI-3ov_,"I disagree. In essence you are saying that to make a man feel important is to devalue women, to put them into less than a dogs value to you. The fact is we are all human beings, we all have value in fulfilling the ROLE we were created to fulfill. Of course, thus only works if a woman and a man can actually fulfill those roles as they were created to do. But, I understand where your coming from, when women are brainwashed with feminism and are addiction to attention and validation and are mostly all narcissistic sociopathic delusional ameba's bent on destroying men, then they bring no value in their role as women. This leaves men to devalue them and use them for their personal pleasure, the ole pump and dump theology is a reaction to their devaluing of men, which causes men to devalue women. My self esteem is not lifted through the devaluing of others. My self esteem is elevated once I SEE and understand my purpose and vision for my own life without a woman's influence in it.",1,1,0,
IAA_P0061,UgzlzbdVcWM18ZXDM914AaABAg,It su*ks that women can jsut do this and men have to work hard just so the media can call them trash,1,0,0,
IAA_P0001,UgyfxLG-Vz7oSqNUKDB4AaABAg.APeYP-EUlhPAPenB2t-zUu,"@daviedood2503 I grew to completely idolizing the devil and villains in media in general. The only men with a proper set now a days to enforce their will, while all the masculine heros of yesterday are looked at as soyboys who don't actually in act change. Most of the hero storys were propaganda to condition men against themselves.",1,0,1,
IAA_P0005,UgyxhQzAg9GIIV0TU8h4AaABAg,"The Globalists, United Nations in particular have been actively trying to destroy the Family, all Nations, all Cultures, all Religions, etc., and create their Globalist 'Religion' and identity. It has been filtered down through international organizations, universities, media, corporations, etc. They basically want to destroy those things in order to usher in their unelected, unaccountable, bureaucratic, World Government",0,0,1,
IAA_P0078,Ugz0n-sr8PfafC3I24N4AaABAg,Woke CEO woke company woke AI they are destroying their own business you go woke you will always go broke,0,0,0,
IAA_P0026,UgxqiTnbmY7688Z56rB4AaABAg,The BIGGEST MISTAKE is using dating apps. HELLO PEOPLE. Apps want you to stay and use them as long as possible. THATS HOW THEY MAKE MIILIONS MORE THEN WHAT YOU PAID FOY THE SUBSCRIPTION. They are NOT designed to find you a GF/BF. If they did you would not be using them. DATING APPS ARE A SCAM,0,0,0,
IAA_P0080,Ugy-hqd8L5_-2NqC6KN4AaABAg.AW5lWrMPGWEAWBYav4-MLg,woman has always been in that nucleus of big E with men.They played a role of gaslighting and controlling the wrath of their partner onto her enemies,1,0,0,
IAA_P0079,UgwL96PGMNm2sDR1lsF4AaABAg,"When I was younger and naive (now in my late 30s). I too thought females were angelic and should be treated as such. I was in decent shape, wasn't ugly, a decent guy but had mixed success with females. A few times I had to work, live, study etc with a female(s) and it was miserable and I learned that they weren't so angelic. A few times, I noticed men who are older than me act like schoolboys around attractive females and I thought it was the most pathetic thing I ever saw. The same females don't care about them and wouldn't give them the time of day. I also noticed guys acting like an a'hole around women and like as if the woman didn't exist, and they had lots of success with females. I know an older man in his 60s who lacks self awareness, social awareness and doesn't ""get it"" he is out of shape, clothes don't fit, is bald and earns low pay. He thinks he is a gift to women. He doesn't understand why he is single (virgin). In a previous job, I saw the technician (educated, intelligent, big earner) put a pretty female colleague on a pedestal, she didn't even acknowledge his existence and walked by him. I saw him try it again one time and the same result. I don't want to end up like those type of men. It was when I started to focus on myself and cut out distractions that I started to win at life. Opinions and experiences are my own. Have a good day reader.",1,0,0,
IAA_P0063,UgyXww5jvfykU2OvO3R4AaABAg.AXn6-qalVDwAXt_zfVMDi2,@darrellliston4637 Yes but she will use her kids as a big basis for getting the money be it through child support or spousal support. The court looks at a totality of the circumstances with an unwriting bias in furtherance of moms.,1,0,0,
IAA_P0089,UgxMcy-b6tqFCwK6MoR4AaABAg.AW6RWhCD2GBAWATd7mpKxw,"Social Media just allowed women to brainwash each other on a mass, unforeseen scale instead of simply enabling each other. This was happening before, they just didn't have the majority of women worldwide at their fingertips to make it OP.",0,0,0,
IAA_P0095,UgwRtyW24lYHq8z7N-l4AaABAg,He keeps it real. This man has helped me immensely throughout the years with info like this,0,0,0,
IAA_P0092,Ugw2kJ0ot2jGrWEHotB4AaABAg,So much of telling men what women want and what they need. A mistake for men. If men improve their own lives and are competent as you say they will be happy in their own lives and attract the right woman. Men just need to concentrate on themselves. It's not alpha to worry about what women want and need all the time.,0,0,0,
IAA_P0070,Ugx_ktkEV8V5Ue8vlh54AaABAg,"She wants an 18-25 year old man to be making 100k. Most men have to build and earn their way to that kind of income and it takes time. Time that women don’t want to wait for, because they want a man that’s already at the finish line. This 15 minutes of tomfoolery proves that. Shout out fresh and fit",1,0,0,
IAA_P0006,UgzKk7qZk9I9U4Ktt6l4AaABAg.AVsh3iH01GfAVt0B1VOfmj,"100 investigators 15 years Over 150 mn AUD They charged two accused and a whistleblower On the testimony of a paid Talibani fighter, paid to testify in Australia The media organisation that went after him has made several secret, corrupt payments to witnesses etc",0,0,1,
IAA_P0034,Ugxx24SKYb4nnxLziDJ4AaABAg,"I'm coming up on three quarters of a century now and my take is that the whole boyfriend/girlfriend thing that I enjoyed in my youth is now an anachronism. It's over. If you're a regular single guy and you want sex, consult a professional. If you want a family, you have my deepest sympathies and I wish you the very best of luck. The traditional basis of relationships is that women have sex and men have money and so they need each other. Western governments have transferred men's money to women and so now the system is broken.",1,1,0,
IAA_P0036,UgwTdLccXZ7Xt_-erft4AaABAg.AXUSTQm0BayAXaQ49pOTXO,"@Majewski79 We are not stuck in here with them, they are stuck here with us. They fight with lies innuendo and narrative control now fight it with truth logic and whatever means necessary to make life better for you and those like you. Walk away and rebuild without them.",1,1,0,
IAA_P0075,UgwqH-yfi5JKw49uN1h4AaABAg,"Dodged many bullets by noticing the signs early. Ask yourself 1 question: Will this woman make my life better or worse? Be honest with yourself. Don't think her beauty is necessarily a positive for you. Her behavior, attitude, and demeanor are much more important.",0,0,0,
IAA_P0030,UgxguUDGy0md-RTgxpN4AaABAg.AQFL18YPhynAQHG-DCSTMF,"@mkpears a pre-nuptial agreement is only a contract. All she needs is an activist judge and the contract will be declared void. Just don't get married and don't live together. Follow the 4 Fs... Find em, feel em, fuck em and forget em.",1,1,0,
IAA_P0060,UgzPr0KjIv8AO6OakRp4AaABAg,"So the UK legalized abortion without any input from the fathers, but blames men for the drop in birth rates. Yep, sounds just like a standard government, 'expert and highly paid researchers' and ineptitude we've all come to know and wonder 'who the hell elects these morons?'.",1,0,0,
IAA_P0066,Ugw-CYTshcbAblaEVgV4AaABAg,"It's a shame how these kind of dynamics play into opportunities. I've heard conflicting narratives about whether a guy is more or less able to be hired whether married or not. Some say employers want a married, broke horse; others say marriage is unwanted baggage. It might be the former in the old days, the latter now...?",1,0,0,
IAA_P0069,UgwAHVQEAXVL_ojjXyZ4AaABAg,"Minute 53:20 Fun fact Germany. Couple get arrested for getting caught while having sex outdoors. Gets in jail. Other entity is involved in child sex activities. Gets a fine and probation.. Sick world we live in. Real men end in cages. Like in the movie ""the mummy""",1,0,0,
IAA_P0051,UgxVHorxZIH6e0CoHf14AaABAg.9ntAn8VYwnP9oAmOdqiSAo,"Calling women names isn’t a simp move if she’s deserving of them. It’s one thing to attack a girl with “you’ll die alone if you don’t pick me!”, but it’s another thing to attack a girl when she’s flat out wrong Unfortunately, she knows that many men will come to her rescue and take her side, even if only to get in her pants. Girls get support they don’t deserve constantly just for existing and it makes me fucking sick",0,0,0,
IAA_P0081,Ugy9W3KI6NbJaHWrEft4AaABAg.AVzerfh-lG_AW-8xUwpHSh,"@jvnb-y9e Social media made it into a delusion. Hypergamy was held in check by all the old social pillars the greatest generation and their ancestors had. Shame, the old school values upbringing within the nuclear family, church, the culture. Everything worked together to bring order. Hypergamy was just a natural, subroutine mechanism, not the open , unleashed hypergamy it is today. Back in our ancestors time average women were happy with average men. Those days are gone.",1,0,0,
IAA_P0047,UgxC_vJc5iqEBb8zgw54AaABAg,"All I ever hear is about how hard it is for women to leave abusive relationships. But they can call the cops on a man, lie and get him locked up. Zero accountability! I’m going to call my dad, cousin, brother, friend, etc. Yet, this is repeated case of DV. They choose to stay and yet they are off the hook too. Yes. There are very few if that many instances where it’s very hard to leave. Let’s not make it seem like there are dozens.",1,1,0,
IAA_P0054,UgyWZFgYPvFVbfflcMV4AaABAg.AVC1UF5b2HXAVCrmszBrQ-,Like the tower of babel women are slowly forcing linguistical drift into our language by political correctness to maintain their magic spells and hypnotism,1,1,0,
IAA_P0014,Ugzbvl9wxtYhZyNa_KJ4AaABAg.ASH2UjzvwQRAStN1PA8aUX,"If you’re reading this, I care about you and will be praying that you come to know Jesus as your savior. God loves you so much that he sent his son to die in your place, clearing your sins in his sight and providing you a way to avoid eternity in hell on the day of judgment if you repent and put your faith in Christ. No one knows when their life on earth will come to an end, so please consider making that decision today. Israel proves that the Bible is true. Thousands of years ago, Ezekiel 37:21 predicted that the Jews would be regathered from the nations and brought back into their own land. In 1948 it happened. God preserved his chosen people for nearly 2,000 years, showing clear evidence of divine prophetic fulfillment. Israel’s return triggered a countdown toward the end times (parable of the fig tree) and we’re beginning to see the initial stages of multiple prophecies converging: 1. Great Deception (Aliens are demonic entities, Roswell incident occurs just prior to Israel in 1947, disclosure talks suddenly ramping up) 2. One World Government (UN, WEF, IMF, WHO, globalist elites, Agenda 2030) 3. Antichrist Covenant (The Abraham Accords, Trump’s 20-point peace plan developing with international support) 4. 3rd Temple Construction (Implements and garments ready, priests trained, pure red heifers acquired) 5. Mark of the Beast (Global push for Digital ID, 6G, implantable devices, AI surveillance state) Once true Christians are raptured, which will likely be explained away by full disclosure, the antichrist rises to power and deceives the world. Over the following seven years, horrific events will kill billions. I urge you to repent and turn to Jesus before it’s too late. There’s no other way into heaven. Study the book of Revelation and you'll see that it closely aligns with what's going on in the world right now.",0,0,1,
IAA_P0058,UgzlELgjgIm3fmajHBl4AaABAg,I had (notice I say HAD) a friend who went the single mother route and it was a total disaster for him and it ruined his life. He hung in there for probably close to 15 years with her and it finally blew up. I lost all respect for him. Guys who go after single moms are losers there is just no other way to say it. There are lots of available single women without kids.,1,1,0,
IAA_P0025,UgylEU2uYs3uxS4xtbt4AaABAg.AUyegtddxbZAV4FjvYmNZm,"@jamese9283I'm not doing anything until millions are deported, Israel doesn't own our politicians, and women come to the bargaining table.",0,0,0,
IAA_P0059,Ugxj9badDkHDFlCRoyB4AaABAg.AXZ3NmfIiOCAXZPwLti8E0,Even custody mediation was just to validate and protect her feelings while ignoring the fact she was hiding our son from me. For stretches as long as nine months.,1,0,0,
IAA_P0057,UgwchSGs32F89rCfNLF4AaABAg,"This is some solid advice that unfortunately, a lot of men are going to ignore or dismiss because they think the one they're interested in is ""different"" and she wouldn't do that kind if stuff",1,0,0,
IAA_P0012,Ugw1y-l4n7KWNdVPKjR4AaABAg,"The last time I saw dating sites and apps have the options to select: body type, height, weight, race and kids/no kids was back in the early 2010’s. It was the 2nd Obama term when everyone started going “woke” (whatever that means to leftists) that all the sites and apps took those options off to be “inclusive”. Yeah, they wanted to force MEN to be inclusive of ALL types of women. This political correctness has gotten out of control. If you tell the AI matchmaking bot on like FB dating that you prefer a slim woman, it will reply back requesting you to not be discriminatory of someone’s weight. I bet it doesn’t say the same thing to a woman preferring tall men. I bet you it doesn’t.",1,0,0,
IAA_P0045,Ugz2NZADlI3Si_B4ni14AaABAg.9l9ldYLNhok9lAH0_IpeAy,"Men have to get in there and try to have a relationship. Red pill is knowing what you’re dealing with. Women have been thought of as sugar, spice, and everything nice. We now know that is furthest thing from the truth. But you have to try. The real fight is getting government OUT of our personal lives, and allow men to have back their power and authority over the women in their lives.",1,1,0,
IAA_P0056,UgxeW3rfaStL6vBXmBd4AaABAg,What does state has done now is incentivize men to never get married.,1,0,0,
IAA_P0018,UgwFZwfbbl-KVY8yldF4AaABAg,Apparently 'Sustainability' = world depopulation... initiated through the legal system.... play smarter men... dont play by societal norms or the scripts that the state wants you to play by.... it leads to benefits for the state - at your expense.... think different... be - do - have....,1,1,0,
IAA_P0008,Ugzez3oVKT1l-tiyvG94AaABAg,No marriage No divorce No Alimony No child support Result happy life... 😎😁 #mgtow,1,1,0,
IAA_P0048,UgxviqnwQrevui3WU4F4AaABAg,"I'm surprised no one in this space ever checked women who say they want men who ""make more' with the feminist argument of women complaining about equal pay. It would shut a lot of them up.",0,0,0,
IAA_P0041,UgyCt8H66pznPOwFPxZ4AaABAg,"I watched a lot of his videos and this one he is 100% spot on with everything he is preaching. It’s scares me how much he knows about the family law process. I practice family law for decades now and for you folks out there that’s in love and thinking it’s a good idea. I promise you it’s not. Don’t do it till the system is changed. Please take this one last point. No one going into marriage thinking they’ll get a divorce. They all think they find the one, it can’t happen to them, but it happens. Happens a lot.",1,1,0,
IAA_P0068,UgxPhi3GhU8db6AzTzt4AaABAg,"21 years together, 19 years of marriage, two great children a pre teen and teen. Last week, out of the blue, life destroyed when hit with divorce. One of us is over 50 and the other just under. I was like WTF. Right now of all times…. how about we take the money for lawyers and go away for a week and reconnect. Nope, she says I’ve already found an apartment to rent. These “no fault” states are actually part of the problem. No mandatory separation period, no mandatory counseling, females filling for divorce goes up around 59% during menopause, it’s called a menodivorce! No I have to scrape myself off the floor after feeling like Ray Lewis hit me at full speed blindsided!!! 🤮",1,0,0,
IAA_P0085,Ugye5IW3jIjWOefgOx14AaABAg,"One of the things you said struck me. You mentioned having a business associate who told you to never do anything you wouldn't want published in the largest newspaper in your city. Early in my career, my director told me as a fledgling manager, to not make a decision I was not ready to explain to a TV reporter. He became more than my boss, he became my mentor and friend. It's advice I pass on to young men about work and about life. I remind them you do not have to explain every decision, especially the personal ones; but you must stand by them and accept responsibility for your choices and actions. That's what men do.",0,0,0,
IAA_P0084,UgzeWDhTrikpIQxxGEJ4AaABAg,All of the grown men are walking away and they are getting desperate,0,0,0,
IAA_P0024,UgxqQBOv20oDw8Ynx9l4AaABAg.AVCCsaRr9l7AVCOcRp8dIx,"Exactly. Roman women literally never gave up everything their own corrupt elites gave them despite it literally causing the destruction of their civilization. So either regular men take all the stuff back the elites gave our women, or we're cooked as a civilization. Personally, I think we're cooked, and all our great grandkids will be bowing to Mecca five times a day. And I'm will be preparing my kids for that eventuality. I'm thinking about either somehow getting them a Russia/Eastern European passport, preping a plan for them to flee into Central America and obscurity, or having them be Muslim publicly and hold my own personal philosophy privately. Probably will prep my kids for all three routes.",1,1,0,
IAA_P0004,UgxUHNhUD278cL2P-V94AaABAg,"Why would the state want to take responsibility when they can threaten another dude with jail, fines and everything else under the sun, to take responsibility? There needs to be mandatory DNA testing at birth. Before the baby even leaves the hospital. What POSSIBLE LOGICAL REASON is there for anyone (other than the damn state) to be against this policy?? 🤔",1,1,0,
IAA_P0083,Ugw1fRRQ9p0cap7UPNt4AaABAg,"I am of an India decent, but we came her in 1906. We built the infrastructure, served in wars and more importantly acclimated to Canadian values. Last 5 years they doubled the Indian population to 4% and these mofos are extorting us. They imported to worst on purpose as only criminals act like that in India. Then India asked we take 60 million more? I'm gone if that happens.",0,0,0,
IAA_P0016,UgywOHAXRXNYShO5Vnx4AaABAg.AWm1ct3AS9zAWm39wZxw7C,By the feminist sisterhood with the huge help from the wealthy elites.,0,0,1,
IAA_P0077,UgxJ1IuB8ghz1BXX2Y14AaABAg.AWTtbsiHsq7AWTy8474tC-,"@AnthonyWamsteker-lv7gq not really. It's rational from a few different perspectives. A primary means is sabotaging other women. By making it so the good man has no option but the woman who reported, she can monopolize that man. She can then later retract what she said, or deny it was her. Or paint herself as being heroic or smart enough to figure out that it wasn't true and to give the bad man a chance. From a group dynamic, it helps solidify individual negotiation/dating power as each individual can cut off a specific man's access to the dating market, not unlike how a labor union reacts to a company going outside of the union. As long as the group acts based on the individual woman's words, then the woman has a lot of power in a potential relationship to keep a man in line with. It can also be used to retaliate against a man. He did something she didn't like, so she hits back. Totally normal female behavior, the purpose of which is to make leaving her so costly that a man won't go through the trouble. And to make her into a victim so she can use it as a sob story to bait the next victim.",1,0,0,
IAA_P0094,UgycBHKlE0Ru-nGldBF4AaABAg.ANvNLd8KWH0ANx75EeKKAU,bruh stop equivicating. a word can have a lot of meanings when it comes to dating this is the red pill. not understanding that 1 word can mean multiple things is a sign of low iq another sign is being obsessed with a singular topic and trying to shove it into other places that got nothing to do with it. if you want to talk about JQ go ahead but do it in the right place not f*cking everywhere.,0,0,0,
IAA_P0086,UgzuiuvmUw00CtV18Hd4AaABAg,Women are on their own. We are'nt their rescuers.They can sink or swim,1,1,0,
IAA_P0065,UgxHLoA-Ze-KGxO7EnV4AaABAg.AVxh_bq3xbkAVxhqcsU9HZ,Correct. The system is thoroughly feminized.,1,0,0,
IAA_P0033,UgzO5DxG4b8TvESsgF14AaABAg,"Nothing of what you have said will ever be implemented on a larger scale, not with all the brainwashing that is being sent in the mainstream media. Not even talking about legal staff like automatic split custody of children/default separation of resources and assets in marriage/punishing paternity fraud. But at least some of those things can be implemented on a personal scale.",1,1,0,
IAA_P0029,UgwlHA_rbafkSjnQ-dN4AaABAg,"1) Mommy trained us to care, simp, be loyal, provide. 2) Society trained us to work, bow, be a utility and man up! 3) School trained you Obedience, Compliance, workforce Preparation and no Self-Discovery. 4) Go through life trained to be extorted by everyone! They Trained us to be what THEY need, they all lied to us top being their workhorse. Stop caring, stop favors, stop helping, stop spending, save, invest, retire early, go abroad, let it collapse, walk away and stay safe. Care for the most important person who truly deserves it; YOU! 🫵 ""Man up (take it and don't defend yourself)"" ""A real man would (be pillaged by them)"" ""Take it like a man, (and be extorted)"" ""The man provides (Live's poor and owns nothing)."" Wake up, brother, wake up! 💪",1,1,1,
IAA0001,UgzIpbI9tDO7WWKEtR14AaABAg,WHY would she go to the trouble & expense of having her fertility assessed... if she's not wanting to have kids?,0,0,0,
IAA0002,Ugxj1HMB1theXVQ6wWN4AaABAg.A0HsOBE4fcaAD0l-Ywk3VL,Andrew Tate brought his own twist to the red pill. I don't think him and Rollo should be in the same paragraph. Tate actually has real game. Rollo just wrotes theory and bangs las vegas 304's that are essentially hookers.,0,0,0,
IAA0003,Ugwchkk8grRagJqirNt4AaABAg.AWzwcfP5CcNAWzxSttAgBp,"In this very life you will get true loyalty only from dogs, never from women, it's tested and proven, anybody who says otherwise it's either a liar, delusional or has some sort of an agenda.",1,1,0,
IAA0004,Ugz8wFfGMnAtCvXYycN4AaABAg.AYwNm6a2YJmAZ75b2wGmAl,"When men get hurt by women, we usually don’t generalize, but women often generalize about us based on one bad experience, which can come across as narrow-minded female nature sadly",1,0,0,
IAA0005,UgwNmr92XiJZGOCjBKx4AaABAg.9mxs_xpFml29n2aiTgb6gP,"You've learned nothing have you. Women only use religion as a smoke screen. They are all Eve. And the gov is the serpent. And you, guess who you are?",0,0,0,
IAA0006,UgwFzcbOm3VqLUzm-qx4AaABAg,Imagine if every man stood up for men like women stand up for women and stopped working until their needs were met.,1,1,0,
IAA0007,Ugyg4gjrl1lHNgrFmqh4AaABAg,Women's needs are not more important than men's...They were just raised to think that they are. Men's problems are their own...Women's problems are everyone's problems.,1,0,0,
IAA0008,UgziZt4K91ee8FrjFkR4AaABAg,"Thank you Melissa !!! SO MUCH truth here. 21 STUDIOS is REALLY about restoring some balance to the grossly gyno-centric societies in which we all live. Women have the advantage is every sector of society,,,,and we are supposed to be self-sacrificial gentlemen ?",1,1,0,
IAA0009,UgyhbFqC_s7QpI2R4nF4AaABAg,"I value Pearl for what she says to women, not what she says to men. Big difference. Go Pearl, go! By the way, Pearl probably does more for men than this dude has ever done. Yeah, I got your ""pander"", all right. ""Pander"" to this, my guy!",0,0,0,
IAA0010,Ugxrv6EgI0GNg_TXB114AaABAg,Fuck....it is the only things that comes to My mind hearing such brutal truth,0,0,0,
IAA0011,Ugw3ysZZAGkWZYPWJA54AaABAg.AXHsH4KXTB5AXHvXfframr,There is always some simp whether he is in power or not usually cucked for there attention and power through money.,0,0,0,
IAA0012,UgypAlsPMBILSOmjBX94AaABAg,"Looking at her makes me understand why some people can't explain ""what is a women?""",0,0,0,
IAA0013,UgzBoIyPH20NykpZb-94AaABAg,What the enemy fears most is... true male comroderary.... legit brotherhood and commune. Where honest and honorable men trust one another with their all.... a superior civilization shall thrive.... a republic of noble men.,0,0,0,
IAA0014,Ugwmjbr-v7GcYt0kRJp4AaABAg,"Of all the good JP has done, something you deem as a slip-up is nothing to belittle his character over. This whole video is you grasping at straws to say ""Look look JP bad see""",0,0,0,
IAA0015,UgzSwnY0kH8F8TkIwYh4AaABAg,"""Believe all women"" and Pound Me Too are nothing but weapons to ruin men. Real genuine victims only got them to blame",1,0,1,
IAA0016,Ugzgj8BV4Bn5vbromQR4AaABAg.9neCTUQL1pxALyxEN_B3Ay,"I think it was a perfect encapsulation of the orthodoxy gate keeping that happens in every group. I used to hang out in left wing spaces when I was younger. A person would give a 45 minute lecture on something, and a dozen young women or men would wait in line to say “when you used the word ‘savage’ to describe the conversation you had, did you know it was a derogatory term that has been used to marginalize people for hundreds of years?” 45 minutes of speaking, and that’s the response. Young people are screwed if they can’t break out of this.",0,0,0,
IAA0017,Ugy2MqIfKNAnFjqL3sl4AaABAg,Indian marriage works because of the dowry and caste system.,0,0,0,
IAA0018,UgwjHRYOSrJFz7Q7ce14AaABAg,"*_If you want to destroy a nation, a people, a civilization give them alcohol_*",0,0,0,
IAA0019,UgzeSNYyyX5b65tUyTx4AaABAg,Timestamps!!! 0:30 : Intro Music 01:47 : Intro Video 19:15 : Welcome 21:53 : Announcement 24:57 : IWD 32:08 : Respect For Men (SuperChat) 47:00 : External Validation 53:26 : Nala Ray Preamble 57:58 : Nala Ray 01:42:03 : The Female Protagonist In Sex Like Explicitly Said To Her Husband That She Didn't Want To Do Super Sexual Acts With Him 02:05:54 : Book Recommend 02:07:59 : Dating Violent BPD Woman 02:11:54 : Butterfly Note 02:13:13 : Former Representative Taylor Greene Did To Her Husband And Family 02:16:08 : Hardcover Book 02:18:02 : Announcement 02:20:50 : All Those Kinks Sting Love Devait From Natural States 02:24:43 : Can A Woman Lust U And Love U At The Same Time 02:25:13 : Frame & Religion 02:32:54 : Serious Or Troll 02:36:24 : Misogyny 02:57:23 : Lost Boy Deadly Men 03:33:35 : Amog (SuperChat) 03:35:05 : Should We Have A Minister For Men And Boys 03:38:10 : Summation 03:40:14 : Announcement 03:43:11 : If A Man Is RP And Then Decides To Be Voluntary Celibate And Swears Off Dating On His Accord Is That Man Enlightened 03:49:16 : Shoutout 03:54:56 : Outro Music Jevani Sanders - Best Head Of My Life,0,0,0,
IAA0020,UgwzWPpfPd9E45TIuUB4AaABAg.AU8nQGFaMmVAUBJqLU0m--,"@RolloTomassiStill it's spekulation. And it's okay. If she still wants you after many years of marriage, you have done it good as a man. And I know that more experience a couple has together, often improves s3x ..technically :) But what defines a womans b",0,0,0,
IAA0021,UgzlBMqcsFapNdvYp_x4AaABAg,Why would a MAN owe a woman anything? These are strong independent women now. Anything less than equality would insult her. She can approach and pay and open doors.,1,1,0,
IAA0022,Ugy4RBU6zekeLWapwKB4AaABAg,Feel bad for the guy on the right. Odd man out.,0,0,0,
IAA0023,UgzKO0R4hR6xqPsAfOl4AaABAg,I've been saying this since the 90s when 3rd wave kicked off.. but got push back from just about everyone,0,0,0,
IAA0024,UgyzSJFdFrF0qnHTPRB4AaABAg,You can trust me’ is code for ‘I’m manipulating you.’,0,0,0,
IAA0025,UgzOzNvntjGrB2NWJJl4AaABAg.AWl8VkvwzJnAWlcrTiUq0F,I have a friend at that height who is crushing it still and he is 55. There are women in their late 30s obsessed with him.,0,0,0,
IAA0026,UgyJTyV90F2mqA6PFRh4AaABAg,"When I was 19 my mechanic used to tell me everytime after servicing my v5 STI coupe ""drive it like you stole it!"" and that's how I've been treating my women and cars ever since 🤝",0,0,0,
IAA0027,UgxIp3-r_JKYbvHK8xh4AaABAg,"In Australia they recently they charged one of our brave soldiers with war crimes, they made a general out of a woman who never deployed, never saw combat, they charged my friend with terrorism for fighting in Ukraine. They say waving our flag is problematic. Why should I fight or contribute to a country that hates me?",0,0,0,
IAA0028,UgzETBs1vwjpFnaTTNx4AaABAg.AZKkqzz9WFdAZL6clql2Pz,"Planned parenthood had some White papers discussing this back in the 60’s or so. They knew the water supply, birth control, feminism, etc, would lower the testosterone and alter the physiology for future generations",0,0,1,
IAA0029,UgxzqQ5uviTjg0C5D-p4AaABAg,"""Invested in an emotional way"" So in her eyes, no man has EVER cheated.",0,0,0,
IAA0030,UgxV-a8gVWdJTMHW2HN4AaABAg,Well from what rich is describing here. Canada seem to be real close to America as far as the liberalism goes. So there's actually no difference between Canada and America in that aspect. The liberalism can tear down a nation and hurt it more than people realize. A lot of people think that's the way to go because it's the new fashionable thing and that's how they advertise it. If you are conservative you are evil and you are a bad person in a liberal person's eyes. Because you're against everything that they want to be. But if you are a conservative you should not weaken or try to change your ways to be a liberal. Because I can tell you this that the Liberals are not changing to become a conservative no matter how hard you try to go against their ways. The only thing they're going to do is just fight back. But everyone has a choice on which standards they want to follow.,0,0,0,
IAA0031,UgyBjouJFifgyWxmh0B4AaABAg,Coach Greg Adams is #1 and The Realest for us Men.,0,0,0,
IAA0032,UgxfgozpvbcVAN3p6W94AaABAg,"That might’ve been true back in the day… but modern day recruiting not so much, I got recruited by Northwestern, West Virginia and Mississippi State coming out of high school and every single one of those recruiters talked about how easily my then girl would be replaced. Even the elite guys not too many of them are bringing “high school sweethearts” to campus with them",0,0,0,
IAA0033,UgwaneBhNjAHUiFrfWV4AaABAg,Powerful. Very christian message. Thanks 21 studios for the delivery.,0,0,0,
IAA0034,UgxMAlKGDte1KF0f57d4AaABAg.AWfJS_S5ZAaAX6D3T7oH3p,"True. I live in a woke state and as a woman, women in health and administration have almost killed me. From wrong diagnosis, denial to give medical assistance, fakery in oficial documents. Who gave women rights to work in important job has put a gun to his own head.",0,0,0,
IAA0035,UgyZaLH4V_fTzOzsq0d4AaABAg,PBD is one of many that say 'Woman' when he means 'Women' I find this so annoying. Just me?,0,0,0,
IAA0036,UgyAwy9zuxhjbv4JFJl4AaABAg,I married two of those narcississits nothing you can do in this rigged unlegal system!,0,0,0,
IAA0037,UgyM52HwxfhrIig2dTB4AaABAg.AY76djmGcwrAY7JFRMN_y0,@simshengvue5799 with some of the toys they’ve got for men the AI women are quickly going to replace real women. And it won’t nag,0,0,0,
IAA0038,UgyBh0Ah1kKQRFdk85l4AaABAg,"The essence of manhood is the potential for fatherhood. And any masculinity disconnected from that is something a woman could also share. On Donovan's view, trans men are real men. This is deeply confused thinking.",0,0,0,
IAA0039,UgxWG7z-sxAj_mlnjTN4AaABAg.AVBzm_EQG-yAVCrAHOXPo2,Fuck believe women they lie about the sky being blue or not for Christ sake,0,0,0,
IAA0040,UgyGJQL7NgldprOXEEh4AaABAg.AVsOY-NcBROAVwgDLIqIfn,Today’s divorce courts wash their hands of any binding Judeo-Christian morality principles.,0,0,0,
IAA0041,UgwrYWKb0nvWWHBZDg54AaABAg,"TIMESTAMPS 0:20 Father's Day Opening 1:56 Reacts to High Effort Dad Video 7:09 If Jesus Returned Today 8:04 Dating Podcast Flirting Breakdown 9:23 Harmless Men vs Capable Men 10:10 Debate on Patriarchy 13:50 Female Incel Grocery Store Story 14:56 Third Date Password Discussion 16:16 The Gamma Male Example 16:55 Ranking Hobbies for Single Men 21:48 What Counts as a Real Hobby 27:02 Best Places to Meet Women 31:27 Burning Man Stories and How It Changed 34:19 Call In Show Announcement 36:31 Meeting Women Through Hobbies 37:24 Why Men Need Passions Beyond Dating 38:21 Effective Purpose and Religious Marriage Debate 41:03 Should You Convert for Better Marriage Odds 44:38 The Satan Church Marriage Thought Experiment 47:13 You Can't Negotiate Genuine Desire 48:20 Warhammer Gaming and Keeping Your Hobbies 53:00 Renaissance Fairs Shakespeare and Meeting Women 56:56 Never Give Up What You're Passionate About 59:50 The Nine Iron Rules of Tomassi 1:01:45 Why Men Lose Themselves in Relationships 1:03:01 Steve Stewart-Williams New Book Discussion 1:05:04 Mission Over Women And Male Purpose 1:05:51 Why Relationships Need Polarity Not Similarity 1:06:44 Stranger Things Dungeons And Dragons Discussion 1:10:21 Atomic Habits And Identity Building 1:12:01 Falling In Love With The Process 1:15:30 When Your Purpose Hurts Dating Success 1:17:22 Eddie Van Halen And Following Your Talent 1:19:08 Women As Dream Killers Discussion 1:20:13 Lessons From Rollo's Father 1:23:41 How Music Led To A Graphic Design Career 1:28:05 Stop Gaslighting Yourself 1:29:24 Follow Your Passions Or Regret It 1:31:11 Why Young Men Crave Structure 1:32:45 Patriarchy Is Dead Debate 1:34:05 Shame Tactics and Mental Conditioning 1:35:03 Purpose Identity and Falling In Love With The Process 1:36:03 Direct Game vs Indirect Game Explained 1:39:02 Mystery Method and The Origin of Direct Game 1:40:16 War Strategy Analogy for Dating 1:42:07 When Direct Game Actually Works 1:45:48 Social Circle Game Breakdown 1:48:11 Creating Events To Build Status And Meet Women 1:51:34 Father's Day Fatherhood And Raising Successful Children 1:57:37 Therapy Healing Culture And Male Self Improvement 1:59:50 How To Raise A Daughter In A Gynocentric Society 2:03:48 Dad Stories & Childhood Memories 2:05:05 HeroClix Tradition With His Daughter 2:06:57 Women's Hobbies & Dating Age Gap Discussion 2:07:39 Rollo's Art, Sketching & Creative Projects 2:09:41 Handling Family Complaints About Men 2:12:22 NoFap Discussion & Lifestyle Questions 2:13:16 Passive Dread & Talking To Women 2:14:32 Lessons For My Son & Not Looking Like You're Trying 2:16:45 Direct Game vs Indirect Game Debate 2:17:22 Speak Without Speaking & Natural Social Proof 2:23:24 Why Women Hate Try-Hards 2:25:42 Red Pill Critic Challenges The Panel 2:27:13 Hypergamy Explained & Defended 2:30:01 Marriage Rates, Dating Markets & High Value Men 2:32:23 Feminism, Masculinity & Richard Reeves Example 2:33:12 Hypergamy Misconceptions Explained 2:34:33 Can Women Always Trade Up 2:36:05 How Men's Value Changes Over Time 2:37:00 Aging Women and The Sexual Marketplace 2:38:03 Response To Anti Red Pill Critics (discussion of a social media critic and ChatGPT-generated rebuttal post) 2:40:03 Using AI To Debate Red Pill Ideas 2:41:14 30 Years Of Marriage And Red Pill Credibility 2:42:02 Andrew Tate And The Future Of The Manosphere 2:43:14 Handling Haters And Online Attacks 2:45:14 Modern Women And Sexual Commercialization 2:46:00 Cold Approach Questions And Las Vegas Dating Advice 2:48:24 Older Men At Raves And EDC Culture 2:49:42 Why Nobody Cares About Age Anymore 2:53:35 Fathers Work Harder Than They Get Credit For 2:57:39 Miguel's Father's Influence On His Life 2:59:19 Rollo's Childhood Surgery Story 3:03:04 The Only Time Rollo’s Father Ever Cried 3:03:26 Rollo's Father and Alzheimer's Story 3:04:14 Lessons Learned From His Skeptical Father 3:05:02 How My Dad Ended Up Marrying My Mom 3:06:03 Growing Up With Strict Discipline and Belt Whippings 3:06:33 High-Effort Dad vs Traditional Dad 3:07:33 Why Men Don't Need To Be Emotionally Available 3:08:49 Participation Trophies vs Old-School Fatherhood 3:09:43 Waking Up At 5AM To Work During Summer Break 3:12:24 Rollo's Real Upbringing and Family Background 3:15:06 Men Bond Through Projects Not Feelings 3:16:13 Why Frame Matters Beyond Dating 3:17:44 How Guns Helped Him Connect With His Father-In-Law 3:20:29 Passing Down Skills Through Male Mentorship 3:22:41 Superchat About Being Cheated On By A Wife 3:25:05 Upcoming Gary The Numbers Guy Debate 3:26:21 Numerology and Elite Power Discussion 3:28:03 Repealing The 19th Amendment Debate Topic 3:29:25 Reviewing The Debate Participants 3:30:23 Destiny Critic Admiral Gibbs Mentioned 3:31:55 Looking Up Pedro Avila And Other Guests 3:32:12 Introduction to TJR and Influencer Research 3:33:00 Searching for Austin Beck 3:34:07 Searching for Zachary Pawlikowski 3:35:37 Andrew Dunn Profile Review 3:36:48 Upcoming Call-In Show Announcement 3:37:52 Sean Kelly Digital Social Hour Preview 3:38:30 Repeal the 19th Amendment Discussion 3:39:35 Las Vegas Gold Party Announcement 3:43:00 Marriage with Monica Interview and Future Content 3:43:35 Father's Day Message for Men 3:44:59 End Credits and Outro",0,0,0,
IAA0042,Ugz_nIT7SRhNDtmrDk14AaABAg,The west was doomed when they emancipated their women and gave them the vote. It will not recover.,0,0,0,
IAA0043,UgzgMHPYEtzygbPfJAp4AaABAg.AVigx7VQOtjAVjCzU0jYCr,Exactly. They're all liberal. The only difference is to what degree.,0,0,0,
IAA0044,UgyLl7OAAx-59McCxhh4AaABAg.AUQoe957BwsAURMMEMCxIy,"Yeah, its almost like they don't actually want to solve the problem but instead just talk about it. As if talking about a problem and ""addressing it"" is somehow going to make it all go away. its all graft, clicks, maintaining visibility and content. post or die.",0,0,0,
IAA0045,UgxCjvU4vVhpY0Hbr8t4AaABAg.AVoDoBZRL0rAVofUCL1hKe,Its like they created this society of misery but nobody wants to be a part of it anymore so they think its their duty to force others into it because the Ego beleives it increases itself through attack,0,0,0,
IAA0046,UgyzS56PkRxLhmMjDzl4AaABAg.AY75soTD3uHAY7G7qxx8xk,@NarglioSnorglord-m3yUSA and western culture pedestalize women so much😂 and OF is normalized. Now guess how many men saw their sisters daughters mothers without clothes best case scenario in OF.,0,0,0,
IAA0047,Ugw0h34eTNKttDyFrNp4AaABAg,"She used to have a private audience of carnivores that she did indeed have behind a pay wall. Maybe use the internet archives to find it. What was she doing charging ppl $500 membership fee to learn how to just eat meat? Tate mightof put her onto that instead of just putting her on film behind his paywall. The Lion diet website looked a lot like Tate’s old site design around this time. I have watched her for 7 years due to being a carnivore. She has a completely different reputation over there in the meat only diet community. I remember when she launched her website charging $500 memberships. The carnivore community may not brush their teeth but they all bristled in unison bc it’s stupid simple to be a carnivore. Over there, she’s a hero just like JP bc they tell the truth about the diet, at least. Way before they were who they are, they were carnivores thru mikhaila. Carnivores blew her up from the start. That’s her army of human shields. It’s a very blue pill community even tho it’s a red pill diet against the grain of what’s normal.",0,0,0,
IAA0048,UgzI5pgBNCZDGeogEgN4AaABAg.9kFn6wdJ0YK9kFwJrktg4-,"*generally speaking in this modern day western society is overruled by the pseudo social media lifestyle, a radicalized feminism, and zero accountability for their actions",0,0,0,
IAA0049,UgxqQBOv20oDw8Ynx9l4AaABAg.AVCCsaRr9l7AVCtRsSQ2Ce,"They WILL if they know what's good for them... We are practically headed to CIVIL war, by the end of TRUMP'S term — and if we don't get a COMPLETE overhaul of the Laws and practices of this country... ☠️💀☠️ *This country* is _FUBAR!!!_",0,0,0,
IAA0050,UgyxFkr39ptiYJsDpS14AaABAg,"Rothschild central banksters. It was all a plan. Strike at the root, end the Fed.",0,0,1,
IAA0051,UgyCni84Lahb1WqMsLl4AaABAg,"Common sense answer, walk away. Focus on you. Don't get sucked in . Ya only live once. Trust me, youll get traded for ice cream 👍",1,1,0,
IAA0052,UgxtxKQvx7KcBbzx0IN4AaABAg.AXUWCvX2_61AXUZCSAZUki,"Stop voting, stop paying taxes. Only way to change this world for the better is to fully divest from the curse of Canaan demon political system, invest in your community, vote with your wallet, stand your ground and live via objective morality based nautural law. All else then you are complicit in your own demise.",0,0,1,
IAA0053,Ugy-x2wd1uAuUH2W2MN4AaABAg.AVihm68B3H9AVijViLXGkF,That wont happen til they hit the wall. Plenty of Chads will hit it and quit it into their late 30's early 40's.,0,0,0,
IAA0054,UgysGHBM91RtTrPL34N4AaABAg,"Two things: 1) Revoking the 19th Amendment would mean you American men would lose your vote. The Amendment was designed to allow women to vote, but as it is written, it simply protects the right to vote regardless of your physical gender. The rules would be turned around against you if you redacted the 19th, according to the wishes of the misandrists presented in your video. And: If you really care about your vote, because: 2) Voting makes no difference whatsoever. If voting made a difference to what the governance wants to do in their foreseeable future, voting would be illegal. Other power centres decide on in what areas USA are to be ruined and sucked dry at each and every point in history.",0,0,0,
IAA0055,Ugwrrt1FjdgzY94Dc014AaABAg.AVieEnHH7Z4AVilDZiy39_,"I worked in sales, and many times when I called on clients, I had my arms full of samples, etc. Women who were ahead of me going through the door would turn around and see me would just walk through the door and let it slam shut. Not all women, but the majority did.",1,0,0,
IAA0056,UgydHWlKphRlcopQRk94AaABAg.AY-LQmfOPrKAY-ZXQ_WnDO,"Good for you but, all due respect Brother, DO NOT MAKE THE SAME MISTAKE(S) TWICE... learn from your Divorce and don't fall back into some sort of Disney/Hallmark Channel ""Romance"" Fantasy... AWALT - or should I say ""All Women have the Potential to be just as vicious, cruel and disloyal as your Ex was"" and at Age 52, even if you're a Successful High Earner with Assets and good Retirement, you will not be able to survive and rebuild if you have a 2nd Divorce where you're raked over the coals by a vindictive Woman and her Attorney(s)... you'll wake up at 60 and instead of coasting into a golden and relaxing Retirement you'll be financially ruined and will have to work and scrape until you die. 50% of all Marriages end in Divorce and 70% of Divorces are filed by the Wife... 70% of all 2nd Marriages end in Divorce with 80% of those being filed by the Wife... if you do nothing else, talk to a qualified Estate Planner/Attorney and set up a Trust of some sort to protect yourself and your Assets/Money from an unscrupulous Spouse and/or Family and a drawn out Probate Process... GOOD LUCK and be careful out there.",1,1,0,
IAA0057,UgxJtZeEzgZW4WuzTAB4AaABAg,"13:42. -13:47 💯❗️”Land of the thief and home of the slaves.” Sit in family court and criminal court. Educate yourself. Guys go buy yourself all the toys be selfish because they don’t care, women courts the entire system is rigged against you.",1,0,0,
IAA0058,UgzyAGxd9i_KZplPuDF4AaABAg.AVPNopj39UnAVPluBt7MMC,"what's Ironic is their metric of success of how many DMs they get, how many likes they get, and how many eggplants they insert into their garden which all benefits Chad 😂. Simps need to stop marrying these women as they only marry for shelter and keeping a beta with child, again benefiting a simp with his low standards.",1,1,0,
IAA0059,UgwuYSFU0uWeW4ZoQyV4AaABAg,It's the GOVERNMENT that needs to hear this. The welfare black hole in the next 10 to 20 years will be huge otherwise.,0,0,0,
IAA0060,UgwJcV2aBsNx4O0HMa14AaABAg.AXfeNXIq3sMAXgDdLxqKgk,"Exactly...sadly younger men fall for the pretty face and figure, once you know you know.",0,0,0,
IAA0061,UgxmHOmMg-HpszhJIGB4AaABAg.9kDbIRqHNKW9kb01Tf_IzM,@Nobody I just never took women seriously if I had to be honest.,0,0,0,
IAA0062,UgzCgAGBRKnejxojprF4AaABAg.AWeNFtu8pTPAWeeS8NgglU,And they can't figure out that they're being passed around.,0,0,0,
IAA0063,UgxIsyrYKiTPZDTwaLF4AaABAg,I think what he’s saying needs to be said. He rejects the feminized pussification of men in our society. Keep speaking the truth brother!,1,0,0,
IAA0064,Ugxs9Kx5fUvSTv-HXzp4AaABAg,"That guy Justin brought nothing to the convo, he just distracted from the numerous interesting points Rollo was making. Once Justin admitted to having been raised by a divorced mother I immediately understood why he seemed so unwilling to hold women accountable for their bad acts with respect to divorce and instead white knighted by blaming the unidentified “they”, the shadowy sinister forces driving men and women apart rather than look at the evidence of the feminist wing of the left as a political lobby using mass media starting about 60 years ago to spread their Marxist false narrative of female oppression and successfully demanding things like no-fault divorce in the late 1960s and with that the associated creation of the mother-favoring family courts and Title IVd of the Social Security Act that gives the states federal matching dollars as an incentive to state courts to give mothers primary custody and levy high child support awards against dads who have done nothing wrong. Never mind the fact that children who do not reside in the same home as their natural fathers are 40 TIMES mote likely to suffer abuse or that statistically the most dangerous man in a child’s life is not their dad, but their mother’s new husband or boyfriend—about 100 TIMES mote likely to harm that child than his or her dad is. But, no, by all means ignore the actual evidence and the reality it reveals and just go with your “they” imaginary invisible dark forces puppet masters theory, Justin, so you don’t have to admit that Mommy was actually a terrible and selfish person. Guys like Justin who were raised by divorced mothers who have not taken the Stefan Molyneux route of actually holding those women accountable are just annoying and unprincipled. I have no idea why Rollo had this intellectual lightweight on as a guest.",1,0,0,
IAA0065,UgzKYJu3NWrF1l4wfOV4AaABAg,Thank you Sam Botta for all your behind the scenes work....Much appreciated.,0,0,0,
IAA0066,Ugxozjs-6scyHH67wTF4AaABAg.ASVaedJ2h0SASXAYPoQBWN,"You have the right to be OK with it BUT man SACRIFICING Life, Limbs and Freedom ISN'T EQUAL TO Woman being polite",1,0,0,
IAA0067,UgxxoEVtO7f9UAN5YCl4AaABAg,Much of my property is held by a trust which meant none of it is considered marital assets. After I got married the only thing in both our names was the house we bought together which we sold after the divorce and split the proceeds. She had no claims on any of my other assets.,0,0,0,
IAA0068,UgwbH5LiA-Q4YN4lIJB4AaABAg.AY-9RlfS-TjAY-KQqzEAOQ,"You're a target 🎯 Don't let any of them speed run you. Don't fall for the false tactics they'll lay out. Have fun with them, but do NOT move them in and do NOT marry them.",1,1,0,
IAA0069,UgzgkbBFgZPh72HvDYh4AaABAg,"If your ever with a Marriage Therapist and you tell that person a horrible story where your wife belittled you and Destroyed your confidence/identity and the marriage therapist acts non chalant about the pain, and asks you how that made you feel. This is what you do. Punch the Therapist in the Face and ask her how she felt about it. Simple. But, Maybe don't do that. However, if you think it, and visualize it, it's so satisfying.",1,1,0,
IAA0070,UgxGUl9xSfE1cWF05IF4AaABAg.AWAReGpneLtAWAmTEAfN1k,"@jelle6325Be wants women to be traditional, too. He's just naive to think that there'sa realistic chance of that happening.",0,0,0,
IAA0071,UgzS0iW34VPrN1qTYlx4AaABAg,"When it comes to women, believe half of what you hear and half of what you see think about it.",0,0,0,
IAA0072,UgzvQ_9XlPoS9LeV54B4AaABAg,"Hyper gamey is not a male behavior, so why are we getting blamed for it?...",1,0,0,
IAA0073,Ugye4MRsSQ93hZc1Bzt4AaABAg.AJBaUC6pkA-AJBz-8GKu7s,"They shouldn't be. It's the men's job, God's natural order. It might suck, but we all have our hard things. We have to wait patiently to be asked out & face rejection if we are seldom or never pursued . You have to face rejection in pursuit of a woman.",0,0,0,
IAA0074,UgyEixjWAU4X0IMSB0J4AaABAg,He is right. Men that are classy and bold get attention.😊,0,0,0,
IAA0075,UgzC_wMA4xl_Eev9tV94AaABAg.9nt8COuPsrm9oEfiWkdDo9,Oh God he said alpha 🤦🏿‍♂️🤣. Fellas alpha male among humans are billionaires and millionaires. Everyone below that are betas. This alpha male shit is not a real thing and if it was you wouldn't have to call yourself that. It's cringe AF. If you're not the top 1% you're no alpha by definition and by the new definition you incels created you're still no alpha. Women know a weak man when they see one.,0,0,0,
IAA0076,UgxAa2EUOJbO_NGqfQd4AaABAg.AXtIjXCjJAQAXvbDlyU-Qs,@Rockman796technology just allows us to spread the word farther. It also doesn’t hurt that we are in the midst of the biggest bull run in the history of markets. There’s another side to that pancake though.,0,0,0,
IAA0077,UgxzWZG0fUMNJpe_xP14AaABAg,"Men beating their wife and children, not working or always coming home drunk That might have something to do with all the violence. Please don't blame women for the violence in the world. A woman who leaves an abusive man has to be both Mother and Father.",0,0,0,
IAA0078,UgyuQpBTeGGXPdl3g1t4AaABAg,Theroux is a typical dishonest BBC journo. He's just enforcer for the system.,0,0,1,
IAA0079,UgycaxDuRy-ibaKLWsx4AaABAg.9ldA_ocXdgW9leFD7yt_z_,"@bobbruce4135 money is important in Asia, but women are a much higher quality, usually.",0,0,0,
IAA0080,UgySDSWw8Mz9tBw3JXx4AaABAg.AVRi41u3y2GAVVro5gg-in,"There was an episode of Survivor that pitted the men against the women. The men had shelter, food and heat they built for themselves while the women were on the verge of starving. They only managed to hang on when some of the men helped them out, then they promptly voted the men out when their purpose was served.. tells you all you need to know.",1,0,0,
IAA0081,UgyzrN22I1q9H7chT_V4AaABAg,Love your program man I have a question After ten years even though you've signed a prenuptial agreement isn't that prenuptial agreement worth a lot less. Doesn't the prenuptial agreement devalue overtime. Like California prenuptial agreements have been known not to hold up in court. Especially over time. Anywhere in the country if you've been married for a period of time let's say 10 to 15 years that prenuptial agreement doesn't hold as much value if it was one year or two years and then you got a divorce. Wouldn't it be smarter not to get married I have a farmer friend who owns lots of farmland He's not married in the state of Tennessee. He has a cohabitation agreement and legally she can't get a dime out of them as long as he doesn't marry her. In the state of Tennessee. You're not legally married unless married by the state. A lot of states you can't live together in a lot of countries you can't live together California if you live with a woman for 10 years you're legally married. So you really don't want to live with a woman in California for any real period of time. Separate houses You don't want her keeping Her tampon her tampons over at your house stain over for the night You don't want any of that in California. Love your program man you're a genius. You give great advice dave Ramsey is out of the Scott and picking mind on a lot of stuff he says. This guy is clearly Super intelligent with $20 million driving a super old vehicle nobody suspects anything. Well the way I understand the law in some states he's already gotten engaged which violates the prenuptial agreement. She could claim that she was under duress when she signed it because they were already engaged this is a whole mess he's got to forget this woman and have nothing to do with her he approached this in the wrong situation. He doesn't need to get married. This is a bad deal walk away from this deal. If you're going to get a prenuptial agreement you have to do it before you get engaged you can't mess around with this woman you gotta walk away. She can claim she was under duress she was pressured because you'd already engaged given her an engagement ring. This is not a good deal walk away,1,1,0,
IAA0082,UgwnHykDpZJfkafJl8B4AaABAg.AV_6YE0egleAV_z9C5pecR,"However, technically a lot of married men with kids are indeed incels. Once the woman gets the access to the money and gets the kids she wants, she turns off the bedroom. I was an incel for 6 years at least as a married man with kids. But I get your point.",1,0,0,
IAA0083,Ugy4o-gn3FdaR8lmMt54AaABAg,"Traditional conservatism is the same as feminism, i completely agree. Or atleast that the end result is the same.",0,0,0,
IAA0084,Ugw1QIUoesBmFRCleat4AaABAg,Stay single gentlemen! The beast is hungry and thirsty! Wants your blood and soul 🤕,1,1,0,
IAA0085,UgzMfOQhY3t3hNGE-ol4AaABAg,"And now we know why ""back in the day"" men went out for a pack a cigarettes and never came back.",0,0,0,
IAA0086,Ugz7VbIJr6A9ZmrHjHt4AaABAg,Dudes who aren't the alpha archetype got a lot of correcting to do 😂,0,0,0,
IAA0087,Ugxz0Eux0XTMwdJWq0F4AaABAg.AWw5p256g_eAWwHcgZGUiU,"Also, she wasn't impressed by the chihuahua's bank account. She can't love a friendly, joyful, adorable puppy if it isn't loaded with tons of money. Also, she doesn't want babies because babies don't make $100k/yr. She says, ""Ugh, broke dusty babies are so cringe."" The 2026 female nurturing instinct Sir🫡",0,0,0,
IAA0088,Ugw5q_t859Iv2oUo1nt4AaABAg,"This is why I'll never get married again unless the laws change, and let me tell you something, if a judge threw me in jail because I couldn't make my child support that judge wouldn't be on the earth anymore.",1,1,0,
IAA0089,Ugw5ysgsVfPZMCk3LDF4AaABAg.9ckggQi0yxr9criqlLK6sk,"@ItypedwhatItyped Even in your statement ""its a false teacher taking advantage for his own sick sexual pleasures"" is a definitive, emotional statement which you have no hard proof to back up. That means you are willing to destroy a persons entire life and",0,0,0,
IAA0090,Ugy9NvDTicpj4tyniw54AaABAg,Men who marry women who aren’t virgins are out of their mind. You’re handing her a loaded gun to put to your head.,1,0,0,
IAA0091,Ugw4ji-iFce1bC6S3Tt4AaABAg,"“A real alpha man isn’t loud or controlling—he’s calm, disciplined, and grounded. He leads with respect, speaks with purpose, and treats everyone with quiet strength. A true alpha is, above all, a gentleman.”",0,0,0,
IAA0092,UgwzxZzykyJtntaNvqR4AaABAg.AXfneIZjPRPAXfxRgl4J10,Sorry but you need to hear this: she never really loved you. Most women see men as a wallet. My wife would be out the door in 2 months if I lost my job.,1,0,0,
IAA0093,Ugw5zxLsWQ4TXejCtXN4AaABAg.AVC0fnQYUe3AVCDx75piLK,"I have a friend who is a lawyer from NewYork. He told me that the divorce laws in NY are so insane that no man should ever consider marrying any woman over there, even having a kid over there will feel like a bumb phuck without lubricant.",1,1,0,
IAA0094,UgzHe8eUoRTaRO26Mix4AaABAg.AIudetcWxpZAK_eB1LEBYp,I've always been pro gender equality and against traditional sexist double standards but after seeing what women are doing with all the power they're given it makes me think maybe patriarchy was for the best.,0,0,0,
IAA0095,UgxESREXoPWCSkKZgA54AaABAg,Dating strippers is not a positive thing to a male. Sure it is fun but you know what you are doing is just fun. Dating a waitress she could be more than fun. There is a difference.,0,0,0,
IAA0096,UgxQOBBhmrf2ThUupSt4AaABAg,This type of corruption is rampant all over the world and perpetrated by globalist bought and paid for government officials.,0,0,1,
IAA0097,UgySbsrB1N_8PAEVvJ94AaABAg.AXhhIqJbyFYAXvhlOVHTKH,She wasn't able to cash out on the first divorce.,0,0,0,
IAA0098,UgyVp_RrBRMU4Bpe1nt4AaABAg,"If you want to become important to her! Behave. Be nice to her... High value women don't ""react"" to drama or ""fake random dudes""!",0,0,0,
IAA0099,UgwdxvTK4SRbTw2pdnF4AaABAg,If you let them talk long enough they will tell you everything you thought was shaking behind the scenes! It’s a reason BIG GOD gave you two ears & 1 mouth! You need to LISTEN twice as much as you talk!,0,0,0,
IAA0100,UgxkdfN_GkNsRzXyx6B4AaABAg,"Never get married. It's a government contract, nothing to do with God.",0,0,0,
IAA0101,Ugx15kMOmCiffgj7iyN4AaABAg.AVxiVO1KFJTAVxmo0ckN66,"Bayta Bailouts, ATM, wallet, etc. They're ALL looking for a better Bayta Simp to fund their worthless life",0,0,0,
IAA0102,UgwzTRduo3Qz6Eqh0-t4AaABAg.AVos89-FukLAVpAphqHDkd,"@ZonarFubarski I understand the sentiment. I used to be that way. I just don't care anymore. If people hate you, good, that's how you know you are on the right path. ""If the world hate you, ye know that it hated me before it hated you."" - John 15:18",0,0,0,
IAA0103,Ugy-Eb1uhI5JK6oIHD14AaABAg,"Preach. Guys couldnt stop simping if their life depended on it and ""rp"" women lure them in by telling them what they want to hear.",1,0,0,
IAA0104,UgxGC6lnYSN6Ti08gR54AaABAg.AY4jsF36_JyAY86uhL-Muy,The next beta male who came along after she left a fiancé did. That's how plentiful betas are!,0,0,0,
IAA0105,UgwKjmmAfG9iWVF32HF4AaABAg,"Truth. I spent many years in a sexless contentious marriage with a miserable woman. It wasn’t until things finally fell apart, and I found the red pill (and Jesus) and purpose before I transformed into a new man. I won’t make that mistake again.",1,0,0,
IAA0106,UgzeowHLDEQ7AzUV-Rl4AaABAg.AX5XtwarokhAXKpB4zIKvL,"I remember it being reported he let 85% of staff go. He mentioned that ""it's amazing how few people you actually need when you are NOT trying to run a political activist organization"".",0,0,0,
IAA0107,Ugy-SVqr6-fBX9SMoSx4AaABAg.ARu4IF5hsB_AS87VoSctIY,"Most pick their fights; anyone can do that. Violence is always 9x out of 10 political(social dynamics), and also all about leverage. Going by today's atmosphere are going pretty well; showing life and rights do not exist and the humans are mainly deceptive and hypocrisy...evul is king, so what left for the world? Fathers matter? So what then if they get sent to war? Do they? Do they really matter? Do Men really care about other Men? What end really remains here?",1,0,0,
IAA0108,UgzMWVFyJru8tvm5eSJ4AaABAg,"I agree with most of what rollo says except the concept of good times creating soft men and soft men creating hard times I don't think it's talking about technology more like human nature since people are inherly lazy in general its only natural for people to let there guard down during prosperity which would creat the ""hard times"" or problems which would make human work on the solution fix it and then a couple of years later drop there guard which would continue the cycle over again",0,0,0,
IAA0109,Ugy6saGucgAzTdWsSKN4AaABAg.AXUN0tgKL4SAXURXIhmISN,"@TisiphonesShadow boomers as a group _are_ primarily responsible for the mess we're in. As a generation, they own over 50% of America's wealth, _and_ they're the only generation to have had a better quality of life compared to every generation before them",0,0,0,
IAA0110,UgxsRLDFv6YlyQ0JRTp4AaABAg,Then brothers need to stop leaving their women after they knock them up.,0,0,0,
IAA0111,Ugzm8INOcSN_VulgPUR4AaABAg,"The real problem with alpha widow is perception, it does not matter if you are objectively better than the alpha bc women care about perception and emotion, In that story the guy didn't even kiss her and she was pinning for him while another Steve married and had kids with her, same with titanic jack was a ons against a life of luxury, kids and grandkids... yet in the end women choose based on emotion not reason. The other guys could be shorter, broke, small d, fat, junkies, etc but women pair bond so sstronglythat no amount of proof is going to convince them otherwise, look at tom Brady he was cheated on by an alpha widow with a guy that was worse in every metric but made her feel things.",0,0,0,
IAA0112,UgzSVhnvY_OdOcbEf4l4AaABAg.ARgf_sAoajrARh-b27IRR8,"@TheUnknowgetting up in my face/personal space, any type of touching, or spitting are my green lights. Otherwise I’m gonna just ignore them. Trolls and rage bait isn’t just online. But they can Enjoy! just stay over there.",0,0,0,
IAA0113,UgyvdU-Keeo-PuUB8ZN4AaABAg,"Men need to boycott all dating apps, women can date themselves.",0,0,0,
IAA0114,UgyQPOgEPexfeW2woCZ4AaABAg,Government promoting a political philosophy instead of the rights & freedoms of its citizens. -Matt’s dad,0,0,0,
IAA0115,Ugzgr2vUYpWbx4VhACh4AaABAg,All by design but we don’t have to follow the plan. Be strong men,0,0,1,
IAA0116,UgzHaETg7niDwqLL7Hp4AaABAg,"Well, mommy needs to have her boy taken away from her and he put under full custody of his sane dad.",0,0,0,
IAA0117,UgzMtc44wLsw-6cWuGN4AaABAg,See I hear something completely different. I hear the relationships been going on for two years they finally passed the line for common law marriage and she went to go look to see who owned stuff so that she would know what she could take. And then blew up when she found out that everything was in his brother's name. Dude was right you don't go looking for that stuff on accident I don't even think she was looking for a reason to be pissed I think she was looking for a reason to walk away and get a paycheck when she did it.,0,0,0,
IAA0118,Ugx0Q9APawiZOupmmed4AaABAg,"Oh ok- didn’t realize this was one of those ""the world is against straight white men"" things. Glad I found out in the first vid. Cheers.",0,0,0,
IAA0119,UgxeVLlGeQf2EComKyl4AaABAg,"[Kirk to _Enterprise_ . . .] {Aye, sir . . .} [Beam me up, Scotty, there's no intelligent life here.]",0,0,0,
IAA0120,UgzbvoJxg4CJC9cJ37t4AaABAg,Q&A timestamps: 44:00 - basic-bitch conservatives co-opting masculinity 46:02 - how to combat globalism 50:18 - Vox Day's social-sexual hierarchy instead of basic alpha-beta binary 52:10 - cultural variations of the tactical virtues 55:44 - existential vs ideological battles,0,0,0,
IAA0121,UgwF_6Fve2e60tzCRYJ4AaABAg.9kDnqPQrfvF9kYcXv8LMSP,@joseph6243 I would argue that the fear of educating women coupled with the violence to protect that view qualifies as toxic masculinity.,0,0,0,
IAA0122,Ugx5gGgeYApLc5bbT4Z4AaABAg.AT6G9ViMO57AT95X3VWQTW,Dude being a cheater is bad he’s talking about having options which naturally puts you in an abundance mindset and women can tell when you do by the way you act. Now by you acting like an asshole to girls is way different to what he’s saying.,0,0,0,
IAA0123,UgzHIlCiRjWaDL7zXSh4AaABAg,Holy shit. And there's really men that are still considering marriage? Bring. Back. Shame.,1,1,0,
IAA0124,Ugzq7aSA-_VKBeKImX94AaABAg,Timestamps 0:00 intro music 1:30 intro video 8:00 Your Tinder Insight 13:46 Topic & announcement 16:50 80/20 rules 23:42 R.P.V. science 27:55 Debate Destiny 32:32 Just pearl chat 34:48 CGA & Hafeez 36:17 Destiny & Jack Murfy 38:17 Ovulatory Shift 38:27 Announcement 40:20 Rollo would not win a debate against Destiny 45:06 Crisis of replicability 41:55 Hater Show 42:23 Ovulatory Shift & Crisis of Replicability Stats 43:40 Red pill & Mainstream 44:25 Secret Service Report 01:02:37 Do Violence video games create mass murderer 01:05:45 Feed them fear & sell them security 01:06:10 Representative of Red pill 01:07:40 Virginia courthouse 01:08:15 The second set of Books 01:09:15 super chat 01:21:06 Single Mothers elective 01:34:05 The 4 Laws of Behaviour Genetic 01:51:10 Autism 01:52:10 Super chat Trans Autism 01:57:00 FTX crossover between Red Pill & crypto space 01:58:00 Super chat 02:00:03 Rule Zero Richard Cooper and MLD 02:06:47 Super chat 02:08:28 Bookmarks Data Stats 02:13:36 J.P talks of man and woman are same 02:15:03 Promiscuity How it's effect women 02:17:53 Poly society are higher in violence 02:19:28 Super chat 02:26:03 Announcement 02:34:38 Rollo explain 02:44:25 Super chat 02:48:10 Reason why I don't tell this stuffs 02:50:43 Update upcoming Shows 02:53:01 Tim pool video clip 02:54:09 Intro song & Outro song 02:56:03 Tim pool video clip 02:58:33 Tech issues 02:59:22 Audio fix 02:59:33 Stats of single unmarried woman 03:00:56 Agenda of keeping woman single 03:01:46 Tim pool video clip 03:03:26 Class in Session 03:06:54 Tim pool video clip 03:07:23 68% voted Democrat 03:09:00 if you want to save the West from moral Decay 03:09:36 Crossover 03:09:56 Tim pool video clip 03:10:09 Take more responsibility 03:10:35 Tim pool video clip 03:10:55 60/40 03:11:23 Students depth forgiveness 03:12:29Tim pool video clip 03:13:03 It's about abortion 03:13:20 Tim pool video clip 03:14:55 Physical Prowess 03:16:24 JP on Marriage Daily Wire 03:17:58 Why mainstream media wants to have this conversation 03:24:47 Destiny & Chriss Williamson video clip 04:30:33 Super chat 04:30:57 Hollywood update 04:36:24 Patreon Meeting 04:37:49 Super chat 04:38:41 outro music,0,0,0,
IAA0125,UgwuNrTtMzJkvGVkTPh4AaABAg.AXsbm8L0TWrAXsnmzwtvha,"Keep her guessing——-if u put a ring on it ——-it’ll stop. 10,000 men say so.",0,0,0,
IAA0126,UgxDPeMCDQnTWpmZiQB4AaABAg,"I believe facts and proof, not feelings, regardless of your politics. But, like usual, we'll likely only get conjecture, hearsay and feminist spin.",0,0,0,
IAA0127,UgyZLiKiVOqo5lFSAJd4AaABAg,Todd Lee is great! Very much a “do more with less” philosophy,0,0,0,
IAA0128,UgyIY7z1BiZgxWas06d4AaABAg.ATPlMQ0j4W6ATTE9rMXkns,@Edgeofdavid yes but Rich's advice has very little value to the every day man. Do you see yourself maintaining 2 households and paying for double the cost of living just to avoid marriage? It makes no sense.,0,0,0,
IAA0129,Ugyg0nJoFLeWf6gDHul4AaABAg.AVsdmhFp9RWAVsvE4exrcR,Put them all in the Deep Freeze for an in case of emergency break glass situation like that Stallone movie. Which I will remember the name of after I hit post.,0,0,0,
IAA0130,Ugwg6L0rr2WT1h8NV9l4AaABAg,I don't do that I tell women off if they are in the wrong.,0,0,0,
IAA0131,UgyeRmutUIPR9-eTtqd4AaABAg.9kxNuyq4ozO9kxOEsjRZac,"You knowingly follow weak beta males, hiding behind a monkey avatar on Youtube, living with yo mamma, and yet you wonder why the world is burning down.",0,0,0,
IAA0132,Ugw7sco7M2gIzHFhItZ4AaABAg,"I once had a coworker tell me she didn't do one-night stands before marriage, and then proceeded to tell me that she had them on back-to-back nights one time.",0,0,0,
IAA0133,UgzrqT-jFWK4V8yXZ-R4AaABAg.AUTTagQDXBwAW8ckPmBM6W,"It’s not even about divorce rates. Look around how married couples are doing. How they life looks like after second children. How your parents generation had it. How some SAHM want suddenly to be around you and touch your abs. Marriage can be awesome, mediocre, ending in divorce or being a living in quiet despair. With most women your only leverage is to be your peak. For most guys that is now enough. Bar isn’t so high. Then you can have your awesome marriage. You can also have awesome life without a marriage then. Even better if you play it well, you don’t loose any power to some laws. There is also missed opportunity. Some women will not want to have child with you or stay if you don’t marry them. Ok. That’s their choice. You have your own. There is a question what do you want. A question surprisingly hard for many men.",0,0,0,
IAA0134,UgwpqWn5_LIZQR1jcdJ4AaABAg,"Piece of advice: if someone claims to be in the Manosphere and wants to sell you something, stop watching and call them out as grifters!",0,0,0,
IAA0135,UgyHLB1y1SFokmQUkGl4AaABAg,Not worth it just walk away,0,0,0,
IAA0136,UgyiQ8pcv_pN_oSjVQZ4AaABAg.AQkw7TmWmAsAQmmwToO_iF,I have read about the shortage of blue collar workers. Perhaps the exclusion of men from higher education was supposed to fix this shortage by rerouting them. I also guess that removing migration restrictions was supposed to fix it too. The media shaming men failed to make a difference. What will they think of next? I have a solution: deport every liberal woman from every western country to Afghanistan. I'm retired and I would return to work if this happened.,1,1,0,
IAA0137,UgwcEn-hOM9_S8D6hlp4AaABAg,"When they say ""I don't know why I did it"", they know exactly why, they just don't want to say it",0,0,0,
IAA0138,UgxSXAAoATEhPYytIrp4AaABAg.AV6ksaHK2HlAVg4c4ns0tA,Men don't have less or more rights. Women don't have less or more rights. We live in a society where both genders have equal rights.,0,0,0,
IAA0139,UgxbLrP3Wr2CwNYR2Kd4AaABAg.9YnWHmLCE9Y9Yo24rX8J2Z,"Whether ppl agree with this speakers msg or not, the reality is there is a rising trend in men choosing to walk away from women, especially in regards to marriage and long term commitment. And it's no longer just the undesirable""incel"", but men of means,men with looks and those with status. With the popularity on YouTube with channels like Kevin Samuels/ Fresh & Fit/ Coach Adams, men of all races, ages and economic class are consuming this info and agreeing with most of it. So the more certain ppl seek to villify, chastise and dismiss men, the more men are driven to these spaces and that should be alarming to women.... It's your choice ladies, either we hash things out or y'all go your way and we'll happily go ours✌️",1,1,0,
IAA0140,Ugx_8hGAh8EPHNNnfs14AaABAg.AVbDXkxgeTaAW0A3zozyR4,Feminist propagandists abound in Australian media. Propagandists parading as journalists.🇦🇺,0,0,0,
IAA0141,Ugy6uMBV0pQAHYKg4sp4AaABAg,Love the truth Rich. Keep it going. Hope more and more young men get this and are smart about it. Peace!,0,0,0,
IAA0142,Ugy84kfsVVtX9i09H7d4AaABAg,"The issue of single man incomes is that prior to 1940's the taxable income was significantly less. From around the end of 1890ish we've added income tax, consumption tax, stamp duties, import duties, corporate tax, retirement funds (a form of tax because x, y, z won't have retirement) etc. A man earning $100 in 1900 took home around $100 after taxes. A man earning $100 today takes home about $30 after taxes. For example, in Australia we have 10% GST, median income tax is about 32%, retirement 10.5%, stamp duty 3-4%, import tax (it's like 10-20%), corporate tax (30%). Income and retirement reduce an individuals income so $100 becomes $57.5 after tax. Consumption taxes increase the cost of an item. So something that costs $10 becomes $10 * 10% * 30% etc. Just from corporate and GST you have $10 becoming $14.30. This all assumes no improvements/innovations but you get the point. That means in 1900 if after tax income was $100 and taxes didn't exist, you could buy 10 items worth $10. Today, you can only buy 4 items. If quality of life has improved, it's because of innovation. By adding women to the workforce, they decreased the cost of items (i.e. more goods produced) however this allowed the government to collect more taxes. When the additional taxes weren't enough, they increased the taxes. I'm probably wrong on the math but the point is still the same. The enemy to single male income families is governments and ever increasing taxes, not women in the workforce. However, the opportunity for infidelity is strongly tied to women in the workforce so that's something to consider.",1,1,0,
IAA0143,UgxsXi0wH7mT85-Ns5d4AaABAg,"Mgtow man! It totally solved All MY PROBLEMS!!!!! I have been MGTOW now for 24 years and it's the best thing I've ever done for myself! I'm 59 and I'm done with women. I suggest that young men chase success and money. If you must, buy a lady for a night. To scratch that itch. If you really want a family, go overseas. But your best bet is to just day single and buy an escort when you have to have a little affection and pleasure. Stay safe and stay strong my fellow gentlemen!!!",1,1,0,
IAA0144,UgxsAcLX1sSFKH3lIFh4AaABAg,""" women don't care about the struggle, they hang out at the finish line and fuck the winners"" --- Cooper-- No one is coming to save us guys... stay strong.",1,0,0,
IAA0145,UgxRqXFhAyIkuVUaNkt4AaABAg.AUs_HGeQuJEAV8EQGY4eWN,Men maimed and murdered in war... Women suffer due to lack of men... Actual article from Ukraine!! Unbelievable!! 😢😮😮,1,0,0,
IAA0146,UgxBmH17u0dDzs4E8oF4AaABAg,"vulnerability is for those who cannot hurt, those who fear being hurt. But one question.. what about the men who are afraid of hurting others? what about the sickening bad conscience of these men who are strong or wish to become strong enough to protect and not only destroy, but create? for these men, is their warrior spirit and strive not enough tears to promise the future? yes! I love you men who are warriors in spirit or in intellect, for your embarrassment of crying and tearing up, society does not understand that your flow is deeper than the many ebbs, as Nietzsche would note. yes, vulnerability is for the weak who wish to remain weak, but what about those who wish to become stronger, freer, or more gentle with their understanding due to intellect to make everything clearer, or of the artist men whon wish to make life more beautiful? to you men, vulnerability is disgusting for a good reason. Even with your fellow brothers and mentors, you still blush at crying, but other warriors in heart and mind understand, because the overflow is strong. let my tears promise the future, and only that. I do not seek to stop being afraid of getting hurt, no! we free spirits seek to no longer only be capable of hurting, but to do so we must hurt, we will be seen as evil in our modern time, once innocent, then our conscience telling us that we are monsters.. fine! let us become monsters, experiment with careful speed and power, so that we may find each other, and share our solitude not by crying, but by sharing our joy and freedom from any resistance that truth gives to us, that we must overcome. Truth is not only something to endure, but to overcome! I saw here more empirically and with less prose; let us share more joy and solitude than misery with each other, share experimental findings more, and make good art based on our research for the more intellectual, for the less intellectual, let your honesty be an experiment, to yourselves and others, let it help you find something genuine, not be genuine, but something genuine-a perfect answer that has no words to your life. One other question on my mind: Are men's tears something completely different from a woman's tears? not emotion, but the physiological impulse of crying? Are men's hearts ever truly seen? it is almost like a ruse for women to see physiologically, even the most kind woman will think, "" Where is the heart I wanted? I wanted Spider-Man's heart, but I now see Peter Parker's heart. Men cry because there is no one to protect them, of despair, that no understanding is reached, and women may cry because what they protected has vanished or has been taken away. This is what comes to a woman's mind, not that they are disgusted by a man's tears, but that the heart they wanted is all of a sudden gone and not in sight. Men who are more refined in love mastered the ability to show them Spider-Man in a light more beautiful and gallant, so that the woman forgets completely her despair. Tears are matters of the heart; all insight and understanding are the summed up lamentations, laughs, and esteemings of the past, (tears of joy, sadness, and of seeing beauty many times) are summed up into an understanding, but where does understanding and insight come from? yes my friends, errors and regrets, which are tears of the past. even in science this occurs, my friends, but no artistic expression is given to these errors and insights until after. so my really artistic and scientific question sums up to this: IF tears are the outcome of not understanding- of distress, that what we sought for is gone, of despair; then why do we think letting men cry is good? to never let them find answers and understanding.. is this disgusting pity not a way to chain men into something comfortable? Is our pity and desire to make men vulnerable, not the desire to give comfort to men? if so, why not provide endless hedonism and food for all men in distress? why not take it up a notch? because?... yes, all men would end up disgusted at themselves, and come to hate vulnerability, or the religion of comfort.",1,1,0,
IAA0147,Ugw7QK6fRLzcjSvdk1V4AaABAg,One of the big issues I’ve found in workplaces is that they mistake complaining and yapping all day as ‘working hard’.,0,0,0,
IAA0148,UgxEDCMBEJipuV0ccnd4AaABAg.9epi4FF75x29erLfJG4ypn,"Men has always been the butt of the joke, from jesters in the courts to modern stand up and in scociety in large, no one take a crying man serious he becomes a joke, women tells men to show a softer side but when they do the women leaves, women have been pushing for ""male priviliges"" but none of the resposibilitys or down sides, males have always been seen as desposible thats why the saying goes women and children first.",1,0,0,
IAA0149,UgySbsrB1N_8PAEVvJ94AaABAg.AXhhIqJbyFYAXsaxxU2fwE,This is what callers do on the Ramsey show all the time. They play the innocent victim and spew this kind of nonsense because the hosts have no critical thinking skills and just eat it right up.,0,0,0,
IAA0150,Ugz4Oz3ZDQ0DioBS30F4AaABAg,It’s not just her that would leave but everybody around your life will slowly fade away as well.,0,0,0,
IAA0151,Ugzi6_CsEn78C5HvSAF4AaABAg,"So true, people post family pictures like they are so happy, but behind the scenes, it's a horror show. Fake, fake, fake.....",0,0,0,
IAA0152,UgzELknvAjasHbmuLG94AaABAg.ATM9Z6X9NdnATMbwKPCQM8,"Total U.S. Black population (2024): approximately 51.6 million Chicago's Black population: approximately 743,000-757,000 (based on recent census data) Percentage: roughly 1.7-1.8% Chicago represent less than 2% of the black population in the US. We need to grow our thinking. That is a loud ass minority. That does not represent us. Extrapolating Chicago-specific (or any obvious fubur hood city) observations to all Black Americans is statistically invalid and perpetuates harmful stereotypes.",0,0,0,
IAA0153,UgzoN4CgXqIrK7E7rpJ4AaABAg.AXmEV-1Jo7NAXp1M2ycVBj,Nowadays they can say whatever they want out in the up open with no repercussions whatsoever. The globalists win again,0,0,0,
IAA0154,UgyCoM27LuT57A-MMw14AaABAg,Simply writing comments won't do. Please donate. I did. We men need to stand up for other men and support them,1,1,0,
IAA0155,UgwxQ2qLoZi59oDt_5Z4AaABAg.AUtK_y6-BHDAUwWaIYBEuo,I agree with you but that’s what they want . They want you to stop reproducing and it’s working just take a look at the birth rate in western countries for White people. It’s not the only factor but this rift between men and women is a contributing factor. The world we live in is no longer the same in any shape or form as 50 years ago,0,0,1,
IAA0156,UgxyWu2AS8E62xuEC3x4AaABAg,I think marriage and relationships are Political in structure. Not about what we see in government (Left vs Right) but the general raw structure of male and female dynamics are always political in nature.,0,0,0,
IAA0157,Ugxbv0nC2626NLaa-Tt4AaABAg.9kq0OImuenX9z5PtCkcRqc,"You're the beta. He made some good points. He's a mature man, and you are a 15 year old teenager who has lots to learn. @calebhapeta8553",0,0,0,
IAA0158,UgyqIABV_dHLUPdazcN4AaABAg.A2aou4a-SuqABCEEKx5KD7,@ exactly! But the parents were looking for signs in their children right from birth because they’re religious. Here’s the parent’s logic - many adult HSTS/AGP men claim to have worn women’s or girls clothing from childhood and that it was a sign of their,0,0,0,
IAA0159,Ugzi7bh4fSgdIcTrCK54AaABAg.AVsd-j56GZHAVssmEQcVT5,Dont get married and then divorce grape cause you really going to hate your country.,0,0,0,
IAA0160,UgzQFvhg7w7k8Hn7-Mp4AaABAg,"WHY would any Man respect someone else thar flexes about how successful they are? When without a Federal law and enforcement of it, they would not have that cushy job to begin with.",0,0,0,
IAA0161,UgypqT5IV2Kkc-i2-AZ4AaABAg,"Okay that guy her manager was talking to is so soft, such a flamer. No idea who he is or why anyone would care about him but damn he is soft AF. Is that what these young girls are supposedly into now?! Also I don't understand why anybody would give a damn about any of this stuff or what Brett Cooper does or says. I can't think of anything that matters less. Oh and by the way, that intro song was badass! Rolo, much love for you bro but this topic is such a waste of time lol",0,0,0,
IAA0162,UgwaED9H-rn4Z78Br_h4AaABAg,"1:36:03 always makes me tear up... Love you guys, much respect",0,0,0,
IAA0163,Ugwiqh1uPQpnF-ZLuP94AaABAg.ATI0eNkEpveATISDakMVvP,"@RolloTomassi you're red pill 101. The PTB want the genders at each other's throats. The PTB want men to see the true nature of women so they'll back out of the dating game. This will bring down the population, as they clearly stated time and time again,",0,0,0,
IAA0164,UgwdrBw7zp108boifdx4AaABAg,Mainstream media just wants to take over and shape the narrative for their needs instead of letting red pill independent thinkers cause a ruckus,0,0,1,
IAA0165,UgywB_Be2tJq4j5X1E54AaABAg,"Exactly cheating as a woman is way worse than as a man. But 99% of the public backlash is on him. Not to mention that if her husband wants to divorce her, he's gonna clean out his family wealth cos he's the successor of one of the richest families in Boston or sth. Women cheat freely nowadays cos there's absolutely no repercussions, unlike just one generation ago where they're shamed by society or even their own family for doing so. When you incentivise cheating for women guess what happens?",0,0,0,
IAA0166,UgyhjiCQzsCXX7iwgJN4AaABAg,These sites need to be erased. Until women hold false accusations accountable. We can believe accusations are real.,0,0,0,
IAA0167,UgzDwoA05axRDZetAKB4AaABAg,2:30:00 Rollo has presented the argument for women not being allowed to vote. He's just not quite there yet.,0,0,0,
IAA0168,UgxGVey4EIPu9bHcQK14AaABAg.ARWAkMR06vjARWYPbkzsF7,"If we made selective service registration a requirement to vote, it would basically have the same effect as repealing the 19th amendment. The vast majority of women would refuse to put themselves at risk, solving that problem. It would also eliminate male voters who don't pay attention, don't know, don't care, but would normally vote anyway. I think this is a much more realistic option than repealing the 19th amendment.",1,0,0,
IAA0169,Ugz7xHJYKFHw5QwYiMh4AaABAg.AWeqNq23Ep_AWhTVaKKxZo,@randomguy5704they will force you to work at gunpoint in order to fund women,1,0,0,
IAA0170,UgwOxfrpB0OnJ65dWJZ4AaABAg.APJo1Pm1H3cAQ-WuUxmEFQ,"Yea protecting an ""alpha male"" who tells men to dick down literal whores",0,0,0,
IAA0171,UgwwdKIVKJmJbKxMTdd4AaABAg,"""Bad thigs might happen"" - nah - bad things WILL happen.. But bad things will ALSO happen, if you don't go risk - just other things, and you won't have been strengthening your will power, so it will be lose lose. As Jordan Peterson says: ""Life is pain, make sure you fill it with something, that is worth the pain"".. If it wasn't him that said it, then it was me...",0,0,0,
IAA0172,UgwQ4N0Auqt3Z-Ql3754AaABAg,We are slowly moving to a society where marriage ceases to exist. This will be the end of natality,0,0,0,
IAA0173,UgzKNQ5AdFXmOr0nArZ4AaABAg,the problem with custody is that the parent who has most of it wins. The simple act of just being there for those mundane moments has a MASSIVE psychological effect on the children. Women know this and take advantage of it. This is where the brainwashing starts.,1,0,0,
IAA0174,Ugx2itL3tt4pzPuGkBR4AaABAg,"I'm reaching out anywhere I can I have a story worth hearing but I need help for my son they took him from me n it's to the point his sister's when they get to see him are not even allowed to say my name bring me up they are isolating him entirely from me n I'm scared for the reason why n where I live im scared imma end up dead or disappearing so I'm reaching out for help I live in otsego county NY n I know this county Delaware n schoharie county are all involved there may be more but they are so corrupt it's not funny they are taking kids for federal funds they are ""hotshotting"" n creating addicts to keep federal funds flowing n to keep percentages to match their wrongful allegations so they don't get investigated n I've expressed my concerns have tried to reach out thinking I'm helping officials n the town he better but one detective said nothing was gonna be done I replied yup cuz here it's all about statistics n politics he then replied and body bags smh I don't want to end up in one myself or just gone I need help n someone who will listen n not do nothing but help me do sum thin I fear for my children n all the other children being sold by cps dss the system I've heard this happened in other states so why is it not in the media as an issue that we should all be trying to resolve the children are the future shouldn't we be protecting that n making it a brighter one in anyway we can",0,0,1,
IAA0175,UgzY33Wpn6druexBDcp4AaABAg,"I mean, she was doing this on film way back in the 90s...why is anyone surprised",0,0,0,
IAA0176,Ugz9OtAwrr2HHz2oq_h4AaABAg.AVoEA9Vqql8AVokgbjUxci,"Bad take, Islam is gynocentric like any other major religions out there",0,0,0,
IAA0177,UgxqQBOv20oDw8Ynx9l4AaABAg,Women are NEVER going back to the way it was from 1800-1950 Why? Because absolutely no way on this earth are women going to willingly give up all they were GIFTED by the elites and unscrupulous politicians in government and the elites quest for ever more power ever more money All the laws that unjustifiably favor women in college in the job market in family and criminal court systems women are NEVER giving those privileges up There is no saving this,1,0,1,
IAA0178,UgzuVksATac6NRrNtwB4AaABAg,"As per your comments, step by step bad choices: - going on a “girls’ trip” - going out drinking - getting drunk with unknown men - hot tubbing (almost certainly naked) while drunk with those unknown men My wife & I spent 20 years raising teenagers. We came up with a rule of thumb for groups of teens that I believe applies to “girls’ trips”: Collective IQ of group = (Lowest IQ in group) / (# of people of group)",0,0,0,
IAA0179,UgzpAIH-s_PpQICiHEd4AaABAg,Are WOMEN what's WRONG with Modern Dating? - Yes. Thank you for coming great show.,0,0,0,
IAA0180,UgyrZOTpXNHGtXBp-Zh4AaABAg.AXnmwL_t5liAXwaf9so5gU,100% Seen both but Nocturnal Animals IS probably the most red pill film ever watched.,0,0,0,
IAA0181,UgyBjouJFifgyWxmh0B4AaABAg.9m1rDX4e7F89m5FMxLgYgl,did everyone forget Coach Red Pill existed? Fair weather friends indeed,0,0,0,
IAA0182,UgxaXdMlw2EqiKhLPFl4AaABAg,"This guy knew this woman was a problem...She just revealed her hand. More men need to understand this, the deck is stacked against them when they have wealth.",1,0,0,
IAA0183,UgywPxGFUNXuDugxz6B4AaABAg,"Great Intro! The sight of those feminist heads exploding, priceless.❤",0,0,0,
IAA0184,UgwBIacMXhImZUJ37X14AaABAg,This comment section is full of men going through mid life crisis. Jeez,0,0,0,
IAA0185,UgxKhWw_c6pSE3OVdIB4AaABAg,"Equal Rights for women was never about empowering women . It was about getting women into the workforce, and doubling the tax revenue intake. As a bonus , the children are now being raised in the system full time, since both parents are now both away at work full time.",0,0,0,
IAA0186,Ugz1hSnU0zMgrxIZ4o94AaABAg.AVZNyfComvhAVZgxbh8-wK,"And this my friend , is the reality check coming verry soon for this new age delusion that refuses to acknowledge men who keeps and maintains society running.THE CRASH IS COMMING , AND I CANT WAIT TO SEE WAMEN SUFFER.",1,1,0,
IAA0187,Ugz43JqsTzts3RxjqvF4AaABAg,You think your definition of masculinity is it. Doctors used to be primarily men. You don't need to be good at combat sports. They are not really important. Owning a motorcycle. 😂 Basic. Very basic. How about being funny? The best comedians are men. Let's be honest. You are not funny. I think there is room for both you and Scott Galloway and Jimmy Carr in the manosphere.,0,0,0,
IAA0188,UgxRmA0VVTP5ZW9e9m54AaABAg.AVxhYDRGzvzAVy2yF2sIPZ,"Tall the good men want to buy this guy a beer! Thank him for his ""research"".",0,0,0,
IAA0189,UgxCtE5tE3i-xuD1unh4AaABAg.9kKmsrOUC6EA-KZM3aOQUw,"They make you leave it if you are a man. Even when the wife leaves, they will make you leave at her request later.",0,0,0,
IAA0190,Ugx5vUaUywMoqW6VI1l4AaABAg.APlASV7wwKCAPmcb3ewxd5,@EntrepreneursInCars so I am the guy that emailed in to you Rich and who this video is about. Appreciate the video and thanks for the feedback. So to update you on this current situation. The blood work came back. I’m 40. My blood work reflects the hormon,0,0,0,
IAA0191,Ugw-GnwHt1rWo41rP4N4AaABAg,"CBS starts with ""teaching men to cry"" while its govt destroys their purchasing power from before first job. I can't think of a better solution. Bravo",0,0,0,
IAA0192,UgzKSCT-LYsfeQBqk154AaABAg,The “if the sky turns gray” will she walk away? Test 😮,0,0,0,
IAA0193,UgwhFasyBfXdx3S2Xwd4AaABAg.AXsZe3Na8JAAXu-5bTra75,"Women will also start "" making rules / build walls "" for the man she thought was ALPHA , when he starts displaying beta traits . Her entire goal in relationship is to gain leverage over your emotions .",1,0,0,
IAA0194,UgwKC4R6ehoB-G9AqQJ4AaABAg.AXsbpNDgYP9AXwhpBXHZ7C,If that's the type of woman you attract that's one thing but if that's the type you choose it's on you.,0,0,0,
IAA0195,Ugz9R2jjqY3aImME2id4AaABAg,Gee which culture worships the feminine and submits to them. ? It’s not Christian or Muslim. They run the media and feminism and the temples they call planned parenthood,0,0,0,
IAA0196,UgxjpZDgoo6_3NRpOjp4AaABAg.ARe6DQeqzZxARuo-EQPb7o,+1 for this. I switched to the TLM during Covid. The altar servers in a Latin Mass (boys only) are like the Navy Seals of altar servers -- there's an army of them up there and they're responsible for so much during the liturgy. It's inspiring to watch the,0,0,0,
IAA0197,Ugw9IZgeTWY_dW9_wQB4AaABAg,"You can't run society on nursing and HR. Without hard working blue collar men, society will crumble back to the stone age.",0,0,0,
IAA0198,Ugzza4tgmxVIQLlIUkJ4AaABAg.9kEUQfNx71w9kEguGzNFs-,"@jjboss7896 go ahead, knock yourself out. When a man nuts into a woman she stores his DNA inside her body forever. Look it up friend. I don’t know about you but I don’t want my children surrounded by the leftovers of other men",0,0,0,
IAA0199,Ugx2p_57OXjEDysmLKt4AaABAg.AXHidjSrrVdAXJ2jjWRwuz,"Yep. They all look desperate and thirsty and it's a huge turnoff. If I want to take a peek I will for my male instincts and it is VERY cheap, but that is about it.",0,0,0,
IAA0200,UgxnCIO67k9fH63B2MJ4AaABAg.AZUAM_VkMQWAZUuQvf2WcN,@danerook as a man you must have things in place such as confidence charisma resources intelligence etc for women to appreciate you approaching them. Privledge is invisible to those who have it. Women simply exist and get the same benefits men have to work for.,1,0,0,
IAA0201,Ugz7drTL7mB3CMehVHJ4AaABAg,"At some point, we have to choose growth over indulgence. That mindset leads to consequences, not purpose. When life gives you a wake-up call, it’s an opportunity to change. True growth begins where accountability starts.",0,0,0,
IAA0202,UgwTp_i4u7a0l9xYZt14AaABAg.AKFEaDBkuzbAKH92BVKqkh,Don't get married and don't have cohabitation with your significant other. Best thing to do is stay single unless you really crave for being in a relationship with your significant other. Then make it clear to your significant other that the relationship won't evolve into anything more than a relationship.,0,0,0,
IAA0203,UgxZYwRs2jhHYudfP0t4AaABAg.AUaMrNsLWHwAWNGI4f2bKO,@AncientYouth64... He's a British leftist that has said on record he was raised by a single mother & the whole Red Pill Manosphere thing was 'alien' to him... Translation: I don't understand it.. I don't need to understand it.. I never want to understand,0,0,0,
IAA0204,UgylNG182F44ViQDsIR4AaABAg,"At this point , they are only useful for ""renting"" ...",0,0,0,
IAA0205,Ugzvnx461lrcEioXE5V4AaABAg,"Thanks Rich. I’ve been listening to you for almost a decade and have figured out a lot from you, others and on my own. I ain't the smartest man in the world but I ain't the dumbest either. What you say about different hardware but running very similar script is something I had figured out a long time ago, but it is refreshing to hear my thoughts echoed in your vid. I have heard all 5 of these in one form or another and it has always turned out the same. A big one is “I’m not like other girls”. Well then quit acting like every other girl in this and other situations. You, as a man, start to wonder, especially in our younger years, if it's something I’m doing from person to person, am I putting out a vibe that women tend to follow. I have had successful relationships and not so successful relationships, but they all have the same feel to them, despite being different backgrounds or ethnicities. Hearing this from you and other guys I know just reaffirms that being a single man is the only way to ensure peace. I have introduced your vids to my son and some other family members. My son is a sponge when it comes to this subject. Thanks my man for being a brother and a positive mentor to struggling young men, keep up the good work. AC",0,0,0,
IAA0206,Ugz1-ky6ZcVeQA4gubl4AaABAg,My ex cheated on me and per my state law she should have got no alimony and I had sufficient evidence to prove adultery on her side. My lawyer being a man told me you will be screwed in court so you better settle. After paying my lawyer $30K my ex walked away with 60% of marital assets and half of the alimony they were asking for without contributing a penny to my life. Court system is a joke in this country.,1,0,0,
IAA0207,Ugyf6aUr-dyz29Ypfol4AaABAg,"The thing about authoritarianism, you have that it is called Singapore. The thing is that the People's Action Party and Lee Kuan Yew were really a specially gifted group of men who were able to bring this about. Not only that Singapore is a small city state and on the eve of independence the people of Singapore had been so beaten down by the grinding poverty and the race riots that happened; so the founding fathers of Singapore were able to impose an benevolent dictatorship on the people.",0,0,0,
IAA0208,Ugwv0BLFZrWI8ur40At4AaABAg,the wall will bring perspective...& cats,0,0,0,
IAA0209,UgwF_6Fve2e60tzCRYJ4AaABAg.9kDnqPQrfvF9kYUj2F5fyr,Women not being allowed to go to school in Afghanistan has nothing to do with masculinity. You're equating a toxic social policy to masculinity as if they're somehow connected. That's a testament to how intersectionality and identity politics have programmed people to think about masculinity.,0,0,0,
IAA0210,UgxSqfgCTZaWZUQS6iB4AaABAg.9r6p0A22Wd79r7OooaGK5e,"⁠@trionoide2559 no that’s what I was before. I’m not resentful of women, because I know what they are, and what they never can be, and I understand their nature and understand what I have to do to be able to procreate, and how to move with female and male dynamics. It just because I am extremely thankful to rollo And fresh and fit does not mean I’m a Simp for them. Here’s a thought maybe I’m just grateful that I was still young enough to turn my life around and they helped that so I could have kids 🤦🏻‍♂️🤦🏻‍♂️. I’m not sexless anymore and I have a relationship and my money is going up but I think you want me to be that way and you want to think that because you for some reason hate the red pill.",0,0,0,
IAA0211,UgyYHQvg8gV830o1J394AaABAg,"That's BS, Rollo. Men like Kirk aren't calling to be better men to ""solve women's problems"" because they aren't afraid to call out their BS and demand them a very high moral standard. And also, they're NOT pushing the standard of being ""better men for the women"" for the sake of pleasing them, but to have a functioning marriage with them that lasts.",0,0,0,
IAA0212,UgxvFWC_o2_15s1a-pt4AaABAg.AOdwLVRI9xLAOgfSoUckvt,Well.... She's got a point there. If us guys would stop paying to watch their crap then they wouldn't be able to spread their poison.,0,0,0,
IAA0213,UgwskyLvnwSy8WuWk0l4AaABAg,"Simping is an uneven exchange of values? This is really interesting. I think the definition isn’t as bad if you think about it Rollo. Because the only way for us men to live is through women, so it would make since for us to be programmed to protect the only thing than can help us keep on spreading our genes. Maybe that is natures way to be even 🤔",0,0,0,
IAA0214,UgyQS5uk-rr_uBfa38d4AaABAg.AVvMN205U1vAW0sOa2jwDm,What a succinct way to prove what hypocrites women are in 1 sentence.,0,0,0,
IAA0215,Ugy1k1LzX6rmnNYoL1V4AaABAg.ACXw2gh2PqqACY1qJWP5nr,"Men qualify. Women disqualify. A man will never disqualify a woman because she's ""only a C cup"" or ""could have a nicer butt"" or ""only has an 8/10 face"". As long as a woman qualifies in key areas by not being a freak outlier, she's good. Women will disqualify men because they don't make $200k. That's hypergamy, and it's hardly deniable.",1,0,0,
IAA0216,Ugzdua-lhZepZfdqEH54AaABAg,"Not first, Shoeonhead, far from eden, and couple other red pill females did a review on the topic",0,0,0,
IAA0217,UgymzQBB0xNttOl2Iod4AaABAg,"Between Father knows Best and All in the Family ; Satan and the boys did a lot of hard work ! By the time ; Married with Children came on the scene, it was all over !!!",0,0,0,
IAA0218,UgwnHykDpZJfkafJl8B4AaABAg,"These people call men with wives and kids 'incels'. At this point, it's just anti-male hate speech.",1,0,0,
IAA0219,Ugzj3_lGMFTbZ7asjw94AaABAg.A9i2_kVmgexA9wQr7eeAIa,"@rudi5139 Correction, they're social creatures. We are pragmatic creatures conditioned over a lifetime into being oversocialized. It is not even slightly the same.",0,0,0,
IAA0220,UgxF9dYOPpgZnla3UJd4AaABAg.AUsUdgBL4FVAUsc6uUo1d6,"@sidecharacter7165 Mature men are AVOIDING woke TOXIC women should be the Headline,....Well Done Men!!!",0,0,0,
IAA0221,Ugz2wgKkh78tN3vJ3pV4AaABAg,How the tides turn tho once they hit the wall...show em no mercy fellas 😂,0,0,0,
IAA0222,UgzDHMLRaFsVjuTXSnF4AaABAg,"I supported and voted Obama in 2008 & 2012 mainly because I equally hated republicans and the GOP frontrunner were sh!tty. Then between 2013 and 2016 I realized his black-ass never did anything in particular for me and I was slaving away working two jobs. Then I started to support and vote Donald Trump in 2024 after he took a bullet in the ear 👂 for this nation, was tried and framed for things he didn’t do (Carroll), and over my dead body would I vote for Harris. She conspired with cops when she was DA to suppress evidence that would have vindicated men of color. Then they spent prison time and released with millions in settlement money.",0,0,0,
IAA0223,UgzTsvmZSwvdhSCz91J4AaABAg,What they have done to him is disgusting. As men we have to start sticking together.,1,1,0,
IAA0224,Ugyz32wUor4xy1aDSLl4AaABAg,"Here a red pill for ya. If you keep the so called bible is it's proper context, the so called bible doesnt teach christianity. When in fact if you do your due diligence on the 12 disciples, they were descendants of the 12 tribes of Yashraal commonly called Israel. If the so called bible supports message of christianity, where in proper context can we find this. What scriptures can be used? Mind you the so called bible was originally written in ancient Hebrew so we would have to go in according to that perspective and context. The ancient Hebrew and modern English are not the same.",0,0,0,
IAA0225,UgxFpizXxEk8e79xp794AaABAg.9kn13Jo-LKn9kvbgYb28Cl,"Men have to be her leader. They are led by emotion not logic. A leader can’t be an effective leader, if decisions are based on emotion. People’s lives will be at risk if one bases decisions on feelings and emotions. That’s why the woman submits to him, not the other way around. And that is why GOD put the man ahead of the woman",0,0,0,
IAA0226,UgydOP2dJ9xoOdoXQJZ4AaABAg,"I began this RP/MGTOW enlightenment a bit over 6 months ago with KS's videos and ended up here and a few other channels. Thanks to all of you creators, I had a lot of information to pick from. Sometimes I rewatch videos as it was too much information the 1st time. This content has helped me figure out a lot of things in my life all the way back to my childhood. Yeah, I had a messed-up childhood which left me completely clueless and unprepared to enter the adult relationship world. My puzzle is more complete than it has ever been and I'm more at peace than ever. Too bad I didn't come across some of this information in my younger years as I'm not even in the game anymore. The reactions of some concerning KS's death were disgusting. I wonder if these people understand that their online reactions reflected more on their low character just as many of the videos with women running their mouths. Why does our society tolerate this behavior of adults acting like entitled children? Roe vs Wade is minor in today's world. It's not going to change anything overall as the powers that be in many states will want to pacify the loud women. The women just want to continue their fun times and kill their offspring to party some more. Don't expect this to suddenly cause a major shift in societies will to stand up to this immorality. 90+% of all abortions are related to consensual copulation but women's need to not be held accountable. Women CHOOSE to be sl00ts. Men are involuntarily drafted whenever the government see's fit. Hey women, do you want to trade those two double standards? Holy $hit..... ""Thank GOD for abortion?"" Really? I'm not a religious person, but that is just too far. These radical displays will do nothing to support their cause. Legal abortion is just a method for women to avoid accountability for their bad choices. Why are these women looking for a high value male? Don't they understand that is not an entitlement? It is something that has to be earned. Instead of building up a high body count and destroying your soul (character, morals, ethics). What kind of men do the women want? They want traditional men. LMAO. So, women expect men with character, morals, and ethics to want immoral, entitled, obnoxious women. Why would any traditional man want to be with a modern woman? All he will be to her is an ATM. Until women are accountable for their bad choices, the cesspool will continue to grow. No thanks. We're better off alone and not risking our physical health, mental health, financial futures for women who have no depth.",0,0,0,
IAA0227,UgwPAWzPHWvGYvR_k2F4AaABAg.AHo7UtUpJ5FAHp50XY34BX,@Min-Prinsessathen your society will fail when men stop caring like every other time in human history but you are good at being sex toys for high elites,0,0,0,
IAA0228,UgyWtSCcl--zjiPiUEh4AaABAg,"In other words, essentially 100% 0f women use social media for validation. That is a fact anchored in reality.",0,0,0,
IAA0229,UgxyMGPjSFzfWB76loh4AaABAg,When Tate was being arrested he was trying to hand his manager the phone by intentionally dropping it on the ground and US marshal seen it. That sounds very guilty to me,0,0,0,
IAA0230,UgzYOyQJZWVOgU-pIOJ4AaABAg,2:54:42 I audible sighed because of that I despise that narrative smfh and I have “gay “ friends,0,0,0,
IAA0231,Ugy0z1qLUtwA25198T54AaABAg,"Just don't lose your cool, it will be used against you. If she wants money buy her off, just make sure to stay connected with your kids, record everything, and deal with problems in moment, don't let her twist of the story perpetuate in the system.",1,1,0,
IAA0232,UgzesNnF7dIW7L2oFVR4AaABAg,"I didnt date much before my 17 year marriage fell apart. It blindsided me. Especially since we have 2 children and I feel like I did most things right. It would be an understatement to say I was depressed. Finding your content, including books, I have found more peace and understanding.",0,0,0,
IAA0233,UgwBywyxPliywcPEPQ14AaABAg,Men have been so indoctrinated by the matrices that we can’t even see reality with our own eyes and trust our own instincts.,1,0,0,
IAA0234,Ugz9b7sEbfVLe1czKqp4AaABAg.AVTo3xfUi9qAVVQz254Es1,"With Matt Lauer they were 10 to 20 years prior, with Cosby they were 30+ years old.",0,0,0,
IAA0235,Ugzy-JTI1-hr_fuZIPd4AaABAg,"As far as the Western world goes, men went to war and died to protect VIRGIN WIVES who would be responsible for the children. Why? It's how a man would secure his genetic lineage on the worst case scenario such as war.",1,0,0,
IAA0236,Ugy_lqpQFcrtyPaW9EJ4AaABAg.AUguM72prLKAUiJ0rpaINv,When u see titanic as ✡️ propaganda because ✡️'s blew titanic to pass the federal reserve,0,0,1,
IAA0237,Ugz7PkkW2m00ri94HAh4AaABAg,They hit the wall hard,0,0,0,
IAA0238,UgxL0WUDqef9uK8KPfx4AaABAg,RM - The last and only true source of the Red Pill.,0,0,0,
IAA0239,UgwLX0L_y5MEAdtTsQN4AaABAg,"I gave up on dating apps, besides why would they want you to meet anyone? You wouldn't need them then. I got tired of false hope from that failed system.",0,0,0,
IAA0240,Ugwy3xnQXiCTGeaowUd4AaABAg.9kySw70lWgx9ro7nD1Vho7,"@21s you are hilarious -- but ppl are laughing AT YOU. I literally think you respond like you do on purpose, if not -- wOw!!! 😳😳😳😳 get help",0,0,0,
IAA0241,Ugwbg01-zzWpYCKUP-R4AaABAg.AUqd0jKvD75AV3tCGVG8J-,Feminism has given women the belief that how they feel about any topic is the correct answer. What is worse by disagreeing with them you are trying to hold them accountable for what they are saying. Its a waste of time trying to hold a women accountable for how she feels.,0,0,0,
IAA0242,UgzGUx9mHq4Qj17p2N94AaABAg.AW5M0rKXszqAW68sdhAtS3,"Chads know how women work, they are red pilled and don't want a LTR.",0,0,0,
IAA0243,UgywGl9XL9MRaeAtjIR4AaABAg.9kEUuufo6ZS9kF7HvTnxE_,"As a man, I will always be polite to women but I won’t give them respect, unless they are my family or colleagues/people I work with. From there you have to snip em off once they cross you OR have ulterior motives that can jeopardize your career/life. Family included. Most women don’t respect men they aren’t attracted to, even though we essentially built the world to their convenience. If they don’t respect you, then why should you respect them? 🤷🏾‍♂️",1,1,0,
IAA0244,Ugx4ZCnjnGwzeXV_31d4AaABAg.9fJsCxcEf-h9fg7jxGU6Tu,Andrew Tate is a damn psyop and you know it Rollo. First off no one gets on to a popular tv show without knowing some handshakes or at least getting - to know some handshakes. Secondly this is the same process and pattern we always see with anyone who has a significant influencing status and virality. Even if he is spouting some truths as an authentic individual he is for sure co opted having sat down on Fox News. Come on guys wake up. It’s the same chess moves over and over and over. This man doesn’t role model masculinity at least for an older generation. He’s a role model for like the lowest tier just waking up Ted pill Gen X. Let’s sit back and see what demographics he reaches with this truther mask and then sit back and watch what he will be told what to say and do. Narrative fellas pay attention to the narratives meta narratives and the nuances. It’s really easy to spot when you know the game.,0,0,0,
IAA0245,UgwtMdzFv2KIizJBACt4AaABAg.9e6ULfMeZOy9e6lsHo7rPw,Common law marriage is why they would be in family court it's how the government robbs men who don't get married,1,0,0,
IAA0246,UgwQXp7_QNfv3LMC40l4AaABAg.AUqx0WRcW14AUrMCtbIvhM,"@thystaff742 ok, give me one example when banning something fixed an issue, and why you bring children in to this topic, corn is not for children, parents are responsibe for tgeyi children not daddy governament banning f everything"" because of children sa",0,0,0,
IAA0247,Ugyu5JD66Lj-UYEDwCV4AaABAg,Young women are being taught to hate all men …,1,0,0,
IAA0248,UgykbBxAIjnvgjWzRWh4AaABAg,Thank you for telling the truth. CGA has no business getting into a internet debate forum intended to entertain for over 1 hour. Why? There is no god damn debate dummies? Forgot the family court holocaust memorials? Now we need to look at the pediatric psychiatry in patient units where the little boys and girls cant understand why mom broke up his her young family. He went from nursing and sleeping in momys bed. To meeting her new replacement dad boy friend and he cant handle the speed of family breakdown.,0,0,0,
IAA0249,UgyIpQ1NmAmzEQGP7zh4AaABAg,"Women tend to mature socially faster, but men mature logically much faster.",0,0,0,
IAA0250,Ugws53cACkJzfS8sBZl4AaABAg.A8zF12MK_RhA8zRaG6BdzQ,"Especially with women, who aren’t meant to be reasoned with.",0,0,0,