comment_id,channel_handle,text_clean,hit_1B,hit_2,label_1A,label_1B,label_2,notes
UgwX_sLtbX43_8V787F4AaABAg.AZ6EyerjoklAZ8OnR66yAP,Myron Gaines X,​@mascameelchango damn even tiktock allows the misandrist even more !,True,False,,,,
UgzEyU67jYpCzBKhASF4AaABAg,Entrepreneurs in Cars,"He must walk away, NOW!! … especially from a narcissistic Chinese woman … I know this from first hand experience",True,False,,,,
UgzXWseYdlp1WtXuGK54AaABAg,The Free Agent Lifestyle,"Once u take the Red Pill 💊, it’s no going back",True,False,,,,
UgxcmB9lgN-ZPp_Lemp4AaABAg,21 Studios,I would love to see a world run by mothers of adult children. Because they are all about family. If men won't do jobs or can't do jobs a woman will step up for sure. Yes woman clean suers build houses fly plains fight in wR build planes make weapons. They will always find a way. We need fathers to teach good healthy morels to sons and yes to protect women and children. Except who fights the intrusions and protects the children when men are at war. We the real women do not like the feminist. We need men. Our children need fathers. Supporters of the family. Woman can do it alone but we simply don't want all of the responsibility on our shoulders. men and woman would both be responsible for the offspring. Men would learn to be men and women would learn to be women. We are supposed to respe t and value each other and our roles in society as equils. The same in value and paid the same for the same work. We need to get rid of greed. Share help support and never have any thing to do with money ever again. Yes we would still have things. Dreams hobbies etc. I hope I make sense. ☺️,True,False,,,,
UgxVFCo0K_vIEOqG5KF4AaABAg,Rational Male Clips,"They have been slandering the red pill LONG before ""rollo"" 😂",True,False,,,,
Ugz5cBmYL-hV75LOk2R4AaABAg,Rational Male Clips,How many times do we have to say : 1. The owners are worried that the wage slaves are not reproducing. 2. Or how about Elon Musk in a 2017 article said that 40% of the current jobs will be replaced by AI. And lastly when women were given the right to choose how many kids they have in their lifetime ( that Pandora's box can never be closed),True,False,,,,
UgwfweXMpeZJllsizdJ4AaABAg,Rich Cooper Clips,"Being wealthy handsome, and successful will not stop her from cheating on you. Being the guy,, who is not afraid to walk away, is the guy she’s afraid to lose. The guy, who never chases, but replaces.",True,False,,,,
Ugz3w2btRv0k3p4WUB94AaABAg.AXtnlyePuwUAXvokWBUpiV,Myron Gaines X,"Decent people around the world have had enough! Im Canadian, i grew up a hip hop head and idolized black culture and I have black fatigue. Im tired of people always playing the victim card and never showing any accountability. Some of these people have no place in civil society. For his family to have raised nearly 700k and use a free government defense tells you everything you need to know. A good parent, even though its a loosing case would have spent all that money on the best defense to give his kid the best chance possible. Not them. They buying a house will his son sits in jail. He should have gotten life in prison. All that's gonna happen is he gonna get gang affiliated for protection and become a even bigger and more dangerous thug only to be released to the public in 20 years. Its crazy.",True,False,,,,
Ugzl_OtuXAMtwqASFM54AaABAg,Rollo Tomassi,"🕕 TIME-STAMPS 🕧 0:00 Intro 4:20 Today's Topic 9:30 International Men's day is a Sham 14:30 Superchats - The Red Pill Going Mainstream 21:50 Steve Harvey Clip Breakdown - ""Alpha Female""🔥 29:40 Softening the Redpill and the consequences of Feminism 37:05 To Be More Feminine Is ""Dumbing it Down"" 43:45 ""Alpha Females"" Wants you to fall in their Frame🔥 46:30 Women's Biological Clock 50:24 Men Want a WIFE Not a Teammate🔥 54:20 The Difference Between Good and Bad Advice 1:01:25 Women's Success Doesn't Enhance their SMV 1:03:50 The Roommates Breakdown - The Ephifany Phase🔥 1:13:35 The Various Phases of Women's Life (Chart) 1:16:14 Ciara's Prayer ""Thank You for not Judging me""🔥 1:20:35 The State of Women Today 1:28:30 The Purple Pill in Media 1:33:00 Society Excuses Women's Ho3 phase 1:37:50 Rationalizing Objective Data 1:40:05 Appeal to Non-Judgment Will Only Increase🔥 1:48:24 Women, There Are Consequences For Your Actions 1:55:52 Promiscuity Related to Health, Marriage, and Relationships (Data Set) 1:59:42 Living Your Hoe Phase, Finding a Good Beta and Shaming Men🔥 2:07:10 Men Look for Sings of Paternity in Women 2:17:30 A Prime Example of Casual Sex 2:21:55 Lies About Women's Sexuality 2:32:00 Concile Hypergamy🔥 2:38:12 Your Free Tip of Today (Iron Rule of Tomassi XI) 2:39:55 Superchats - Going Soft on Women 2:44:00 Promiscuity Doesn't Affect Men Like It Affects Women 2:53:20 Superchats - Dealing with Your Blue Pill Social Circle 2:59:05 This Is Why Women's Sexual Past Matters🔥 3:06:55 Superchats - Don't Go Back with Your Ex 3:10:08 Outro and Big Announcements Don't Forget to Like and Subscribe!!",True,False,,,,
UgwPhmJtS1II0hKVDTZ4AaABAg.9gAA2LlnEGz9gBcWWO7ZcX,Rollo Tomassi,"Hey, good for you, I grew in similar circumstances as a PK but luckily didn't get married. Question for you. Are you still a Christian? If so, how do you reconcile the red pill truths with christian beliefs. While I am a Christian, I find it quite impractical for men in today's world.",True,False,,,,
Ugzwt8yaH07RLt2BgzV4AaABAg,21 Studios,We have to move that outhouse to a safer part of the range though and am not trying to be funny either.,True,False,,,,
UgyM7tt1fe8zxFe3mER4AaABAg,Better Bachelor,Everyone who has a 50yo married banker friend is sending this to him. Spread the word!,True,False,,,,
UgxLhxBm_wnWcBrj8HV4AaABAg,Fresh and Fit,Resonates with me entirely I've been that person fixing others and putting others needs before my own didn't even stand up or cut them off and thanks to them they have kept me stuck at home all day and it's all my fault for making these decisions and allowing them to keep me stuck and not grounded,True,False,,,,
UgwYQvp6Q9q1zEsYHmN4AaABAg.A9DwbygqEXsA9G82oJLhT2,Rational Male Clips,"Unfortunately, this feminism toxicity is rapidly spreading into third world countries. I am from India and situation is very bad here... Thanks to our govt's anti-male biased matrimonial and family laws. Families are breaking.. Marriages falling.. Women are becoming immoral and abusing matrimonial laws is the norm. Extorting husband and in-laws for huge alimony is trending. Men suicide rate is rising every year.",True,False,,,,
UgxUk9YIUfWGUi-hK614AaABAg,21 Studios,That's why you go your own way.,True,False,,,,
UgwCbmtJc-QvTTFs1LZ4AaABAg,Myron Gaines X,I think we need to bring back the 1930s era of clothes where everyone looked nice and classy and people hid their shame,True,False,,,,
UgxopalUjY8bGU_s1gJ4AaABAg.AO-BrckJK9MAO-get1sf39,Better Bachelor,@Rushtallica well the time to fight back is now otherwise we too will have the same unfortunate fate if we just sit back and let them take over completely without a fight.,True,False,,,,
Ugyle5NVOq80GuVmnEN4AaABAg.A8uDrZaUYBuA8u_QrKJ7pU,Rational Male Clips,Rollo is not a good spokesperson for the Red Pill. He think too highly of himself. A better person would be Coach Greg Adams. Aaron Clarey. Or even Myron Gaines. Even Michael Sartain.,True,False,,,,
UgyAwr2FrPXzKPffcmV4AaABAg.AT1HQoHBdkRATAR9AWvCQ6,Better Bachelor,It doesn't matter just walk away. Remember if they like you theyll make it easy . / Focus on your growth no matter the situation,True,False,,,,
UgzN6ljLZCiX7u5nPuF4AaABAg.9qqe7QR7ttx9qsBXCbs_2b,Rollo Tomassi,@ankurama42 LOL Yeah.....I've been in that position before. Just rememember: No matter how hot she is there is some guy out there that is done with her sht! LOL I can't put it into words but Lauren def has the crazy girl vibe....I always thought she had it under control and a lot of young smart girls do but I think once they get closer to the wall they really start to lose it and it is sad to watch for sure. I like Tim but he can be a bit too arrogant at times and completely shut everyone out and I still enjoy his content but I've put a lot of effort into questioning him now....I think these big content creators get content when they get a reputation for reliability....they intentionally or unintentionally start to get sloppy.,True,True,,,,
UgyLJa799VabW25pUnR4AaABAg.AIi2aFZjM2yAIi31hokfhr,Entrepreneurs in Cars,"This is why men need to build first and then choose from a position of power. Women don't care about a man's struggle, as Rich Cooper always says.",True,False,,,,
UgzlM8EFckFHTfQRnEp4AaABAg,The Free Agent Lifestyle,"I see the free agent lifestyle as the final form of MGTOW respectfully. RT doesn't mess with you because you still hang w/ anthony johnson. RT was doing this before your wedding but you are way more entertaining than he is and have new ideas (you are the after pill/ Game is predatory etc). We don't need to here about frame again. Saying that, did you ever buy any of the Rational Male books? Yes you did. Have fun on your trip and don't let any of this bother you.",True,False,,,,
UgwDRc46rQPF_P1ztv94AaABAg,Myron Gaines X,We need to bring back the 90s ASAP!,True,False,,,,
UgxhKeKrNVOn-IaYyaV4AaABAg.9gpsou2KlPg9gs3YIwOG_E,21 Studios,Been there many times. Those people aren't worth your time. Walk away and the world's bad will consume them.,True,False,,,,
Ugxl7Q4qlZMy7zLC2654AaABAg.9dxcEgrzJ859e8lf2We3vr,21 Studios,"It’s rare to see any wmn self reflect. They just hop into the next relationship and blame the guy as being the cause because they can. But even after the self reflection the girl is no longer the innocent and feminine wmn anymore. So you end up being with a strong independent wmn with a big attitude. Why would any man want that? The Bible says to marry a virgin, and it’s for this reason.",True,False,,,,
UgyN5UC_p5peuXIpr3d4AaABAg.9xtBEz9w3yX9y9J6XpOqld,Rollo Tomassi,"@thaimuayshoo1171The issue with men becoming Christian, is that it's not a male oriented religion, it's womanism... A purely female-superior, anti-male religion... it absolves females of their past because it holds that all women are incapable of sin, blameless & sinless goddesses... men are all devils, responsible for female sin. They assert it was Adam who tricked Eve into eating the apple, so men must constantly serve now to stay in the Goddesses good graces. 😂😂😂 They guilt men into getting 'married' (contract with the government, not God) which reduces men to a powerless life, and elevates women to a powerful life with absolute power over their men, and insist it's the 'right' thing for a man to do to please God/Goddess. DUMP Christianity fellas, it's a trap.",True,False,,,,
UgzR8nGveTa6UB-f3kJ4AaABAg,Rational Male Clips,They are afraid of being prevented to exercise hypergamy,True,False,,,,
Ugz6Q0uVrV5IfdaQRdd4AaABAg,21 Studios,looool... always throwing around the 'real men are not afraid blah blah blah' after you've put him in a position to be afraid of his choice (because he chose to be with you).,True,False,,,,
UgwBkqEQgx4jJBT1HP54AaABAg,Rational Male Clips,Sounds like she's already trying to play the victim. 😅,True,False,,,,
UgwUFcuATSHKL6WgtAN4AaABAg,Better Bachelor,I've been red pilled for years; this isn't news to me.,True,False,,,,
UgxciTkrSIS30FfssGJ4AaABAg,Rollo Tomassi,"Once you take the Red Pill, the t becomes silent in ""rabbit hole"".",True,False,,,,
UgzsNB2ZXMUqofMJOwR4AaABAg,Rollo Tomassi,"Take it from me. As a son of a broken family. (like legitimately dysfunctional) Do NOT MARRY the wrong woman, and be the wrong man that she eventually will hate later on.",True,False,,,,
UgwjKzpB49IDtecWvkN4AaABAg.AUDTVKGyN_uAUUYgT445tj,Rich Cooper Clips,Men too have a hypergamous nature. Men usually go for women who are better looking than them.,True,False,,,,
UgyuAGeAuBwN3zS0jTR4AaABAg.AQn0zUM47pDAQnENB4wtKX,Rational Male Clips,You don't need to bother to do even that. Just walk away,True,False,,,,
UgxsUdnEUakc4iNswDR4AaABAg,The Free Agent Lifestyle,"Idk how his stand up career is going to last! He likes to roast the crowd a lot, so idk how he's going to do that with all of this embarrassing info out there!",True,False,,,,
UgyRjlArRbmAML6MCxB4AaABAg.AW7rf6Z14ulAW82Ps0x4sS,Rich Cooper Clips,I totally understand and get the logic and that does seem fair. But I find it hard to do that. I believe we need to be better and opporate from a higher place (with awareness) not allow ourselves to be brought down to that level.,True,False,,,,
UgyyxdNwOk46IGVXgaZ4AaABAg.AP1KqIT_VSsAP1Yj-sh5fX,Rich Cooper Clips,"If I have to treat her like an option rather than potential wife, she should automatically be excluded from the wife zone. Just like women have the friend zone and the sex zone (Chads, Tyrones, etc.), men need to have a sex zone and a wife zone.",True,False,,,,
UgwA9slydNEA_NqWE0V4AaABAg.AP5fS2a2MPkAP6G9lYgr66,Better Bachelor,"Responsibility without ownership of the consequences is slavery. Authority, meaning who decides what happens, is irrelevant. Slavery exists when someone controls you and you cannot break free from their dominance. That happens when outcomes are enforced on those who do the work without compensation for doing it. Even if someone else makes the decisions, you can still gain rewards outside their authority. That is what we call entrepreneurship or hustling culture. More precisely: Responsibility without ownership of the agreed upon outcome is slavery. The point being: You get a choice of what part of the outcome is yours, and what part is theirs. If you never have this agreement, that's abuse. But if someone takes all that you produce, then you cannot break that abuse cycle. That's slavery. So, sentimentally: You'll feel like a slave the moment when you have no choice. The choice to take what you've done or created, or even just to walk away. Slavery is physical imprisonment without walls. You have no choic but to abide or you lose something important.",True,False,,,,
UgzKKmlo-UF229yVjgJ4AaABAg,The Free Agent Lifestyle,"If anybody is nervous about getting cheated on, just stay single. ANYBODY can/will cheat.",True,False,,,,
UgxBXqn9_ArApC8hWFB4AaABAg,Rational Male Clips,"My life, my way. Words I have lived by even before MGTOW had its name.",True,False,,,,
Ugzwkv_NOxUWMS2uSWd4AaABAg,Fresh and Fit Clips,Modern women are in a fantasy world on easy mode.,True,False,,,,
UgxftxrKzBFxhvuKvYp4AaABAg.ASrxPO1DKfoASs8I9hbSAK,Better Bachelor,The government will never stop simping for them so long as the majority of men do,True,False,,,,
UgzAYNUxVxSbwDtHI_F4AaABAg,21 Studios,“Trades you in for Cash and Prizes” 😂 😂,True,False,,,,
UgzdUkTdfskuOETnDRB4AaABAg,Entrepreneurs in Cars,"Why is she dealing with men with children if she doesn't want those kinds of problems, I certainly wouldn't deal with a single mom if I thought I couldn't deal with the associated issues, just move on or stay single.",True,False,,,,
Ugy7gFXN6eNBBIoflgJ4AaABAg,Rational Male Clips,Idk how many times men need to be examples of why getting married is a fool’s errand. Never marry.,True,False,,,,
UgyMSp8ftO1MNRHzB214AaABAg,Fresh and Fit Clips,"I work with adults with mental health. I can tell you, men are not treated the same way as women. Women will get all the help they need and men need to fight to get help.",True,False,,,,
UgwvBJT02jAasBGGuOt4AaABAg,Rational Male Clips,I love rollo but his disdain for pearl is baffling to me. She has always liked Rollo and she seems to really try to help. Shes not going to be as sharp as some but shes got some pretty good data and content. Wish rollo could kiss and makeup with some of the others trying ti spread the word.,True,False,,,,
Ugynr3De9df3xleQ6uR4AaABAg,21 Studios,Ok what about used up men no one seems to have a problem with that 🤔 what a double standard,True,False,,,,
UgwciSKrOhHKcf6gs9Z4AaABAg,Rational Male Clips,"It is very disappointing to find out that so many of the news and influencer outlets that we use were corrupted and bought. Whatever podcast is just one of them, but think of the Wall Street journal, Bloomberg’s, Forbes, etc. all turned into Biden’s direction in both the 2020 and 2024 elections. And they did it with the most subtle of means by taking out millions of dollars of fake subscriptions and advertising buys or by having a fake sponsorship of a podcast. It’s just disgusting.",True,False,,,,
UgwH0u90XR6I7mzJOCp4AaABAg.ANGfmKcERhfANJhgk1KCFs,Rich Cooper Clips,Classical story ... sounds familiar to mine ... we can not beat stats ... no chance to win vs female nature,True,False,,,,
Ugzt1GE51rqPDDARnoN4AaABAg.AQcZ-0XZe58AQgk7BLXtx2,Better Bachelor,Fr tho. This is what you wanted lmao,True,False,,,,
Ugy4PpgLIrj7oKxE0ep4AaABAg,Myron Gaines X,"Rachel superchatting axe v ask was hilarious. I was disappointed they kicked both you and Andrew... I stopped watching a minute after this happened. Granted, it'd have been better arguing with a wall rather than this panel, at least the wall doesn't say stupid, ignorant shit back. 🤣",True,False,,,,
UgyxpPtRh4GL2cR1Q154AaABAg,Better Bachelor,"If you want to be polyamorous, then just say so. Stop dating monogamous people. You're just going to hurt them.",True,False,,,,
UgwKZ7QqZ9hTkud3G1x4AaABAg,Rational Male Clips,MEN NEED TO BE RESPECTED AND FEEL ADORED BY THEIR WOMEN…NOTHING MORE,True,False,,,,
UgwYn40W3aO-JbT_SX14AaABAg.APvpEPjJvhTAPy1fDR9Xn_,Fresh and Fit,"We must repel that, but also work smartly around it. May God strengthen us.",True,False,,,,
UgwOX2BxCf5AMQuGyfh4AaABAg.9qIaU0HbTjB9qJC6q99f9Y,Rollo Tomassi,02:43:07 : We Have The Data 02:44:09 : Okay That Data Is There 02:46:36 : Pumpkin Go Ask Big Mo For The Demographic From F&f 02:47:44 : What Am I Lying About 02:48:18 : When Have I Said That 02:48:37 : There Is No Such Thing As Quality Women 02:49:35 : So Where Have I Said Any Of That 02:50:17 : So Now We Are Going To Tell You How To Feel 02:50:53 : She Would Know That If She Read The Book 02:56:26 : Dr David Buss Was Actually The First To Call Out Height 02:58:57 : The Average Height Of American men 03:00:08 : No They Got Shame For 03:01:00 : Yeah That Is True 03:04:21 : Chick Logic 03:07:03 : Basics Hypergamy 03:20:48 : 80% Of Men Are Unattractive 03:21:55 : Statistics It's False 03:24:26 : Sex Difference And Jealousy 03:25:17 : Repoduct Variances 03:25:49 : When Men Behave Badly 03:27:35 : Wealth Men 03:28:17 : Height Thing 03:33:26 : Again Let Go Into Social Constructions 03:36:13 : Straw Men Argument 03:36:48 : I Don't Talk About Emotions 03:40:56 : Why Men Don't Have Attraction For 03:42:36 : Vasectomy 03:44:16 : Intelligent People Have Capacity For Critical Thinking 03:49:00 : How Would You Know That 03:54:30 : Sister Hood Uber Alles 03:59:01 : He Is Not Stupid He Is Ignorent 04:01:35 : The Apex Fallacy 04:03:17 : These Two Are The Part Of The Problem 04:04:26 : Kinda True 04:09:02 : The Only Time We Celebrate Masculinity 04:15:21 : Why Do You Think There Is Toxic Masculinity 04:16:49 : Business Are Based On Masculine Hierarchy 04:20:38 : You Think Man And Woman Are Equal 04:21:30 : Yeah It's Not A Feminine Thing,True,False,,,,
UgwnA_xoSGQJXMIx4ux4AaABAg.AUsCAHnk0X7AUsW9qz3dnh,Entrepreneurs in Cars,Women have really good exercise aptitude. We as men do as well..Though we're hardwired to be (aptitud'ed up.. Ya' dig)? I love watching women lead workouts though.. It helps me keep going to the gym!,True,False,,,,
Ugz8Q0MoNvhSBeovRPF4AaABAg,Rollo Tomassi,Rollo is the red pill and the red Pill is Rollo,True,False,,,,
Ugx6rVh48yPWI7kSWAN4AaABAg.AY4mltvjEc1AY7Vr6IvfB4,Rich Cooper Clips,"AMEN! I've been saying this for years. The millisecond you marry a woman, she changes completely. If you never marry, you never have to deal with that for life or until the contract is broken and you give up half of your belongings.",True,False,,,,
Ugw13ppDtpNqV2XNDi54AaABAg,21 Studios,i dont support trump but stop simping,True,False,,,,
Ugxi-WFWau2kjdWYyxJ4AaABAg,Entrepreneurs in Cars,"Men: Stay single, work on your grind, find your peace and go to the gym. Women: Guys aren't approaching us any more, and they aren't buying us drinks at the club. Lets find our future boyfriends in the gym! Men: Heavy sigh.",True,False,,,,
UgzITGpgqTPDebqbJE54AaABAg.AKmpXh_SQavAOaSRIDzHcK,Rollo Tomassi,"You don't suck, it's just in your nature too be what rollo is explaining...the issue is most men do not understand female nature(they were never taught), and women tend too hide their TRUE nature from men... why females are the way they are is actually down too evolution and being the vulnerable sex over thousands of years(which is not your fault)....most men are simply upset because they find out female nature the hard way,once you find out what female nature is it's so much easier too deal with women and theirs literally nothing too HATE...even the statement you made here is a very emotional (nothing wrong with that)...you basically write HOW, what rollo said made you FEEL(we suck)...but most men that hear this would just listen too the CONTENT of what he is actually saying and say,what's rollo is saying makes sense and would actually be happy too get this info laid out too a point of their understanding....",True,False,,,,
UgyjbGVKR-jO6PEs2od4AaABAg,Rational Male Clips,"Hopefully Netflix approached you for the red pill video they are making. The trailer they released with Myron, clavicular, Tate brothers sound like they are making a mockery of the red pill philosophy.",True,False,,,,
UgycqNqIhZZitP5u4SB4AaABAg,Entrepreneurs in Cars,"I believe there's a degree of give and take and inclusion into hobbies,,,of course ill never marry again as that's the leading cause of divorce.a system where false accusations can end with a good man being in jail- bailing out -living with my mother for a year out of my home - and never being charged with a crime as there wasn't one has brought to the front some real topics for thought ,,GOOD LUCK TO MIND READERS THAT MARRY",True,False,,,,
UgxbaBAuVOlfJW5M4Zd4AaABAg.AY5IFeY3kZYAY5bjUxuJaY,Rational Male Clips,"notice the young hot little girlie pops don't seem to speak out about how bad it is. ""oh no, not all of this free attention and stuff and trips! anything but more of thaT!!!"" its always the post wall or ephaniny stage girls that suddenly try and shame/badger the men her age to stop doing EXACTLY what she did when she was 22.....",True,False,,,,
Ugy78s-RJTHxl25kf7R4AaABAg,Rational Male Clips,"Idc how many channels or people come up, rolo will always be the godfather & the red pill",True,False,,,,
UgzFKnuH4PAkA55lhhp4AaABAg,21 Studios,"I had to spend $30k to get custody of my son. His mom broke every court order given to her, lied about me to the court and got caught multiple times. She refused to take my son to a pediatrician and now he has scoliosis. She gets to walk away from the fire and I get the attorney bill. Courts are there to make money. If they don't see the money, they don't care.",True,False,,,,
UgzwcL926usOPWnrwO14AaABAg.9WzZFSW6N1V9X-Bij-R4qb,21 Studios,"Yes, it is your guess and thank God it is only that! WE will grow stronger! Feminism is not the solution! It is literally jacking everything up almost every day! Furthermore, you are one of those funny people! Figure out if you are a guy or whatever it is you choose to call yourself before speaking on real men issues! As a matter of fact, don't you have your own category? SMH",True,False,,,,
Ugwfuu8nvic3FdwVhIh4AaABAg,Rational Male Clips,"My ex-wife was really good at faking the ""fuck me silly"" desire early on, which dried up after marriage. Then when I almost died in surgery from appendicitis, she turned on me hard. She clearly viewed me as weak PERMANENTLY after that, and behaved in a way that gave me zero desire to change her opinion. It took a while to get my ducks in a row to divorce her. But I've never been happier. Never marry. Most women just want the ring so they own you.",True,False,,,,
UgwqOEUtTYauEHBxwv94AaABAg.9iff89LF9rm9j4-CQ2_s5Z,21 Studios,"I get it’s a cold world out there for us…. But us men need to stick together these times…. Society wants to paint us as toxic, perverts, grapists… we’re got too many of our own issues to be playing these immature female drama games",True,False,,,,
UgxCncZ6oJFC5kIVz794AaABAg,Better Bachelor,Stay red pilled and single fellas stay busy,True,False,,,,
Ugz7cF3eNo93_gpScZt4AaABAg,Entrepreneurs in Cars,we need to stop objectifying men for their money,True,False,,,,
UgwxpFPhVV8P4xkkRfp4AaABAg.AWeUPkwmTvmAWjsQmE8AK8,Better Bachelor,"They MSM knows. They won’t show the story because it will damage society even more. But instead of addressing the issue they want to protect the consumer which is 80% woman, hence only their narrative is always presented. The problem for them is now, men have checked out of the dating and marriages. Society is imploding, and they are falsely thinking silencing the truth will prevent it, instead of correcting the issue. So we have to wait and bust out the popcorn until Medicare part A, social security becomes insolvent and wait until 45% of woman between ages of .25 and 44 will be single and childless by 2030. I’m guessing around 2034 is when they will come around, by then society is too far gone to come back. And it’s happening world wide, fertility crises",True,False,,,,
Ugz6GEZM6J03amRI6jt4AaABAg.AIFrZss5fxQAIIJHVPJnI6,Rational Male Clips,"Well, as per briffault’s laws, xx.s seek (at least prospects of) benefits, with regard to genetics and provision | protection. And humans to varying degree so obviously, depending on socioeconomic context.",True,False,,,,
Ugymxj0y2ou3lgtMoUJ4AaABAg,Fresh and Fit Clips,real talk i started my journey last month and i already feel and understand what this guy says. nothing men get is free we have to work for it. The beauty in being concious of this is the ability to change.,True,False,,,,
Ugx0LRF8LvK9tzCWX_54AaABAg,Rollo Tomassi,Rollo you killed me with the “we need to have a ball pit in the community area” hahahaha,True,False,,,,
UgxNDgwaN1nKvXU59Ct4AaABAg.AO-7zLBDXydAO-NzBO6KDd,Better Bachelor,We need to arm bears,True,False,,,,
Ugz0bcXlgMDNot7UlKd4AaABAg,21 Studios,"For the Q&A 1hr in. We need to cross promote each other as much as possible. I have my own site to help do that very thing. I myself am not ""necessarily"" a trailblazer, anymore; I myself on more in my ""fall"" stage in life as well. My site is designed to promote said trailblazers... Like yourself.",True,True,,,,
Ugz9klwWLvL2CQCaz2h4AaABAg,Entrepreneurs in Cars,"No offense my man but you really kicked the bucket with this one, you come here after all the videos you made about female nature and the modern woman and you present us with ""facts"" pulled from a study where they asked women of all people, on... whatever keeps them... seriously! This is the literal equivalent of asking a gambling addict for financial advice! Why on earth would you ever consider even for a second, that somebody who takes lying to an art form level, will ever tell you anything remotely believable... i thought you of all people would know better! Reading through the comment section i can see most people here are of the same mindset",True,False,,,,
UgxbBE-1oJAgMv1sXH14AaABAg,Better Bachelor,The truly sad thing is so many men actually fell for the grift! We as men need to live in reality and leave the fables to women and children,True,False,,,,
Ugxnxc5rRY9mMkYNOwh4AaABAg,Rollo Tomassi,"Remember what Maximus said, in Gladiator, to the leading lady, 'you have a talent for survival' & 'the boy, he's safe?'. Not for realm. But for her young son & herself betrays Crowes character! Female nature!",True,False,,,,
UgwxaPLWLhawi_JkhaB4AaABAg.AWC_eVPUzo-AWDhAgFgjCc,Rational Male Clips,"Underrated comment. Men refusing to maintain basic infrastructure will bring them down to their knees. Only problem is, convincing men that we need to defeat Feminism over every other social ailment. It is the great Satan so to speak, and it is absolutely worth a revolution",True,False,,,,
UgwCI4L3LQt8k0dXIJh4AaABAg.AGdWDkh4bTPAGefDCqMxvH,Rational Male Clips,"Shortsided People obsessed with the number miss his point in the end. You have to be her best (she ever had, can ever get in her mind) to satisfy hypergamy. Your imprint blows out all others. It's better to be the absolute best out of 10, then second place to the one guy she'll never get get over. Don't commit to any woman unless this is the case.",True,False,,,,
UgwfHomx2oumaktRKlZ4AaABAg,Myron Gaines X,The Wall is undefeated gentlemen.,True,False,,,,
UgzQN5dzePZx4LxXtYF4AaABAg,Better Bachelor,"NPA storied says women are taking 17x the jobs men are. IMO what men need to do is how to create their own jobs, cant be fired or forced to do DEI and Harassment training if you are the company...",True,False,,,,
UgwtAnhaVJspOVhphBd4AaABAg,Myron Gaines X,So him and his brother come messing with him but it's not ok to defend yourself but a black man more than one has been chased down cut up head to toe they even put his dick in his mouth police didn't want to help him say a animal did it but we are supposed to teach our children it's ok to walk away just let ever race especially whites kill us not all is like that that damn near every day things but yall think we upset you should pray that we are just upset right may the Lord God Jesus Christ Holy Spirit has been with us because we don't want to kill but don't ask us to continue to get hurt see our men and children hurt start with black women to wake up but you all know that don't you,True,False,,,,
UgwK_w7fui4_cevzuz94AaABAg,Entrepreneurs in Cars,"at 10:53 men dont walk away from good women,,, ,such as this. omg useful and respectful. and compliant",True,False,,,,
UgyH0EAKj307ab22CdV4AaABAg,Rollo Tomassi,"Quite frankly, I think a lot of this nofap became popular with guys struggling to get laid and looking for shortcuts, superpowers etc. That's how it felt for me, anyway. Guys who are getting regular play don't have to worry about it, because they can satisfy their needs without ever having to take matters into their own hands. Then you're basically playing nofap on easy mode. There are some benefits to not spanking the clown all the time, but they eventually flatline and you have to get it out of your system at some point. There is a bit of a definitions thing here, in that you have no-porn, no-fap, and semen retention (i.e. no sexual release at all). And surely anyone who is compulsively masturbating, especially when internet pron is involved, can benefit from going cold turkey. But it doesn't really make you a morally superior person and the whole religious dimension that was added to it later is just weird. One interesting thing is that the whole thing about keeping count of days without fapping/porn can actually be damaging. Trying to use only willpower-based methods and toxic shame. Like imagine trying to quit watching porn and you do it by constantly being on Reddit, counting the days, constantly thinking about porn and not wanting to watch it.",True,False,,,,
Ugw_tQQESzF72BDxba54AaABAg,Better Bachelor,When the 19th Amendment passed civilization entered into a suicide pact with itself. The bill has come due.,True,False,,,,
UgyvnDZQHD8b6n8DolZ4AaABAg.ABFohf59PviABGAjqdFeRo,Rollo Tomassi,"Dr. Richard Reeves has the same problem that Tom Byleu from Impact theory has: Awake while married. They're both married to feminists and during marriage, they understood many fundamentals of the red pill, but they're too blue pill to make a fundamental /mental shift to shake up their relationships. Richard Reeves is the worst case of the two. I don't think he has it in him to ever have mental point of origin. Tom Bilyeu, being an entrepreneur and an empire,has some masculine traits. There's some hope there.",True,False,,,,
UgwlpD5D-IfQykq3W-54AaABAg,The Free Agent Lifestyle,"Men need to also practice some level of stoicism. No reason to be that emotional over a broad cheating. If its that bad just give her a few ""badges of honor"" and either kick her out or leave.",True,False,,,,
UgyKApw-Dk2Qoe6qchR4AaABAg.AUJDaey0VpQAULKbXJCo2l,Entrepreneurs in Cars,"@UltraCodex66 No, it's that what passes for ""higher education"", especially of woman, is a fatal INDOCTRINATION that makes her far less suitable as a wife. The hypergamy very much NARROWS her choices in men; if she starts out of college with a $75K/yr job, she won't bother with a young man making less than $125, and will be drawn to the OLDER man making $250K, even if he STILL MARRIED. The indoctrination also causes her to reject some ""working class' young fellow, whom, even if he's ""ruggedly hunky"", will still be perceived as a lower-class man, especially if he comes up driving the 15-y.o. extended cab pickup with the ladder rack, tool boxes, and equipment in the bed, handed down to him by his Dad. Never mind that he's debt-free at 25, owns his own modest house which he's fixing up, WHEN he can spare the time from work that he all but has to turn away, and he'll INHERIT the company which is already doing MILLIONS in sales, he himself taking $150K in salary and pouring TWICE that back into the company for expansion and modernization. He does have another car, the 1972 Plymouth Satellite Sebring that he and his Dad started restoring when he was NINE, and he drove it to school every day once he got his license. But all that ""work with one's hands"" just doesn't suit her, and guess what? That's FINE by him, too!",True,True,,,,
UgxYtqSVlmrD8IZpjiJ4AaABAg.AYuGkw2lXoKAYuKRCXZCHb,Myron Gaines X,"@adamproud7986bro, isnt he the master of knowing it all about female nature? He knows everything. Yet he's heading to 50 and got nothing to show for it. Bro here talking to dog like a human. Disgusting and pathetic.bro screaming get your money up and get a family, he is a multi millionaire, are you even sure his seeds are capable?",True,False,,,,
Ugy80xhGosMYr9qN2Gt4AaABAg.ADTZwJCzZCEADYsEgRpzpo,Rational Male Clips,"You can actually acknowledge this without buying into feminism. It simply acknowledges the reality of the ego-centrism of female nature. It is like saying “the stove is hot, don’t touch”. If you accompany the expression with buying into feminism that this expression becomes problematic.",True,False,,,,
Ugz1RBWtQyQs9tIx5tJ4AaABAg,Entrepreneurs in Cars,Very disrespectful. Men stand up for yourselves.,True,False,,,,
UgzaYcR4--LvuKm2Pjh4AaABAg.9_7QdWt5POx9_DNP98MFi9,21 Studios,"@julesfalcone its Misandry Today on YouTube. However I post new videos to Bitchute, Odysee, and Rumble. On these platforms they're listed as Misandry Today.",True,False,,,,
Ugw3PmFi87gT2lwce8t4AaABAg,Fresh and Fit Clips,Give up the baby for adoption or go to a baby safe haven firehouse or hospital. Walk away.,True,False,,,,
Ugz38zhN7ZBpaTfQ4wd4AaABAg.AMB8_5mKqaAAMFdE5BhPpt,Entrepreneurs in Cars,*That would make unfaithful women be grateful until they hit the wall*,True,False,,,,
UgyF8GMMaTnG_6rh4ct4AaABAg.A7tidinUs_CA7u9t8W2hxO,Rational Male Clips,All I know is I'm 33 years old and I feel like there's no incentive to getting up and trying anymore. Only leave my house for work and food. Everything really sucks.,True,False,,,,
Ugwujj00IvIIQ_vODE54AaABAg.AEsvzbWvFxRAF1i03jviih,Fresh and Fit Clips,As men we need to start valuing only the women that are actuall6y cheering you on in the middle. Stop rewarding the women that wait at the finish line.,True,False,,,,
UgwyyzaJVkTZfOHjfqx4AaABAg,Rich Cooper Clips,Now I see why some married men say that men have to always keep their edge or that woman will start seeing that man as weak.,True,False,,,,
UgxhNGUPsrm47MMzfgl4AaABAg.9hUdPhKZR209hjoy3ay_1p,21 Studios,@Tdawg93a Stop being in thirst for a post wall gym granny okay you making me laugh,True,False,,,,
UgyRK9RrXymA5IHTkAN4AaABAg.ALARi24_03YALEsXyl3GaM,Entrepreneurs in Cars,The wall in a marathon happens around the 30th km. Coincidence?,True,False,,,,
UgwwR387krQw9tadZjd4AaABAg,Myron Gaines X,I do agree some ppl are too deep into it but it is the only sense of community and friends for a lotta ppl. I’ve made some of my best connections thru just talking abt sports. I understand as men we have to grind for the bag but just bc ur making under the top 1% doesn’t mean you shouldn’t be able to enjoy some fun things in life,True,False,,,,
UgwPHNHMVBQ2oSinV_B4AaABAg,Fresh and Fit Clips,Yeah men going their own way ❤,True,False,,,,
UgzcX64Viv90ncdlpJF4AaABAg,Myron Gaines X,"Lets be serious,some of us arent skilled.enough to make 6 figures and to say if u dont make 100k u shouldnt watch sports,yeah no problem,when im off work i will just look at the wall,no down time,just working forever,i enjoy my life,money doesnt own me,im happy,money obviously owns you,surely u cant be happy if ur so money orientated",True,False,,,,
UgxmalEZjhM9gR_Av854AaABAg,Rich Cooper Clips,If women can't be held accountable imagine their husbands/caring boyfriends trying to correct them. They get arrested for domestic violence. That's what real domestic violence against women is - holding them accountable =/,True,False,,,,
Ugx5jc7PPJKAqlBqBnt4AaABAg,Rich Cooper Clips,Just dont marry or date anyone if it hasn't worked out. Stay single the less opportunity they have to wreck your life or leave you broke the better.,True,False,,,,
Ugy6bdzuLW_F0dVbpLR4AaABAg,21 Studios,"So sad that men have to attend seminars because of toxic women. Women are in similar spot. Strange world. Good ole days of meeting a person in the normal course of life are nostalgic. I wonder how humans will interact a couple years into the metaverse? Find someone IN CHURCH now, enjoy the life you have now. Times are a changin",True,False,,,,
UgwpogSdPxwWWKVja7d4AaABAg.AHZfJ33pEMQAH_nY3Mwroy,Fresh and Fit Clips,"As much as it's women's fault, the simps are part of the problem",True,False,,,,
Ugx_rKGLXO7hedk74J14AaABAg,Rollo Tomassi,Rollo plz write a book on marriage game and how to be an alpha most of the time in marriage ... Btw huge love for your work and it helps me to unplug.,True,False,,,,
UgwAuPLglrPlsZApkLV4AaABAg,Entrepreneurs in Cars,"You need to talk about babies❤ it's all about the babies😮 when the babies are off the table😂 so is she😢 why aren't you teaching men to be hypergamous (not money, 'looks) you're only teaching men about retaining. Women are praised for trading up🎉 men are shamed😮 this needs to be changed😊 women just use men two monkey branch men need to do the same.",True,False,,,,
UgyLMH-NoIO970JP5cp4AaABAg,Rational Male Clips,I got red pilled/monosphered back in 2021 when I was 39. I'm 43 now. Unfortunatly I had a late start.,True,False,,,,
Ugz6WAZXzCELQjDDVn94AaABAg.AVscZe4aJv3AVstlNxyg7N,Better Bachelor,"Too bad the Australians gave up all their guns, they can’t even fight back.",True,False,,,,
Ugy-ylYRo42njYlzblN4AaABAg.AJri4q23D0MAJry-FwdgWJ,Better Bachelor,"You nailed it. 💯 Hypergamy always comes down to one word: More. They will not be satisfied and sooner or later, you won't be enough. What you do with that knowledge is up to you.",True,False,,,,
UgzvwLqJb8kYMX5qTAp4AaABAg,Rollo Tomassi,"2:55 Chris can probably ""just be himself"" because he is what he is, with all the fame, money, and looks he has got. But for the rest of us, we need to keep working on ourselves.",True,False,,,,
Ugxu53U3nkUv0JXISOh4AaABAg,Rational Male Clips,I had to stand up and walk around. A great weight disappeared. Decades of mental suffering has been repaired and erased. Thank you so much Rollo and Casey.,True,False,,,,
Ugz_jV-FEzi4uMlz7Yd4AaABAg,Rollo Tomassi,"I watched that whole show on the Jordan Harbinger show and then proceeded to call them out in the comments about only going halfway on the red pill. And then of course Jordan himself goes into the comments and starts trolling everyone who doesn't agree with him calling them Simp Incels, and others ad hominem attacks.",True,False,,,,
UgxesiSoaCtpvTWf_gB4AaABAg,Entrepreneurs in Cars,"If she makes content about herself, walk away. She's insecure and seeking validation to fill her black hole of insecurity. You'll never be enough.",True,False,,,,
UgzJ9jxqI6FtnzmvuCN4AaABAg.9dxStCDbAH39e65kbDiXOL,21 Studios,I’m not sure but I’m guessing it’s because daycare for a 2 year old Is like 1200 a month. People need to wait until Marriage to have babies and then take care of them on their own. The United States doesn’t provide subsidized childcare because we have to pay all of our budget to military and social security (which was pilfered for a war).,True,False,,,,
UgxcX3Si-8KQec-5rw14AaABAg,Better Bachelor,"Crocodile tears because they just want things to go back to exploiting the men they want with no accountability. You mean nothing to her, she just wants her crown back.",True,False,,,,
Ugy05ujUCI0jur3rVl94AaABAg.ARjYoK0gAuvARlsz92MGCb,Rational Male Clips,Be a real man and save the 304,True,False,,,,
Ugx6IeXRbnwR-ZNTL654AaABAg,Rational Male Clips,"Naturally Polygamous. I don't know about that. But on a biological level the Masculine does react to novelty. In the end Monogamy is a choice(influenced partially by place and his circumstance) and jut like Polygamy(it comes with a cost), That said it would be naïve to ignore the role of Hypergamy in this dynamic. If a Man is powerful/successful enough he certainly has the opportunity, some do(Wives + Mistresses). while some don't . Again It depends on the Man, his circumstance and his choice .",True,False,,,,
UgyyLWpFdfo-QMz4eod4AaABAg,21 Studios,"Who tf is this guy? I mean shit, finally someone speaking truth. I must have accidentally stumbled across one of the VERY FEW, real men on u tube. The proverbial ""they"" have been systematically destroying what it is to be a man, so good for you sir for being one...",True,False,,,,
Ugzuj_BHn3k7zyM-Odl4AaABAg.AOxgnIvAK6HAP-NLcqalaI,Entrepreneurs in Cars,"♫""Just walk away, Renee.."" (😄)",True,False,,,,
Ugzc_bKCfJwlK-l8QEl4AaABAg.AY50coTZ_SQAY7_rSzlkGD,Rational Male Clips,"@ludwig7974it's hard to pinpoint emotions. Guesstimates are safer. She won't say it herself out her mouth. Remember, women want men to be mind readers. So we must be wizards and magicians",True,False,,,,
UgxPRqkmI1Xj9rYjEG54AaABAg,21 Studios,"Pearl talks to females in the streets, she has females on her podcast and she always gives the floor to men and definitely acknowledges where the information comes from which is men...most men know shes not an 8 and i think shes rated herself a 5...i mean they are women right, but as men we try to hope women start to understand these red pill basic ideals at least a little and there are definitely red pill WOMEN with basic principles everywhere in the world...21 studios is quite confusing to me, call me what insult you want lol slinging insults is not my masculine nature but also if i can add dreamy johnson the ""president"" was redpilled in like 2018 or spmething right? I mean ive been researching and learning about these things and the failures of the culture, economics etc since almost the birth of youtube, so no disrespect but i got no problem with silly redpill women doing their best once again you got to blame simps not the women thats on us again to be stronger as men. Cheers 21.",True,False,,,,
UgxgslNtzmI1kzsVcPJ4AaABAg,Rich Cooper Clips,"Both sides need to shop in their price range. Problem is, simps will inflate women's egos making, even the average ones, insufferable. Once guys stop simping, the dating minefield will become easier to navigate. It will always be challenging to get the top shelf in looks, etc but it's near impossible today with simps taking women to Nobu just because they have a few cute pics on Hinge and responded to their message looking for a foodie date.",True,False,,,,
UgxL9OVBH4FsO-1s9414AaABAg.ALalxh0IfahALd8EaFfs_H,Entrepreneurs in Cars,"Yes, you've been duped, used, exploited. Now wake up and start learning about the reality of female nature and the way the system exploits men and fathers.",True,False,,,,
UgwIwiiPdkSeTMiMcq14AaABAg,Rich Cooper Clips,And he painted the wall white !! Boring.,True,False,,,,
UgziMXO3RyPpsOy9zH94AaABAg.AJo-kXFne7mAJo88lMw0fK,Rich Cooper Clips,wont she resent you due to hypergamy and think she can do better?,True,False,,,,
UgwsyLAfgRdfYJTgYz94AaABAg,Fresh and Fit Clips,Just like why there aren’t weight filters in online dating but have height filters. It’s a double standards. What makes it worse is you can change your weight but not your height but it’s an option online ..,True,False,,,,
Ugzb5GMkgwP_jLIBekx4AaABAg,Myron Gaines X,I was a fan of Tate but as time went on he became extremely corny and overdid the red pill thing to the point it was just ridiculous. It was not authentic at all. If the feds are coming to pick you up and extradite you like that its never good at all and they definitely have evidence on him america does not play like that. They are in for a rude awakening.,True,False,,,,
Ugx3m6s6UBmO00-VXX54AaABAg.AWG59L_F_nYAWsGot286TF,Rich Cooper Clips,"@mr.joshua204 My man! Stand up so we can applaud! MOST IMPORTANTLY, you learned a life lesson to carry you through the next 50 years. Make sure you pass your knowledge on to your son!",True,False,,,,
UgwKQ9bsetFPQrIZn0x4AaABAg,Better Bachelor,"I've been ""red pilled"" since 2014 so they can publish whatever propaganda and character assassinations they like, I'm never going back to the matrix. Once ""unplugged"", I can never unknow what I know now.",True,True,,,,
UgwywFamt53KfkS9rGR4AaABAg.AWZNLFyZl2oAWZUVM63ulv,Entrepreneurs in Cars,"@gerardedison2001 That's not true. I have gone skiing, hiking, shopping, swimming, and out to lunch with only women. You just enjoy a double standard.",True,False,,,,
UgzDIY2kT9gctQfQlX14AaABAg,The Free Agent Lifestyle,Why would good looking woman who has a career do that????? This is some kind of slavery. Why would I sleep with a man when I don't want to or why would I leave my job if I can not just walk away????? This is mental and sexual abuse. I don't care of you are a millionaire or a billionaire,True,False,,,,
UgyX2zmAAaXpNOb7DF54AaABAg.AZ5OdGMZcqWAZ81t6jGh9C,Entrepreneurs in Cars,"@BearHomeOwnerDIYWhatever, ""Mr. Contrarian,"" The Essenes of Qumran were red pilled. Arthur Schopenhauer was red pilled, the Apostle Paul was red pilled. How far back do you want to go? It has _not_ been mainstream since 2000. It's recent. Go back to arguing with women. You ain't winnin' anything here.",True,False,,,,
Ugxno615o5nWd-M_CZB4AaABAg,Entrepreneurs in Cars,"She rode the hotdog carousel too long, next stop, The wall.",True,False,,,,
Ugxh_xb5Nmf7gxIXToh4AaABAg,21 Studios,"She said NOTHING wrong. What he is implying is that a woman MUST have a man for him to respect her success. Ladies read between the lines. There is no more arguing with these men, no more begging them to be leaders to have a standard for themselves and their families. Being single is a WONDERFUL time in life for you to focus on yourself, to learn SELF, no responsibilities other then yourself, dont rush to be his ride or die so he can have no respect for you, to cheat on you, surprise babies or STDs, you won't have to beg them to be fathers. You can get your career, travel the world, you can love your life as a single woman. I'm sure someone will say but you can't sex yourself,😑that's the only time they know how to exhibit ""manhood"" when they are having sex or beating on someone weaker. No other attribute of manhood comes to their minds.... Most of them are not builders and they come around to take as much as possible while giving as little as possible. Love yourself. You matter too. Your success in life is NOT measured on how you were someone's gf or even a wife because they don't respect marriage either.... They dont respect the years of dedication you gave to them, they don't respect your loyalty.... Don't let them gaslight you. When a person is accusing you of something, it's because they are doing it... Ladies always have your own home, transportation and income. If you loose your independence, you are subject to all manner of cruelty as our mothers in the 1950's, being abused and unable to leave..... We have to stop hating eachother. We are to uplift and love EACHOTHER and talk to our daughters about real life. Teaching them to love themselves and have standards. Be the mother to your children that you needed. Be a listening ear to your children. Don't baby your son. Show him that with every action, there is a reaction... Teach your son's the truth about women, tell your son's that a woman will only respect a LEADER.. let him know that, it is unseemly for a man to be asking a woman for permission to be a man, as I have sent men do several times... The "" she won't let me lead"" is a pitiful thing for a woman to hear. Tell your son's that if he has to beg to be a leader, it's because he isn't a leader... Let your son's know that being a king does not always feel good.. let him know that good judgement is key. Let him know that pointing the finger is childish and will not earn him respect of any woman.... We have to change the way we treat our son's because we are raising men who are feminine because the men are abandoning their responsibility. They are blaming you women for not knowing how to raise a man(duhh) but no one is asking the men why they CHOOSE to abandon these babies.... Ladies if you have no children, dont let these men convince you that to be successful, you need a man. ALOT of them are costing you your health, sanity, lives, some of these thirsty dust buckets are molesting your children and sometimes murdering them... Life is beautiful ladies, don't let them manipulate you to believe otherwise... Robots will soon be available for them to marry. Let the males marry robots and let the king find YOU💎💍✨",True,True,,,,
UgyNmGKRDP99KHpuPwZ4AaABAg,Rollo Tomassi,"Look at that panel, it's like listening to the nobility or some other sort of privileged class. Women live on easy mode.",True,False,,,,
Ugz00oMMoLuiFGlB2Ll4AaABAg,Entrepreneurs in Cars,"Yes... but you're wrong. Most divorces or wives cheating happens not because she had no GBD towards you when you met. It happens because they lose that burning desire, get bored and want to upgrade before hitting the wall.",True,False,,,,
Ugyyjl86f7LcPNKjxcR4AaABAg.AY2bQ_f1jc4AY2mh3QhdZd,Rich Cooper Clips,"@LESAMBASSADEUSES Today, no smart man would want to get married. We were all indoctrinated (part of Childhood Credulity) to desire marriage, just like we were indoctrinated to believe in various gods and traditions. We must awaken, and stop seeking marriage as it has nothing to do with love. We need higher ""specificity"" thinking based on empirical evidence, not culture.",True,True,,,,
UgyZdtzGksZ_UeUth414AaABAg.AJE3HzJWDqiAJFPpfANyqy,Rational Male Clips,All of the red pill channels say that men don't care about how smart a woman is Then why are you bringing up their education?,True,False,,,,
Ugx1D4rCBU8W-0qGTnx4AaABAg,The Free Agent Lifestyle,@FreeAgentLifestyle Learn what the red pill is and stop calling this degenerate guys as red pill. There are many fakes pretending that should not be confused with the real thing. Red Pill says never argue with a female. Never tolerant any disrespect. Be stoic and calmly remove her without having to put your hands on them.,True,False,,,,
Ugw-qh4vlBdgFYKh-R14AaABAg,21 Studios,"I’ve had a similar opinion about certain women in the red pill space like Pearl and Chantelle Simone to name a few for some time now, and it seems all they’re doing is pandering to men for engagement, super chats etc. Pretty much regurgitating the same KS talking points, without any substance of their own, and even Pearl for example; she constantly cautions women to not solely focus on their careers and to have a sense of urgency when looking for a long term partner, but when she’s asked if she’s in a relationship she says she’s single, and has been like that for the past year. No hate to Pearl, and her content is fun to watch, but I do see Pearl and women like her in red pill as hypocrites. They just pander to men so that they get money and engagement, and just from her own lifestyle she doesn’t walk the walk",True,False,,,,
UgwuYyGIaOV66e0tRih4AaABAg,The Free Agent Lifestyle,"11:02 cga (or anyone who wants to jump in) how do you think you’d react? Me? I probably just walk away and not speak to someone like that. However, threaten them with physical violence? Not a chance 😊",True,False,,,,
UgxgbebAjs5_7YbqG8Z4AaABAg.AVdr9uUsKl1AVgl_EWkZNm,Entrepreneurs in Cars,It makes me sad if it was true what is saying if all women like that why would any man that wants closeness love would be with a woman.,True,False,,,,
Ugys4mKK_bxnDIJDLOd4AaABAg.AVigLt6nuHIAVissfDnuLc,Better Bachelor,"@terry9238 He probably just means 'slightly-pre-19th amendment feminists' not a specific wave, depending on who's drawing the boundaries between 'waves'.",True,False,,,,
UgyTUBM-1fJ2DYsyWV94AaABAg,Myron Gaines X,Bro is playing the victim card,True,False,,,,
UgyftPJB2bMckMGx9254AaABAg,Rational Male Clips,"rolo has lost huge in his interview with Paul Elan, MRA. the only solution for the times we live in is going mgtow, he couldn't even say anything in his defence.",True,False,,,,
Ugx0YTZB8Fn8cdccim14AaABAg,Rich Cooper Clips,"Yep - if you like sex, don't get married. Almost all of them remove it once you provide commitment, safety and security.",True,False,,,,
UgzAA2l8-dGqzK10vJ54AaABAg,The Free Agent Lifestyle,Lord of the Lings and James Bind 😂😂. We need to credit the coach gang members who came up with those 😂,True,False,,,,
UgzDXDsWSBWv9Ce6SLN4AaABAg,Rational Male Clips,"“Misogyny” is any rational, insightful observation or commentary that upsets a human being possessing female genitalia or a “male ally"". “Nationalistic” means any non-progressive political viewpoint, particularly a view that does not support the creation of groups based upon sex, sexual orientation or race designated for special treatement vis-a-vis white Christian men. What is the answer for real men today? Just minimize contact to essential interactions and, under no circumstances, ever legally entangle yourself with a women.",True,False,,,,
UgzXuhQC-WNLYQUg7BB4AaABAg,Rollo Tomassi,"Trump scream that he’s irrational but whatever. The red pill shouldn’t be political, but here we are",True,False,,,,
UgwVg90n78suFgr7upd4AaABAg,Rational Male Clips,"All of this that's going on with OF and especially IG has made normal regular average girls' hypergamy go so out of control that a girl who is a 4,5,6 only prefer a guy who's a 10 or 9 & it's made dating so much worse for guys who are normal regular average men.",True,False,,,,
Ugwa-_vj2jRguXegKux4AaABAg,Rational Male Clips,The red pill exists because society lies to men about the nature of reality,True,False,,,,
Ugyby5jhhih2GsmaDHV4AaABAg.AKRJlkO6Zw-AKUEZKDvYiM,Rich Cooper Clips,Walk away now Take the loss as a lesson learned,True,False,,,,
UgzOUbrx6aEln-cuUjt4AaABAg.AX5nHpphGuAAX7DMlbtnMs,The Free Agent Lifestyle,"I learned that lesson the hard way over 25 years ago, despite the fact, some of my elders & high school & college friends & military 🪖 co-workers, insisted that I remain single & child free. But NOOOOOOOOOOOOOOO, my dumbass, convinced & deluded myself that i was ""smarter"" than then, and that I was the ""exception"", until reality slapped me hard in the face. 😱😖💸💸💸💸💸💸💸💸💸💸💸💸💸💸💸💸💸💸💸💸💸💸💸💸💸💸",True,False,,,,
UgyIrrNKRkI65J5mhPJ4AaABAg.9WY2G_OSzM-9Whm-776gu4,Rollo Tomassi,"@smith5027 Ah, I see. Yeah I'm out to sorta learn and read up on all I can, so with the Red Pill in mind and how our society is, I'm tryna vet as many women as possible",True,False,,,,
UgwwidOHe7p_szYGKCp4AaABAg,Entrepreneurs in Cars,"I'm thankful that I had a peaceful divorce, and she made more money than me. Plus, no kids, no house or any of that. And now, we are actually great friends and current business partners. I know that my situation is a rarity. My new girlfriend wants to marry me, but I will NEVER MARRY AGAIN.",True,False,,,,
UgzhUuH4P9RJMYDvaht4AaABAg,Rollo Tomassi,Imagine Jordan Peterson scrolling down his You Tube and getting a video recommendation of mekhaila Peterson getting destroyed by rollo tomassi in debate/argument on the topic of hypergamy,True,False,,,,
UgwLEFLPjCybFUDscX54AaABAg.ARh2T7XHsrhARiVURlyYVO,Better Bachelor,We need to make women property again. That would solve most world issues.,True,False,,,,
Ugz-KYjIaE8rF0M59zJ4AaABAg.9_uuE07G86u9dtYDyjSNCY,21 Studios,"Good advice for both men and women . Stay single , stay free, avoid drama. Having said that this woman talking about the man who hates his kids is a lunatic.",True,False,,,,
Ugy_lqpQFcrtyPaW9EJ4AaABAg.AUguM72prLKAUkB9gvmfDu,Rational Male Clips,"I read a interpretation of titanic a while back that blew my mind. It was that the iceberg in the movie is the real hero and not the villain. If the iceberg was not there, Jack and Rose reach their destination and elope together. But their relationship was doomed because sooner or later Rose would grow tired of Jacks low-status, low-wealth lifestyle and would yearn for her old luxurious life of riches. The iceberg was actually there, and by colliding with the Titanic it preserved Rose-Jacks 2 day romance in Roses mind for eternity. Their "" love""was immortalized and she became her pseudo-alpha widow. The iceberg saved her genuine desire for him forever.",True,False,,,,
Ugx1C-uwlnPWctMB7V94AaABAg,Myron Gaines X,We need to be fake,True,False,,,,
UgzbU95XfYAyWyM7RW54AaABAg,Rollo Tomassi,"Men,.. I spin plates here in the Oregon Dong Ha zone against manhood and love spreading the red pill.",True,False,,,,
UgwUSnik-Tpm4H0IH8t4AaABAg,Better Bachelor,We have to be at lowest trust that we've ever been as a nation. Its quite terrifying tbh,True,False,,,,
Ugw-Tc2K_O2lqxKyqJx4AaABAg,The Free Agent Lifestyle,Mgtow it WORKS fellas I'm just putting it out there.,True,False,,,,
Ugw3CVAY_8XHEmnTqc14AaABAg.9rP_eZcV4AY9rPfyaFE-F1,Rollo Tomassi,And smart red pilled men have the upper hand. Because at that point when you’ve made it you turn the tables. The woman are now flocking to lock you down and you have all the leverage. See this is where woman get it all wrong. I’m 38 and single. I just use woman for sex now how they did back in their 20’s. The ball is now in my court and I have all the leverage.,True,False,,,,
Ugw8gGaGYJDgF0g32Bx4AaABAg,Rational Male Clips,"Nobody DARES stand up to women and THAT is where all except the ""Red Pill"" voices fail. That cannot be left out.",True,False,,,,
Ugzp4bK9ZFgFJ_a-2Hl4AaABAg,Entrepreneurs in Cars,Women who sign a pre nup are likely to stay in the marriage. Never marry a woman who refuses to sign a pre nup.,True,False,,,,
Ugyrz-hgM4KBY5NS8al4AaABAg,Entrepreneurs in Cars,Be all that !! BUT NEVER MARRY,True,False,,,,
UgxZcAAsRBeUZqlQ0yN4AaABAg,The Free Agent Lifestyle,This is supposedly a man of God??? He can't make it more obvious that he is jealous of men who choose to unplug from the comforting lies of society and truly live life free. This guy might be one of the biggest clowns I've ever seen on the internet.,True,False,,,,
UgyIw8BEGmEVVLUfAIF4AaABAg,Rational Male Clips,Men have to be men regardless of women and regardless of what women want.this is still mans world and man still knows the way.when a woman gets on program he will only become greater or more popular.mwn have to stand on manhood with no excuses.,True,False,,,,
UgwyDakE3LfupmOjtYR4AaABAg,Rational Male Clips,The most quoted study on hypergamy says that women in the west tend to date up and across Not just up which Rollo is saying,True,False,,,,
UgziZeRL_tQvCltXG8t4AaABAg,Rollo Tomassi,"Are we seeing a new concept here? I mean you have the alpha widow concept where she has been involved with an alpha male. Is this clip more of an alpha imprinting without having met, as in she saw Leo in Titanic in her 20's, got swept up in the love story of the movie and sub-consciously he's become her image of the prefect man for a relationship. In that way Bezos is contending with an idea in her mind that crystalized over decades. No one could counter that.",True,False,,,,
UgzI4gzIXofDxyUXoGN4AaABAg.9dEZOrboX7s9dLKDZ9YN1z,21 Studios,"@orangeapple681 Tbh bro, a woman will only do what you allow. Us men have to put our foot down because at the end of the day we are the leaders of the household and most modern women today say they want equality but only when it is in their favor. Most modern women wont share equal responsibility when intruders break in the household. And thats just one but there are plenty of others that they would let you do by yourself. And it doesn’t make any sense to have equal leadership in the household if only one person gets blamed all the time when things go left. These same women that hate being submissive have no problem going to work and being submissive to their boss that could fire them at anytime but refuse to do it for someone that loves and cares about them.",True,False,,,,
UgywJ7c0LiCd-DLhI5p4AaABAg.AJ7kiKHAXOHAJ9eLNhCLwb,Entrepreneurs in Cars,"@Dominic1962 100%. And big daddy alpha state loves to steal our women from us under threat of violence and he has endless amounts of money to implement his strategies, unlike the common man. If you refuse to succumb to the demands of big daddy state (i.e. let her get swallowed up by him or refuse to pay child support), it eventually gets to state violence and guns and handcuffs. Legions of men can testify to that firsthand. Yet we sit around and refuse to take our power back. Because,apparently, women must have formed an army or something that can stop us while I was in the washroom? Somebody fill me in on what power women have to stop us from setting society back onto a moral and productive path. Anyone? Nah, let's jump through flaming hoops and twist ourselves into Red Pilled Leadership pretzels instead (and the outcomes are still a relative coin toss, even then - because somebody corrupted our women).",True,False,,,,
UgwtjMfdTWqeFCKDDMR4AaABAg.A1xuEaivjlHA22kkt9u1O4,Rollo Tomassi,@heybudstfunow Sneako! what a fucking joke! Rollo has been around since before 2012! The real founder of the red pill is Ester Vilar!,True,False,,,,
UgxoPdfzznajnqAv85F4AaABAg,Entrepreneurs in Cars,Good for this guy way to stand up and be a man,True,False,,,,
UgzETBs1vwjpFnaTTNx4AaABAg.AZKkqzz9WFdAZLWV5l1CTU,Myron Gaines X,You’re right and I get this is kinda its own separate issue… but still… “The JooMoviezWere better back when __” will never be the argument people think it is. We need to let all of this stuff go. None of it was ever meant to help us.,True,True,,,,
Ugwr1kppXg6F9JitpLN4AaABAg,Fresh and Fit Clips,"It's not a real tinder profile, obviously just a meme made by a guy to troll the red pill 🙄 Embarassing that Myron of all people can't see that.",True,False,,,,
UgyBbeGdXpTQJCyXdFt4AaABAg.AWaVJceqQ6XAWdkEazU_eJ,The Free Agent Lifestyle,Never marry a woman with student loans. Period.,True,False,,,,
Ugz1oxkEjzyEWt3Onax4AaABAg,21 Studios,You would have a better effect with your argument with ensuring that the child has an understanding of their paternal and maternal family medical history. If the father has a genetic disease that would benefit the child knowing for a current/future cure then it is in the child's best interest to ensure paternity. Don't go for the boo who argument for men. No one cares about men being screwed over but men and we are not the majority of voters. Ensure paternity for the child to ensure the child's familial medical history.,True,False,,,,
UgwPRVMPUdH3JvFafsl4AaABAg,The Free Agent Lifestyle,Coach is right 😂 they are 🌈 I disconnected ages ago from the red pill space. He’s spitting facts. You better listen 🎧 don’t let them brainwash you mate. I’ve noticed the plays more and more when I went manosphere,True,True,,,,
UgyQjzLhZdBrIPDk2yl4AaABAg.AVx2DYocRqQAVxMyZ4L69e,Rich Cooper Clips,"Yeah, neither are you. You want control, too. Stop lying. You think you are special? Stay single, we dont care.",True,False,,,,
UgzjkGJiu6io-wGsN_14AaABAg,Rich Cooper Clips,"I believe most men have to go through extremely tough relationships in order to start looking for the truth. Or, to even believe the truth. That's all red pill is, finding the truth.",True,False,,,,
UgwDcf00mHe7g-PVved4AaABAg,Rational Male Clips,"That's not the red pill, that's the cold pill!",True,False,,,,
UgwUUYVnvi3zkCdXmyl4AaABAg,21 Studios,"Our general in World War II after the conflict was completed said now we need to defeat communism need you to defeat communism, and then they kicked him out and took him out of command",True,False,,,,
UgyeadmK9fbuTVZ-oXl4AaABAg.AB3nErr8t1PAB5NFbrIysy,Rational Male Clips,"@traviswilliams1398 Because betas don't realize that marriage is a scam. A beta wants to get married because he feels that he will be complete with one woman and thinks that he'll get unlimited, exclusive sex forever. Big mistake. Now if that was Rollo's son, he would advise him to not get married until he is at least 35 according to his RP preaching and to get your path and purpose ON before you settle into the marriage trap. It's a trap, been there, done that. On the female front, yes, get married so that she is provided for and get's half his shit if it doesn't work out. Great deal for the woman. Shit deal for the guy, given the unlimited choices and legal protection a woman has today.",True,False,,,,
UgyTASxP6itxBCc9T6p4AaABAg,The Free Agent Lifestyle,4:19:50 Manifesting is ONLY a woman's belief because they never produce themselves rather men come into their life and open the necessary paths for said things to happen. Therefore it is magic to them and only the woman can afford to believe in things suddenly appearing in ones life because of desire alone. Men must be realistic and not delusional as they have to take the necessary steps to make things happen.,True,False,,,,
Ugzsf15eokaI5hE-kS14AaABAg,Rational Male Clips,There is no accountability anymore. As long as the government keeps subsidizing people who make terrible decisions nothing will change.,True,False,,,,
UgzfONsVtaPhDL-Y4jR4AaABAg.9vuvEP1X3Gu9vvHQayQReC,Rollo Tomassi,"Facts, bro 😁👍the Red pill can be a life saviour",True,False,,,,
UgytEtC0mFzP3VTEJ7J4AaABAg,Rollo Tomassi,"If she wants you you are Alpha. She breaks rules for you. If she needs you, you are beta. She makes rules for you. It's that brutally simple. Know exactly where you stand with her. You want only two things when it comes to women that you find attractive and that you should never forget or abandon as long as you live: The best from you, is this the best you can do? In whatever you are doing with your life or sport/hobby/occupation and GBD (Genuine burning desire) from her. Now GBD is the only the first phase, vetting her is the second phase and making possible preparations for the potential exit phase that she is always in control of that is the family law/divorce rape phase. You're good to go I believe in you soldier.",True,False,,,,
UgyGnPBkZqHzMpDxyft4AaABAg.AWf56OqJLKEAWgpJKUnEBz,Better Bachelor,"Yes. But, we must end procreation as that is the path to eternal peace. Stop the indoctrinated desire for family, only romance.",True,True,,,,
UgzmWnrFYwLfC1Cb7t54AaABAg,Myron Gaines X,"there is no such thing as feminism, i just a another version of hidden misandry",True,False,,,,
UgwNK7JQElLi8PMQUep4AaABAg,Rational Male Clips,"Divorce stats do not support the alpha widow concept. The biggest rise in divorce is with women losing their virginity, and the rate of divorce doesn't increase much with more than a body count of 3.",True,False,,,,
UgwSIIwCThML1Uvg_pZ4AaABAg.AFBw_sdX06BAFC6jdQVn1P,Rollo Tomassi,"@RolloTomassi Torshaa is a woman, she's not particularly insightful, yet you endorsed her. It's fine that women are in the space, but I guess we're finding out why women aren't supposed to be the preachers. Also President Sunday isn't exactly red pilled. He is very much a blue pilled, trust all women, men bad, #meAlso. His critique of Destiny ""universe"" is decent, he just needs to apply the same critique to himself and he'll be worth recommending. Watch where he critiques/analyzes something new and foreign.",True,False,,,,
Ugy4mAhaPdnOLsp-bz94AaABAg,Better Bachelor,"This is a problem for all society. These women won't be rich and wealthy when there's no running water or electricity! We need to look into solving this. But the problem is, people don't want to listen, the top guys who get the girls won't care, neither will the women when they are young , hot and getting male attention. And the guys who are left behind are too ashamed to admit publicly what is going on. This might be our big collapse or reset of the current world. This is our flood !",True,False,,,,
UgydgSqz0TK887nBdCt4AaABAg,Rich Cooper Clips,"Corey’s video coaching newsletters are very entertaining, and like Moff said, he does make some good points. He’s also been around a long time and helped pave the way for channels like both of yours. The description of him as being an introduction to this type of content I feel is pretty accurate. Seems like he never fully unplugged though. I view him as being pretty old school and almost a bit outdated. Rich and Moff have just taken it further, but that’s the way things tend to go. You have to go further and push the envelope. You have to be more provocative than the last guy and get those clicks. Corey talks shit about the red pill and cautions guys about it, and for good reason. Rich himself has also talked about the manoswamp and not going so far into it that you end up just hating women or giving up on dating altogether. I see Corey and Rich being at opposite ends of the same spectrum. I’ve disagreed with both at times and cringed at both; Corey for being too soft, and Rich for sounding too cynical and butthurt. I’ve gotten a lot of value from each though and will continue to do so. I’m not a fan-boy for either one of these guys. I just sift through the dirt to find the gold.",True,False,,,,
UgwF9PeGz72DCBnmAgF4AaABAg,Entrepreneurs in Cars,I had to walk away from a single mother when I bought my motorcycle.... because she screamed at me for buying a bike and not a car for her daughter.,True,False,,,,
Ugx1NM606QflJPTh_8B4AaABAg,Entrepreneurs in Cars,"Get a FOREIGN TRUST in the Cook Islands - the USA family courts and divorce lawyers cannot touch your LLCs, property, cash, etc. More men need to talk about this. The downside is that you need a decent net worth (around $500K) and it is about $40K just to start one, but it works!",True,False,,,,
Ugz-E0dzBUm_Ve199mh4AaABAg.AZbQCGOF-N9AZbQyLBV6fQ,Myron Gaines X,@dizzle.1983 Paid commenters & NPCs believe what they want to believe EVEN IF they pretend to push back against the system's agendas,True,False,,,,
UgyPhLpWoKtjfnWEg2d4AaABAg.AStwb-PJUUrASu0sxicplN,Entrepreneurs in Cars,"Years ago, my GF insisted I call her every day. I outright told her, I will call her when the moment moves me to do so. In this way, I reasoned, it is natural and allows us, each to be who we are, evolving over time. We must be discerning in dealing with certain demands upon our lives. Also, we are all different, and therefore may have a different perspective based upon who we are.",True,False,,,,
UgxTVxJeBwCUEmAxE2l4AaABAg.9gRl0Td2wxr9gvdm-iQs3z,21 Studios,"@animalscars3799 Fact, yes it's true, 2/3rds of all children born to married couples in the U.S. are not the fathers child. 'When the tingles go but she needs the dough she's going to become a cheating hoe'. Society has allowed this to happen by design, keying into the females hypergamous instinct to look for better and too suppress compassion, longterm partnership goals and love by making it look uncool or outright bad such as destroying the nuclear family or pushing toxic masculinity and publicising promiscuity. Its simple psychology and it works as no one these days likes to feel cheated out of fun regardless of if it destroys the longterm gains, xbox generation is fun now or I'm bored. This is just another tool in 'their' armory to destroy western society, breed us out and its working. I have no children, no wife, no girlfriend I'm lonely but chose to stay that way as to get involved with a woman these days is too dangerous as the laws, society and attitudes cannot be trusted as all have, can or will be turned against us men in the end at some point so it's best to stay away. I've too much to loose in both money and estates. Still women will vote for big government so you get what you wished for deal with it like us men have been forced to.",True,True,,,,
UgxR05vNx5aaUR9Qmzx4AaABAg.9et4HLTg92J9ezn89BYAfW,21 Studios,Hey keyboard warrior!! They need you and I as well! Let's all get off our lazy butts and get organized and fight back!,True,False,,,,
UgxWH2e8vWKrCGEOfpJ4AaABAg,Rich Cooper Clips,We need to define these terms before. For the record being a skilled fighter is respectable its not dangerous. A dangerous man or woman is one willing to identify a goal and if need be kill to attain said goal. In this context a professional fighter is equivalent to a professional gymnast.,True,False,,,,
UgzsXerR4noaBkzBjCN4AaABAg,Entrepreneurs in Cars,"""Shapped like a pear, talking about his feelings"" is almost as good as ""Fancy degrees on the wall framed in mahogany"". LMFAO Gold",True,False,,,,
UgzAnoZ36LeiXaI2gid4AaABAg,21 Studios,"""Think & Grow Rich"".. Get the book. Study the book. ""Semen Retention"", learn about it. Practice it till you master it. It is said; Whether a man choose to marry or remain single he shall regret either choice.. I say, if that be true & a sacrifice is to be made with either choice choose the one most worthy of your sacrifice... Certainly a life with a wholesome, moral, respectable, sincere God fearing, feminine woman would be more worthy than remaining single, IF building a family is one's true desire, but given how rare such a precious gem as that kind of woman is; mastering one's lower nature & refocusing all that sexual energy towards self improvement may be more worthy of whatever sacrifice to be made. Marriage, sex, children are not a requirement to be a fulfilled man, mastering one's lower nature is.",True,False,,,,
UgxmOc5MU7j-u4tlx8t4AaABAg.AVRTwZHsEjVAVTrJVC9YvQ,The Free Agent Lifestyle,"@M@MrBstuynah that shit old, TI did that shit to Lil Flip back in 04 and yes it’s a hella double standard smh",True,False,,,,
UgzDM9HtQfMrFdfNEo54AaABAg,Fresh and Fit Clips,I'm so glad discussions about the 19th amendment are now within the right-wing Overton window,True,False,,,,
UgwJIxIhWfiSuI2kZNJ4AaABAg,Rollo Tomassi,Rollo what I don't understand of the Red pill and even Fresh and Fit is that they want a women to be at home and they will Provide for their women but in a divorce you will get rimmed harder then any other scenario!,True,False,,,,
Ugw9EA3qMqI8hULz2aR4AaABAg.AZ5nO9bdQRIAZ5wGAg_dYw,Myron Gaines X,"Most women ""just want to have fun"" and lose their ability to get the man they actually want to marry them. Then they're older and they are no longer an option for their dream man. So they settle for a man that likes her but she doesn't like him but she rather have a man work and provide than herself. So she manipulates a weak to think she loves him so he can work for her all while she just cheats on the side trying to get that dream man she expired for. That dream man will now have sex with her but will never marry her. That's the cycle. It stays like that or eventually the guy finds out and she dies alone with cats and has to work for herself or live off the crumbs of the government.",True,False,,,,
Ugx-1VN_azu2sr6Hw3p4AaABAg,Rational Male Clips,Marriage is dead. Laydees killed it.,True,False,,,,
UgwYYUwaD7hxvAwPjZ94AaABAg,Rollo Tomassi,I’m literally dealing with this entire situation Right Now and thanks to you Fresh and Myron especially Andrew Tate he was the earthquake that released my siphoned test 🤣 but real talk thank you because I can now stand up to her bullshit. I dealt with it out of fear of her taking me to court even though I have her 95% of the time. So thanks again all of you guys.,True,False,,,,
Ugzu5Yb76YjF0plKQY94AaABAg,Rollo Tomassi,it is better to just walk away and enjoy life and hobbies and interests,True,False,,,,
UgwRc1k3ZUKijQOC3u14AaABAg,Rational Male Clips,So if we go along with the premise of locally famous/known but broke. Try being the best dancer in the club to the point people around you stop and watch or be a local stand up comedian,True,False,,,,
UgypcBxEit20VMKBJ8l4AaABAg,Better Bachelor,It’s getting increasingly difficult for Walsh and co. to convince men to sacrifice their bodies and souls in the many ways out there because there’s just no incentive at all. It’s harder to try harder and get nothing over time. The future is now,True,False,,,,
UgzkfOTfSlfko4ZLN214AaABAg,Myron Gaines X,This is ridiculous. We need to make this crap illegal.,True,False,,,,
UgwMafmfW3Br5t_J8FR4AaABAg,Rich Cooper Clips,Rich always talks about being anti man cave and is on with this guy 🤣,True,False,,,,
UgzOm97_sI4a6zqajmp4AaABAg,Fresh and Fit,"😂😂😂, in addition to that , Hasan Piker has a Turkish Muslim family roots, so whether he likes it or not the red pill is in his blood, so he is not able to resist it for long time",True,False,,,,
UgwjQ8lySWnJv_ndY1h4AaABAg,Rich Cooper Clips,The double danger is if you hit hard times and then they think of a payout if they leave! Hypergamy works both ways. If they make more money leaving then that will be on the list. If woman had to pay back for living for free for10 years divorce rates would be 5% NEVER put the house in your nam. Do a trust out of state or LLC or your dads name.,True,False,,,,
UgzY9Gf8LQqWeRHdtKx4AaABAg.APHR5BT8lPPAPISw7fWBjt,The Free Agent Lifestyle,@krisjones4051the projection is insane. your boy andrew went to the red pill avengers to get sum hugs 🤣,True,False,,,,
Ugy6Of4Fdo-g5MPhH2x4AaABAg.9f9O35zgeY79f9OrH8nfz6,21 Studios,Wow...a woman taking zero accountability and blaming men...never heard that before 🙄,True,False,,,,
Ugz8uJPhyxWcPpF1AAR4AaABAg,Rollo Tomassi,"1:33:44 men are not hardwired to hold women accountable so that will never happen. Men are hardwired to protect women. Men hold other men accountable because their competency at hunting, strategizing and building things was integral to the survival of the clan. Women never had that burden because risky activities like hunting would have jeopardized their ability to reproduce. The only thing women were responsible for was raising children. So it sounds like Rollo wants men to circumvent their instincts and treat women like men. That's a fantasy. The solution is to take away women's rights.",True,False,,,,
UgxIxN7xZQ0paIbKyYd4AaABAg,Entrepreneurs in Cars,I wonder if Rich Cooper will still hold his views on marriage if he was still happily married and never experienced the trauma of divorce…..I believe that it’s important to know the risks of marriage but it is not reasonable to tell practicing religious Christians to avoid marriage all together because it fundamentally goes against their beliefs on how to raise a family…..Most of us Christians believe that Fornication (sex outside marriage) and Adultery is a serious offence (sin) against God and therefore are unwilling to have children outside of marriage…..According to Andrew’s statistics 80 to 90% of practicing Christians don’t get divorced which is a high enough success rate for marriage to be considered as a first option for Christian men wanting to build families that honour God and are in line with their religious beliefs,True,False,,,,
Ugx5DYt-WyRf07jEPpV4AaABAg.9eORYX3V1hH9eQXO2-WbAv,21 Studios,@OMAR-vq3yb weak..real men don’t make their women work while pregnant,True,False,,,,
UgwtB6RzSYu9NWAGj294AaABAg,Better Bachelor,"Everyone once in awhile i see mugshots of unfortunate guys arrested seeking prostitution. I have thought, wow, that could ruin some poor slobs life. He could lose his job on top of public embarrassment. I never heard any outrage or anyone trying to protect them. More double standards.",True,False,,,,
UgwQOYnIr6Dn138BCKh4AaABAg,Rollo Tomassi,"This video may as well be titled ""MGTOW was right""",True,False,,,,
UgwnCcflSLR7wWddpGd4AaABAg,Fresh and Fit Clips,"We need to put more pressure on the, ""18 is a child."" BS so they shouldn't be able to vote? How about go to war? How about live on their own? When do you become an adult, how long should you have to wait to have the legal rights of an adult? Tell us.",True,False,,,,
UgyjnzkWM4owtzYyT_R4AaABAg,Rollo Tomassi,"To Rollo and all in the Red Pill Community: Thoughts on the piece from UTA's Fast Capitalism blog about the Manosphere, calling it an ""online protection racket""? file:///Users/computeruser2/Downloads/447-Article%20Text-2964-1-10-20221028-1.pdf",True,False,,,,
Ugz7vZ1KUZltnB0cELd4AaABAg,21 Studios,We need to reverse this! We need to go back to the two parent blueprint in raising children. The government needs to stand aside and stay our of our families,True,False,,,,
Ugw28AZAYbe8Q2ZzZ6B4AaABAg,Rollo Tomassi,"This is really good especially the body language breakdown. Thank you Professor Tomassi. I am unplugged because of you, Rich, Amerix (Kenyan Tomassi) and many others. Confident on the journey ahead with the red pill awareness. Keep doing the shows. Make them 5 hours.",True,False,,,,
Ugz7IkUYf1hxf1mvsFZ4AaABAg,Better Bachelor,"So, how is it women can articulate their wants, needs and desires to Ai, but men need to be mind readers? 🤔",True,False,,,,
UgyWKH_JHP168yGij6h4AaABAg,Fresh and Fit,"Stupid because men and women obviously don't go through the same trials, but that doesn't mean women have it easy",True,False,,,,
UgwuQWk8BbFJGkIZy7l4AaABAg,Entrepreneurs in Cars,"He better get that prenup signed sooner rather than later. The closer it gets to the wedding, the easier it is to argue it was signed under emotional pressure and try to get it thrown out. I agree with you. I'm not wealthy, but I do have a good pension. If I invite someone to share my life, they should have some protection too. That said, prenups make the most sense protecting the short-term risk; they become less meaningful the longer a marriage lasts. In this case, she's been married before and has two kids that aren't his. He's willing to take all that on, which is admirable, but it's also a huge risk. If everything goes great for a few years and then falls apart, he's not only out money, but he also loses any relationship he built with those kids. That's a lot to put on the line. The fact that she went on a podcast to shame or pressure him into dropping the prenup would be enough for me to walk away. It's just not worth the risk. I had a stepfather who stayed with my mother until he passed away, so sometimes these situations work out. But there's no denying it's a risky proposition.",True,False,,,,
UgwCk-ggP2o5g6G-YYh4AaABAg,Rollo Tomassi,"Imagine going through a divorce and having James representing your wife! Stay single men, stay single!",True,False,,,,
UgzlTaKuKWpdhsjO2dN4AaABAg.A9epFINuZ0hA9nCCAgviIQ,Rational Male Clips,"Its still not the same. Men have to put in effort and build their value to get sex, women can get it whenever they want without doing anything. Even an average looking, overweight, broke single mother could get sex without even trying. A man like that would be invisible to women.",True,False,,,,
Ugz4xVazhGVGW0dX4np4AaABAg,Better Bachelor,We need to rethink our alliance with the United Kingdom and with NATO.,True,False,,,,
Ugw81m7_qxtg0oUVRCt4AaABAg.AXlDL0AzsLjAXnfMJoXwuc,The Free Agent Lifestyle,"@darrickbrisco5016 To be specific…it’s the lower-class, section 8, project chick married to the state single mothers. That’s why the most dangerous neighborhoods are the ones where there’s a bunch of married to the state single mothers congregated together. There’s also the inbreeding issue that people refuse to acknowledge.",True,False,,,,
Ugyyz64pQbbhfnUu5sp4AaABAg,Rational Male Clips,Reducing your desire for her satisfies her hypergamy.,True,False,,,,
UgxguUDGy0md-RTgxpN4AaABAg.AQFL18YPhynAQHG-DCSTMF,Entrepreneurs in Cars,"@mkpears a pre-nuptial agreement is only a contract. All she needs is an activist judge and the contract will be declared void. Just don't get married and don't live together. Follow the 4 Fs... Find em, feel em, fuck em and forget em.",True,False,,,,
UgzA1A1zPAQilp12lct4AaABAg,21 Studios,Real men don’t talk that much.,True,False,,,,
Ugwem9NukwGnNNFnKf94AaABAg,Rollo Tomassi,"rollo when you talk about relationship dynamics i just get so into it man. i now will follow you into the darkness relentlessly and fearless as ever with this knowledge. rollo tells us we must commit acts in his name, he saved from the abyss all he asks is that we have the courage to do what is necessary",True,False,,,,
UgwimYYtpJBBr7YyK0p4AaABAg.ASQGRdklqAAAX4p3TiWklg,Rich Cooper Clips,"@scottys1423 It’s just like a car accident , the perp always denies it’s their fault.",True,False,,,,
UgxsW5Vo0B9-PgrB1tZ4AaABAg,Rational Male Clips,"If hypergamy means, that woman wants always the top 20% of men, is it possible that always 80% of men dont get a woman that desires them.",True,False,,,,
UgyauPs7g8u6sceby4t4AaABAg.9eSg-LdButw9eUjn2g3zcW,21 Studios,"Your comment makes no sense . He stated a fact ""how does that make hate W0man ? . Nowdays women call everything they dont like misogynistic . Everyone that hold them accountable is misogynistic or internalized misogyny .",True,False,,,,
UgxdAhcV4Yg_0h7qalN4AaABAg,Rich Cooper Clips,"In college, I was a cab driver and when I drove young women to the clubs or home after the clubs, the things these young girls would say about guys, was unbelievable. They used men for food and drinks and laugh about it. As a young man, I learned valuable lessons. I'm in my 50's and I never got married. Period. Forever MGTOW.",True,False,,,,
UgxP5bfNWtpnoiPOUXt4AaABAg.AY0PBVEpimOAY0nlgmp0AX,The Free Agent Lifestyle,"​@LadiboiJoyAmerica is a free country. Unless it is found to be Chinese espionage, we must let it be.",True,False,,,,
UgxfQ6EXvqQpjUTModp4AaABAg,Better Bachelor,"The truth is that this isn't sustainable. Crash and burn are the likely outcomes. If past history is any indication. We will either adjust, adapt, or reject the future. Men have to be men again and say no more to the politicians, media, and society.",True,False,,,,
UgwOFUH6socWcAb-z4V4AaABAg,Rollo Tomassi,The matrix LOVES the red pill. Who are we kidding?,True,True,,,,
Ugxl1XXVL7BkjyGHZl94AaABAg,Rational Male Clips,Everyday Mgtow men's arguments get stronger and stronger. It's too expensive to be married and be a husband. A woman's love for a man is based on his performance which is expected to perpetually improve or else.,True,False,,,,
UgxBS1ZQRDKTva0RmP54AaABAg,21 Studios,Sir I'm not married but let me tell you I'll tell you what you got hard of gold but let me tell you also about like I said I've never been married in my life but I say if you found the right one and the one that you truly loved she'll stand up for you no matter what and she'll stick by you no matter what cuz love is thicker than water thank you sir,True,False,,,,
UgzDxGfuUdbvzpdnZVR4AaABAg,Fresh and Fit,That girl got finnesed big time 80/20 split and she gets 20. You cant make this stuff up.,True,False,,,,
UgwsIj6UIIpst8yakQh4AaABAg,Entrepreneurs in Cars,"I think both genders have been brainwashed into not responding quick because they don’t want to “look desperate”. But a fast response isn’t desperation! It’s excitement and desire. Desperation is staying with a partner who cheats, hits and emotionally manipulates. We need to like medieval couples and only date those who are eager.",True,True,,,,
UgwxrG4p_S8HJXn_OtB4AaABAg.AUdOt_nWycsAUeK1Lq3J2V,Better Bachelor,We got a generation of trash that thinks the red pill is reality.,True,False,,,,
UgxFfzlIAjMxKxsvWVh4AaABAg,Fresh and Fit Clips,The wall is undefeated and merciless.,True,False,,,,
UgwQ5pNYNZaVTxQyo6p4AaABAg,Better Bachelor,Very rarely is misandry mentioned.,True,False,,,,
UgxWm4_Y1zfF4H5npPt4AaABAg.AYMLCkLrOjtAYNRWulkQen,Myron Gaines X,"The double standard is crazy, she’s the one cheated, betrayed him and yet wants and demands for a top tier guy and ends up ruining it and leaving and we still have people like you making up excuses and defending her because she’s a woman and never gets called out for what she is and what’s she’s done and never gets held accountable and never gets yelled at or put in her place and told straight she’s the one in the wrong and screwed up and she’s the one who’s the problem and the one who needs to face it and please the guy and be sincere with some form of closure and apology and make up for it and live with that screw ups and mistakes and issues that she made but none of this happens because she’s a woman with dudes like you making up any defense and excuses to cover and back her but swap the roles the guy is getting death threats everyday and harassment.",True,False,,,,
UgzuZtaSm2wgt_K09jB4AaABAg.ASnsqklFyFHASr4_Hc1q9B,Rational Male Clips,First step to reclaiming that power - stop being a simp and punishing other simps,True,False,,,,
Ugwpj64eZAlUDROTynx4AaABAg.AQ2lOrAc-IxAQ3DtMOpLJ5,Better Bachelor,Without males to back them up they’ve got nothing. Just laugh at them and walk away …,True,False,,,,
UgyQEhqeVeVxaes0yUN4AaABAg.AVnPHImNwJlAVpn1K_ZvEW,The Free Agent Lifestyle,That's how system design but it's important to understand who designed this system but as men living in the anglosphere we must de-attach ourselves from any commitment to this society,True,False,,,,
Ugzwo-SYQQwl3guS-GN4AaABAg,Rollo Tomassi,"No more mr nice guy is often the gateway drug to the red pill. Making fun of Dr. Glover doesn't help anyone. Rollo was the most respected person in this space but he's slowly degrading going the fresh and fit ""red meat"" route unfortunately",True,False,,,,
Ugx4GOZ2MNUUFKHBKx14AaABAg.AVpVyrNMGmgAVslPxMDLcD,Rational Male Clips,It doesn't feel real to them until they hit the wall,True,False,,,,
UgxyeP4DU4VQdvmhvx94AaABAg,Rational Male Clips,Women love men the same way that I love my 2-ton floorjack. Men need to accept this shit.,True,False,,,,
Ugxkms8a94V3hdJFPT94AaABAg.9m75nAFu8sS9nRSdCvp8t4,Rollo Tomassi,"old meaning used, post wall and failed in life.",True,False,,,,
UgwLy3_1bouRj1l2P1V4AaABAg,Myron Gaines X,The red pill way .... Sausage fest 😂 😂,True,False,,,,
UgzHuq__nwUHZHyE_4x4AaABAg,Entrepreneurs in Cars,"""Clearance Rack"" bottom shelf, right next to ""THE WALL"".",True,False,,,,
Ugy1VRYuvFiPxbAwRB94AaABAg.ASGxWjrOeFMAST_bvNY6un,Rational Male Clips,YEP! We do! STERILIZATION and those who OPT OUT of parenting including men!,True,False,,,,
UgzHJc0m6L2z9OEy8CJ4AaABAg,Myron Gaines X,She didnt hit the wall she drove into it at 100 mph lol,True,False,,,,
UgzYIjnvpSYUIjTBGY54AaABAg,Entrepreneurs in Cars,"Got a witness. I was with one that told me her daughter saw me as a dad. She basically expected me to bond with her and her daughter, marry her, be a cornerstone of some kind of family unit, but have absolutely no say in anything. Even when I tried to stand up for her daughter being bullied, she made it quite clear that she was not my daughter. She eventually ran me off, and now the kid hates me. Not worth it, fellas.",True,False,,,,
UgxeK_vG7srIUBVkX_p4AaABAg,21 Studios,"I love you Coach, But what the fuck are you talking about men have to chase women? That’s some serious beta shit, Alpha man has countless women chasing him.",True,False,,,,
Ugwb45LQf8IICJC3ANh4AaABAg,Rich Cooper Clips,"My wife earns more than me . I guess the writing is on the wall . Oh well life is what it is but what I will never do is get all depressed and down in the dumps over any woman , wife or not . 😂",True,False,,,,
UgxYfdVLH40v0iMOSQt4AaABAg.ASSvbFYZVNaASUb376X47u,Better Bachelor,So why didn't the whites fight back in south africa? Why tuck tail and run???,True,False,,,,
Ugwq7V7XhkhJ4zuIMMJ4AaABAg,Rational Male Clips,"Rollo, this is one of your best explanations for what drives the red pill as the leading force in changing the male psyche for good. 1000s of years in the future, there will be a massive entry in the history of phylosophy and social science dedicated to the ideas you exposed, developed together with others and popularized in the best sense of the word to get more men to open their eyes, educate and change themselves with your guidance!",True,False,,,,
UgxZiI1P-6AgYYyFJQh4AaABAg,Entrepreneurs in Cars,For real: if you get upset by a woman telling you that she previously has had a one night stand before….; just stay single,True,False,,,,
UgwYSW-YpKqBu-u_XV54AaABAg,Rich Cooper Clips,Never move in with a woman ! Never marry a woman ! Be Wise and Build a Great Life as a Single or ReSingled Man !,True,False,,,,
UgysHyW5BRqzuEQ6UAR4AaABAg,Better Bachelor,"as a 28 year old man who had dreams when I was younger having a family I've finally accepted that its over, Women my age already have kids lmao, No thanks I will never be in a relationship that gives my a disadvantage in my life. Loss of finances. But what these ""liberated women"" Don't realize when they are old and want to retire there will be no social security left because they became picky in their choices and you know who we have to blame? Lawmakers of this country who shafted every single man, I will blame single childless women as well I will shame them with no apologies.",True,False,,,,
UgwtJQG5N6kzGC3QWtJ4AaABAg,Fresh and Fit,Yeah I got no more respect for that Charleston guy. He's trying way to hard to stay relevant. Why do comedians like this always got to say off the wall stuff trying to trigger a reaction when they start to lose substance. then want to try smooth it over with done bs logic. Acting stupid ain't funny.,True,False,,,,
Ugw0dxbji7oh7YYwbOZ4AaABAg.AYSL3-xZwcjAYSwAb77LC7,Myron Gaines X,"Bibi: ""Hello, is this Asmongold? Yeah, we need to talk...""",True,False,,,,
UgxO7rEmHRRYFj9-tNx4AaABAg,Entrepreneurs in Cars,"Women lie, we need to observe their actions, which are all the same echo chamber.",True,False,,,,
UgxiU2V6svgV8utURN94AaABAg.9Uz2cVweT_-9V5qP5c0rCg,Rollo Tomassi,What is the evolutive advantage of the alpha widow phenomenon?,True,False,,,,
UgzXjKYAQi8r8gA2oLN4AaABAg,21 Studios,"#facts natural. Walk away if she has no respect for the relationship, you or the bond between you.",True,False,,,,
Ugz0PUg8iGq_oGrEbfF4AaABAg.9lhUIn6g-vP9ljGwymamkg,Rollo Tomassi,He’s the Bret Michaels of the Red Pill bro!,True,False,,,,
UgzRfTK5gXNyqTlyKkB4AaABAg,Rational Male Clips,"The amount of times I’ve been a woman’s plan B is ridiculous. And if you really want to see female nature in action get seriously sick or have a financial crisis like losing your job. It’s a real eye opening experience that will change you to your core. As a man, if you want a true friend in this world who really loves you get a dog.",True,False,,,,
Ugz_Cy6kF_PNHamrQI54AaABAg.A4pmEnFOdB9A557lTk8OcH,Rollo Tomassi,"Actually in these cases it's not really about hypergamy. It's more about they didn't get the attention they wanted from the hot guys in high school and so they are making up for lost time. Gaining the compliments affection, pursuing that they never got In high school. Now to know for sure if hypergamy is in play here we'd have to see the teenage boys. 99 percent of the time they don't show them. I guarantee 99 percent of the time it's the jocks or hot young teenage boys and not the nerdy unlike teenage boys. What I've noticed with all kinds of sex crimes human animal instincts when it comes to attraction and desire outweighs everything in this world. It outweighs morals when it shouldn't. You hear stories of brothers cousins and mom and son or dad and daughter getting it on. Why? Because attraction for two people that are naturally attractive or hot supercedes in these cases over morals and what's socially acceptable.",True,False,,,,
UgzAC6RAP6hQchGIz-p4AaABAg,Rich Cooper Clips,I’m part of the first generation of fathers who are telling their sons to never get married.,True,False,,,,
Ugwlg5dCh8cr1imsGXF4AaABAg,The Free Agent Lifestyle,Just take the lessons learned from the red pill/manospehere and eventually unfollow them. That group died off with Kevin Samuels.,True,False,,,,
UgxVoPwzRnUD-jkIv2d4AaABAg,Myron Gaines X,"I miss Kevin Samuels. So much. Him, better bachelor, and SSM were the ones that really helped me through my heart break during the coof/clot shot years. I’ve been aggressively red pilled since then, and i’ve never been happier. RIP the legend",True,False,,,,
UgyyMhRM5bXfMZX9gwJ4AaABAg.AY5vOzvEgKcAY7evcARQu8,Rational Male Clips,@ipodman1910 Why would Anyone promote mgtow it's a personal choice. It's not something to promote. If you want to go your own way great. If you still want to try to meet a woman also great. Rollo has been married for decades you are not listening if you think Rollo's message is to go MGToW. It's to be the best man you can be and to understand how women work on a psychological level and use it to your advantage.,True,False,,,,
Ugx10XA0ZJbSgfpGCRJ4AaABAg,Entrepreneurs in Cars,"Hey guys, with women..if its on, great, get it on, if you have to work too hard..walk away, make a great life for yourself, there is always another..done",True,False,,,,
UgwO009QN-cqx1o-deN4AaABAg,Rational Male Clips,TFM and Sandman help to educate me to the red pill along with my own personal experiences.,True,False,,,,
UgwfwQqEQbJ1l3j_d494AaABAg,21 Studios,"I'm sure he feels like a real man after attacking these women. I agree that Men shouldn't be taking advice from red pilled females. However, he needs to refine his message a bit.",True,False,,,,
UgzZdI-tJUCzV_12X3V4AaABAg,Better Bachelor,Solzhenitsyn wrote the worst thing in the gulags was prisoners got letters from their wives saying they had divorced them and moved on- it's never your wife it's only your turn- the universal truth and in the USA the cash and prizes complex make it so easy it's nobody's fault.,True,False,,,,
UgyqBrM14KeMzalowoR4AaABAg,Rollo Tomassi,"Rollo Libre, macho tóxico, luchador of the Red Pill 😝👊🔥",True,False,,,,
Ugyj4yj7yUbGq4OyiLF4AaABAg.9WF61uBs3E99WG59__sQH9,Rollo Tomassi,check youtube blackpill is just getting started. hypergamy went crazy.,True,False,,,,
UgyY0AXzDHLzSSIGm6t4AaABAg.AS-5qKti1ySAS7LiIUZ-Bb,Better Bachelor,....but were seen as victims. so no accountability.,True,False,,,,
Ugz2dlCxxjXEDdcyrvR4AaABAg,Rational Male Clips,"3:08 ""If you don't think you can maintain that, don't get married."" Shit. It's why I don't date in the first place.",True,False,,,,
Ugwv8USclKLn_NcC4pt4AaABAg.ARdXB7SseQCARdwsm0Wg-T,Entrepreneurs in Cars,"10 bucks says this guy is too much of a softie to walk away. He knows the truth deep down but he's afraid to acknowledge it. He's afraid to live with it and live by it. He's just going to settle for himself and sulk and think, ""well this is the best I can or should do."" 10 bucks says HE WILL GO BACK TO HER! So many men are weak, lost and full of self loathing. Or they've just had it so hard and rough in their life, job, etc, that they're too tired to fight for what's right anymore. They just want to coast.",True,False,,,,
UgyV5jZrEJ90GkYMyoZ4AaABAg.AUmNtqB4pzZAUnW9gep-DP,Rich Cooper Clips,@rajsel8761the 14th is very controversial if u study it...but specifically it mandates equality and applied in very warped ways to push a liberal/communist agenda from the left.,False,True,,,,
UgxJT0pIqlU3dm_DUjp4AaABAg.AUR7AGeYtZaAURLXyZZ6Ut,Better Bachelor,"100%. Even in the 1980's, this kind of thing was considered ""bad"" for education. Being able to think for yourself is the entire GOAL of education. Everything else is just facts. And right now the entire educational system in the US is geared up for indoctrination, not education. They want to tell you what to think, not how to think.",False,True,,,,
UgwoN9Fwl2RmMXyrB5h4AaABAg.ANWFIWvxe0aANY8xwkcMwJ,Better Bachelor,justsomeguy6336 you’re telling me to grow up of all things when you are the one deliberately avoiding the question alongside the fact that you are also going around the comment section trying to start fights with people. Don’t make me laugh 🤭,False,True,,,,
UgymLMPyaqm0D8nN4094AaABAg,Better Bachelor,"The game is rigged 😭. I even get dates occasionally but get friendzoned. I just want one fit, friendly, feminine and loyal lady near my age.",False,True,,,,
UgxldQycWd_AtpUq3WF4AaABAg,The Free Agent Lifestyle,"Man ! Will has lived in Hollywood for damn near 40 years ! Why don't he just pay someone to handle this type of stuff ? All he has to do is just be out of the country filming a movie at the time of the ""problem"" getting solved . It's the classic Hollywood way.",False,True,,,,
UgzAR30rtMd-zAKx0wt4AaABAg,Rational Male Clips,"Maybe women were designed to bond with their first man? And maybe we had it right when a woman's parents decided who that first man should be, and that he would be her husband? Maybe we had that right for the good of society, and for the good of the woman herself?",False,True,,,,
UgzSIIOJJKLnlQo8xrV4AaABAg,Fresh and Fit Clips,Whyd red feel the need to cover up,False,True,,,,
UgxF-GTc0WEgFu5_RMF4AaABAg,Myron Gaines X,"This is all fake for anyone who cares. These people are all part of the uniparty, Myron included. Just actors putting on a soap opera while robbing you of your time, energy, and focus.",False,True,,,,
UgwuGnZghmfBldVlN7l4AaABAg,Rational Male Clips,They HAVE to ignore men's issues. To address those issues would destroy the Feminist propaganda machine. The machine is meant to divide current society and bring about its destruction. Every other civilization on the planet is controlled. The West is the only area we are free - and they are hard at work destroying that freedom. I'd be surprised if this comment wasn't removed within 24 hours.,False,True,,,,
UgwHaO_H0y5pClPFAuN4AaABAg,Better Bachelor,"Migrant labor remittances are an intentional tool of monetary policy to offload US dollars abroad to avoid inflation and system failure at home. Meanwhile, instead of just fixing the problem or at least giving citizens ample warning and prep time, those in the know are playing the system to get wealthy ahead of the fiscal cliff.",False,True,,,,
Ugx27_HiDvSyRMMjPel4AaABAg.AGiRH8wxOv3AGin648PPPI,Fresh and Fit Clips,"exactly, we think about in the night, too. Anyway, the SOLE purpose of marriage is KIDS, the sole purpose of dating is marriage, so if she's not marriage material to start with why would dating her even be a possibility to you? Be more purposeful, be more goal oriented, be more intentional.",False,True,,,,
Ugyhhi_IUHCYh0ahy8B4AaABAg.9dwsbXw1k-e9dxQUUkva3I,21 Studios,"If the goal is to be wealthy you save money for emergencies , Day to Day activities , Buying opportunities. Other than that because of Inflation even if you are not spending the value of your money is going down. With an inflation rate of 3 percent a year in ten years of you had a 1 million it will be worth 700k losing 300k every decade 1. Money left in the bank is used by the bank to give out loans to people and they make interest, they also invest in the stock market , and Prominent or start up companies 2. Real Estate - it provides monthly income and appreciates over time protecting and growing your capital 3. Invest in any asset that will grow over time",False,True,,,,
UgxcCrPsqBgD_kFvat94AaABAg,Fresh and Fit Clips,"I mean there is obviously pro-Ua propaganda.... but there's obviously pro-Ru propaganda... this panel is an unbalanced bad faith conversation at this point because almost none of the people on this panel have actually spent time on-the-ground, it's mostly their ""theory"" as opposed to their ""practice""",False,True,,,,
UgzpKFTOesLf29xcJhh4AaABAg.AMJfre8YauGAMJm6s84mId,Rational Male Clips,Most likely a mam on some type of CIA assignment an agent if you will almost almost an agent provocateur their depopulation event is working,False,True,,,,
Ugy_WSzEVZZzD7Ogi0N4AaABAg,Fresh and Fit Clips,"It's amazing how women follow these celebrities advice, but they end up single at the end of life. Humans are meant to be together",False,True,,,,
Ugxn_aXMhk_bl17iHV14AaABAg,21 Studios,"I agree with another's comments. They will never be happy with themselves, so they want to destroy others who are at least trying. I am happily married to a woman who loves to take charge, but steps back, not being afraid to say this is your job. Laughter is key. Hugs and kisses are a must. Shit is going to break when you live on a ranch. Always make time for coffee, love, and planning the day. I live in Paradise 😆🇺🇲🥃♥️",False,True,,,,
Ugy4iYrA0VBL8jjpMid4AaABAg.A7tm7X8kdzDA7u0Rg3k7sI,Rational Male Clips,"@SIMPicide Wait, are you telling me that all women lied/lie to us men that it was the patriarchy that ran everything in the past and that the poor wimin were oppressed? Also, you can't manipulate all men even if you tried. Highest IQ and most wise among people were always men!",False,True,,,,
UgyGCmDzW5h6Vs1gnih4AaABAg,Rich Cooper Clips,Same in Australia its because the media is all controlled by the left. There isn't another opinion getting out,False,True,,,,
UgzxrNma87LtSBHfPxd4AaABAg.ALxM6vcXdfeAM-ZEP_KBk7,Rich Cooper Clips,"Assuming that girl is telling the truth about her OF income, highly contensious at this point. LeBron's salary alone is $50m / year. Rich kinda screwed up the stats here.",False,True,,,,
UgxBKN6hnPzdKHjCplp4AaABAg.ATW8-BLHAzJATWKGchRuKj,Better Bachelor,I don't think a lot of them do know. They know what they want us to conform to their ideals.,False,True,,,,
Ugy7_dop0tMCQO2hzct4AaABAg,Entrepreneurs in Cars,"Especially if its a white male, also part of media programming",False,True,,,,
UgyBant7vAwr-7LTh1V4AaABAg.AYL5WfRYLcnAYLeneX7nDk,Rational Male Clips,"I'll give you some prime examples. We know that when asked, women always say that they want a man who is well over 6ft 2' tall. However, almost every single male Hollywood actor that they lust after is less than 6ft ,including Tom Holland and Tom Cruise. And don't get me started on the age gap, where they are perfectly happy to date a man who is old enough to be their dad, so long as he is rich and famous.",False,True,,,,
UgxVXnoH04gk_oA5VB94AaABAg,Better Bachelor,"The programing is a deliberate manipulation of womens emotional method of thinking. The world economic forums stated goal is population decline. They are using their main stream media, the works of Bernays {propaganda} and think tanks employing psychologists. The psychologists use focus group to find verbiage that elicits the emotional responses in women they want and then repeat it exhaustively",False,True,,,,
Ugzuooxyn0cW1A2nTxJ4AaABAg.AD_HPxMs4bGADdspXIkaTX,Fresh and Fit Clips,@mattm4557 Putin is definitely an enemy of America since he has tons of trolls spam online propaganda for Trump and the Republican party.,False,True,,,,
Ugx2mqP8CvtFWRxoFj14AaABAg,Rational Male Clips,Women simply love the attention and validation too much during their 20s to select one man and settle down. It takes an especially mature woman to be so deliberate about planning for her future and locking down the best mate early on.,False,True,,,,
UgzyPjsu6vxMh4pYxLV4AaABAg,Entrepreneurs in Cars,Firstly she’s not Pakistani … she’s British . People of Pakistani origin or Indian for that matter have been living in the UK for nearly 70 years … she’s might never even have visited Pakistan. Secondly for my ear she’s got a normal educated British accent but I get that for Americans it might sound posh and it has a certain cache. I mean it’s no accident that all those Hollywood villains have posh British accents . To a Scotsman even Sean Connerys accent is fairly ordinary apart from the fact that we don’t hear many Scottish accents in film .,False,True,,,,
Ugw28ng6iLU7zsRSq054AaABAg,Rich Cooper Clips,"Rich really nailed it in this video especially on when he said about couples that have been married for many of years not having that spark that they once had when they first got married. Like he was saying as time progresses in the marriage things start to dwindle and things start to loosen up as far as the connection from a mental standpoint and especially a physical standpoint and yes I'm referring to sexual time with your spouse. Not too many marriages let's say for example that been together 10 15 20 years still have the same spark that it once did when they got married at the very first beginning. Somewhere along that path a lot of couples get tired of one another and when they become tired of one another a lot of things fall to the side such as sex and conversations and doing things together all the things that form a marriage in a healthy manner. All those things fall away because they have gotten used to each other and now they look at each other not like a brand new fresh pair of Nikes but like an old wore out pair of Nikes. Very few marriages like Rich was saying actually hold the same spark that it had in the beginning 20 years later. But for those very few people that still have that in their marriage those people were meant to be together and they share true love within their relationship. They didn't marry out of convenience they didn't married because the sex was good when they were dating they married because they were a true connection and it shows that it was a true connection because they still get along great their sex life is still strong even 15, 20 years down the road. I would love to have that kind of marriage in my life. But it's very hard to find your soulmate nowadays. These women now are very confused on what they want. they say they want this and they want that and when it appears to them they either ignore it or turn away from it. So what is a man to do?",False,True,,,,
UgztDAqAQwbuxecS7_t4AaABAg.ARDGi3R6aZPARFbp3_nn17,Better Bachelor,"@sammyvh11 No, Satin may _try_ to do so … Yet _the actual _*_enforced_*_ division_ actually comes deliberately from governments fully on purpose and they know exactly, what they're doing.",False,True,,,,
UgzMPj4atXFKmDi1zQZ4AaABAg,The Free Agent Lifestyle,Marriage is the biggest propaganda campaign behind feminism.,False,True,,,,
UgweYfX9nWiQgQJQaup4AaABAg,Rollo Tomassi,I think Wolf of Wall Street Margot Robbie looked more like Barbie than 2023 Margot Robbie but I'll take 2023 Margot Robbie 1000 times out if 1000 over Hollywood's original idea of Amy Schumer 🤢 what the hell was Hollywood thinking!,False,True,,,,
Ugy7f0cj1dH8zqUjdy14AaABAg,Rational Male Clips,"this is a warning from Singapore, an openly misandryist authoritarian state! here only male citizens and offenders are subjected to forced conscription and caning! fight forced conscription and caning of men as this is a blatant human rights violation and misandry! The human, civil and workers rights record is abysmal, and the state media was once ranked as lowly as 160th and there is no criticism of the establishment allowed to be published/broadcasted!",True,True,,,,
Ugw1DZW4yQInHzZ87gd4AaABAg,Rational Male Clips,"Hollywood desensitization. 911 looked like a move. JFK looks like a movie. Trumps Assassination attempt, looked like a movie. Americans are desensitized. Yah be",False,True,,,,
UgxXeMZBJbUkeQNkwNV4AaABAg.AOLdwA_QNT5AOOuecj0JxU,Rich Cooper Clips,@jbzzey Auto-correct will not let you type Andrew Tate! That is no accident! It is deliberate!,False,True,,,,
Ugw6GuBbvpN4I-7RJW14AaABAg,Rational Male Clips,"The Nice vs Kind thing is basically another hypergamous filter. Women aren’t filtering the behavior; they’re filtering whether the guy is showing his work. A “Nice Guy” is obviously trying. He’s doing prosocial stuff the way someone goes through a quest log: do X → get Y. Women pick up on the effort, which reminds them there’s a game being played. And like you say, women don’t want to see the game, they just want you to be good at it. A “Kind Guy” does the same actions, but without looking like he’s checking boxes. He’s calibrated. The behavior comes off as natural, not strategic. That’s why autistic/analytical guys get caught in this filter more often — not because women hate them, but because their “kindness” is the visible, deliberate kind. It exposes the mechanic. It breaks immersion. Nice = running the script. Kind = knowing the game so well you don’t show the UI.",True,True,,,,
UgyxUpf3s60OrPaLfZB4AaABAg,Entrepreneurs in Cars,When to get a prenuptial agreement? EVERY TIME. I still think the courts are designed to be brutal to the man.,False,True,,,,
UgzSApJvYqf0y6Bmgwd4AaABAg,Myron Gaines X,Seems like Hassan still hasnt figured out that the sensorship isnt left-right Its Elites vs peasants,False,True,,,,
Ugyl_AhwvIv6zNPDeQV4AaABAg.A9YsU1Q80WuA9brdEd2LS0,Rational Male Clips,"Woman says: ""communication is the most important thing!"" I hear: ""Be willing to listen to my word salad & give me what I want. Allow yourself to be manipulated by my words.""",False,True,,,,
UgxJtZeEzgZW4WuzTAB4AaABAg,The Free Agent Lifestyle,"13:42. -13:47 💯❗️”Land of the thief and home of the slaves.” Sit in family court and criminal court. Educate yourself. Guys go buy yourself all the toys be selfish because they don’t care, women courts the entire system is rigged against you.",False,True,,,,
UgycpnoqjWlgWTnlpd54AaABAg,Myron Gaines X,"Myron, your editor is censoring practically *EVERY WORD* that you are saying. What is up with that?",False,True,,,,
UgwfyDET2SluY6m72gx4AaABAg.9chuHeUuDfP9d1ZuRMbvMw,21 Studios,"@Weirduniverse2 join the club, I consider it as an honor to be banned from all three as well, with two accounts at that. They can't handle opposition to their propaganda.",False,True,,,,
UgzN7tE9bkdOKUZpzw54AaABAg.AA7MW-mVcPmAA7W1u24nrn,Rational Male Clips,"exactly, even rollo grifting for fing politics, the hipocrisy he trashing grifters and dedicated uploaded 20+ minutes of trump propaganda...and wonders why dnc is looking at them....sad sad and pathetic",False,True,,,,
Ugwykz6E9ONTBaO36854AaABAg,Better Bachelor,This is how they make sure the military can't la7nch a coup to stop them from their agenda,False,True,,,,
UgxAZItoP6lxVB_08Op4AaABAg.AL7u2okMQUtAYvjsfaKGCq,Rich Cooper Clips,Men want kids we are designed to multiply but I’m terrified of modern women and state marriage,False,True,,,,
UgwYyiR65ap1LbIpXrt4AaABAg,Myron Gaines X,"For those that dont know, sikhs in history are the only people thar have not mis treated another people. We carry to protect others. Sikhs in historynhave died to protect other religions. U mans r being played by the elites, stay sleep and keep on buying your ARs may god bless you.",False,True,,,,
UgxLcTc6EcZkQdpQuz14AaABAg.AD7J8LGO_igAD7RYMacvRQ,Rational Male Clips,I wish you were correct... but geoengineering exist and it's been used for decades exactly as brainwashing...,False,True,,,,
UgzCDwW0I7QwIlHrtrZ4AaABAg,Myron Gaines X,"If we are truly approaching this matter it makes me think that: what about the multitude of only-fans sites or similar out there that bring in sizable amounts of money every month and behind the scenes have a similar model to what these guys Tates) set up over 15 years ago. Some channels have people/teams behind the scenes and they have “employees” that might move across borders. It makes me think about all the things we hear from all forms of media & people and the importance of applying a bit of critical thinking. Otherwise it makes one think that rather than being treated like humans we are sometimes treated like lions in a circus being fed scraps of meat for us to fight over and argue about while behind the scenes large blocks of deals, money, and people (sorry employees) are moved around while we are distracted by the bits of information given to us.",False,True,,,,
UgzxZCfjjz2g0GwVqjN4AaABAg.AYEgbU5Ky1bAYHH8oVKOUa,The Free Agent Lifestyle,"Its all by design, its all playing into a depopulation agenda and there using foolish women and there lack of accountability drive it, there playing all there cards and pushing things to an extreme not because they care about us but because they want us to suffer, hope another war dont start ultimately women will have deep regrets for whats happening now remember Isaiah 4:1",False,True,,,,
Ugw1zwM9H03WF4Wdszh4AaABAg,Rational Male Clips,"That's why Owen Cook was so successful in RSD because he was relatable. He isn't the prototype good looking tall white guy that's promoted in mainstream media, he actually helped men internally first than everything else fell into place. Justin Waller, Mackin Murphy, Mike Saratin etc...can't relate.",False,True,,,,
Ugx16j2GkKOUCGN5wt54AaABAg.AVvEJB5uMsvAVvlhJ-9YKp,Better Bachelor,"At the 7:15 mark. I'm genuinelt surprised it took you that long to realize this. I like your content, but it pissed me off to hear you call men who no longer work ""Communist"". Men are opting out because there is ZERO ability to opt in. I've personally been suffering from genuine mental health issues since childhood, and I grew up in an abuse home, with a mother suffering from Munchhausen Syndrome by Proxy and a father who was utterly powerless to do anything about it. By the time I finally managed to escape that miserable hell I got help from some professional health care workers who were truly genuine in their attempt to help me get my life on track. But it took nearly 10 years to fully get through all that genuine trauma, all that suffering and all the immense stress I had to endure for most of my life up until that point. I've been officially diagnosed with Asperger's and PTSD by a licensed psychiatrist and I was also born with brain damage (severely limited my brain's ability to process information. Essentially, it takes much longer for me to process information, to such an extend that it's nearly impossible for me to keep up with the world around me and am forced to take things much slower than anyone else), and I have suffered from extended psychotic phases and genuine self-delete depression (you know what I mean. Censorship will not allow me to use the real word). And by the time I finally managed to work through all that shit, got rid of the medication (it turned out I was actually taking them for far too long and were damaging my already damaged brain even further) and decided to try and attain a somewhat normal productive life for myself, I looked out into the world, realized the whole thing was rigged against me because I was born white and male, and that with my severe lack of job experience (as I spent most of my adult life in psychological care) combined with DEI practices effectively guaranteed that I'd never get a job. So now I'm stuck on welfare while the entire world around me is collapsing. And you have the AUDACITY to call me a demoralized Commie? You think I enjoy this? You think I like living my life like this? I know you don't mean to attack me personally. You don't even know who I am so it's hard for me to be truly mad at you, especially considering that I know you have good intentions and mean no harm. But please consider that there are many men in dire circumstances that were largely beyond their control. I didn't choose to be born with my damaged brain in an abusive and dysfunctional family. I didn't choose to be actively discriminated against by hiring practices that were imposed on my country by globalist organizations and multi-national corporations. I didn't choose to go through the hell of genuine psychological trauma. I never wanted any of this. I'm merely desperately trying to keep myself from drowning in this mad world by whatever pathetic means I have still left.",False,True,,,,
UgzZO1M4BmtBJ3TsL7Z4AaABAg,21 Studios,"I'm wondering what impact that Artificial Intelligence is going to have on online relationships, specifically sites like OnlyFans? We are likely only a matter of months away from VR relationships with AI generated female avatars that are indistinguishable from real women. Not only that, but these AI females can be custom designed to look and act exactly as you desire catering to all of your personal fetishes. Flesh and blood women are going to have a hard time competing with that online through OnlyFans and camming. I'm wondering if competition from from AI girlfriends is going push more women back into ""meat space"" to actually get attention from men?",False,True,,,,
UgzyYn9CWxTkrsvtig94AaABAg,21 Studios,"I said the same thing about how they change definition and phrases for narrative control ""Age is just a number"" was meant to let elderly or older individuals who had a deceased partner or were divorced, and letting them know its ok to start dating again It is now used to say Pedophilia is just a sexual orientation",False,True,,,,
Ugyef_844HoALqJS_3p4AaABAg,21 Studios,"My husband and I are in a rough patch and trying to find help to correct our situation they all say ""get divorced."" I've yet to find a therapist that will encourage us. Why is their goal to destroy a family and hurt every member of the family.",False,True,,,,
UgxViKiVMCAM6EjIICp4AaABAg.ATsO3WmxyhUATtRRSb3WaV,Better Bachelor,"@user-vb6lq9il5v You're either missing the context behind what they're saying or you're being disingenuous on purpose in order to get a cheap ""gotcha"". What they're saying is some people don't need ""higher education"" to be smart while some who go to ""higher education"" in up being dumb as bricks. After all for the later, there's a reason why the phrase ""educated idiots"" and ""mid-wits"" exist. All ""book smart"" but yet not wise enough to know how to properly put all that knowledge they've gain to good use. Especially in everyday life.",False,True,,,,
UgyN-fjtPNIo1LMgqs14AaABAg.ASvFJ-VP6c_ASvb4Bm1qv6,Rational Male Clips,Being redpilled in China? I bet you're not ccp brainwashed,False,True,,,,
Ugzk442q356AVM1ynrZ4AaABAg.ADYIKAk_PsWAD_YgAqLE0_,Rational Male Clips,They want that man in order to manipulate and control him. Use his vulnerability as a weapon against him and make his life miserable.,False,True,,,,
Ugxr7tse00-IQMv_AmN4AaABAg.AQcmNvlBNVgARc_H7Yo8i-,Rational Male Clips,"It not the size of the female audience, it's the agenda of the rulers.",False,True,,,,
UgyXnig9isJ-zPozeIJ4AaABAg,Entrepreneurs in Cars,"A suppressed .50 cal with a Schmidt and Bender optic, married up to night vision, can change the trajectory of the world…",False,True,,,,
Ugzso0qrwoP3MOrdqo94AaABAg,Better Bachelor,"As long as people don’t understand that the enemy is the government, they are going to get scr3wed",False,True,,,,
UgyfosRVsK0gsD_yzS54AaABAg.AYWo22BVIjkAYdr1nxRxRW,Myron Gaines X,"We’re not bots, we’re just curious how deep the brainwashing goes. Nick is lighthyears ahead of Myron with knowledge and historical context for the conflict, he’s even well-read on the nuances of international law. And yet you guys dismiss him as bad faith and lying. We come here to witness with amazement the level of brainrot… it’s astonishing lol",False,True,,,,
Ugwwxqc5pcsaFYj-oJB4AaABAg.9X-bjAB9ayg9X-sH33XTKl,Rollo Tomassi,"You mean blackrock, vanguard, and state st owning over 60% of all corporations and then funnelling socialist propaganda everywhere with their partners, communist chyna (west Taiwain). Yeah I'll definitely bend the knee to those guys who 100% deserve 75% of my income. Thank you comrade. Please share more soy",False,True,,,,
UgzHNSh5HIuxy_L79u94AaABAg,The Free Agent Lifestyle,"To punish MEN and grab thier assets or savings to compensate women is immoral and very unfair. 50 years of government laws to undermine family unity and anti-men Laws have resulted into family breakups; family Indecipline, adultery and funications and financial greed. Hence today the women and children are now more vulnerable and suffering, they wants the MEN to pay for the GONERNMENT'S failed social experience",False,True,,,,
UgwLXi5KF5U5ehho45F4AaABAg,Myron Gaines X,This was done on purpose bro - husband set it up,False,True,,,,
UgyZCZUb6kb3OtxfMDB4AaABAg,Myron Gaines X,Who conditioned women to be that way? People pleasing is a trauma response. Where were their fathers?,False,True,,,,
UgxJuQU_wkD2GaduH4l4AaABAg.9fACdFgoJCA9fteKvxF8fv,21 Studios,"@dathan6788 that's true, but given the evidence doesnt support it you would need a tin foil hat. These are standard pandemic responses, the same things were done centuries ago before big pharma existed. So how exactly does enacting something that existed before big pharma did, indicate that big pharma planned it? Big companies making dodgy calls to make profits doesnt equate to 'all medical advice is tainted because big pharma wants you sick"". The issue here is confirmation bias, you've found one or two things that are consistent with your conclusion but you haven't demonstrated a link or that they are specifically happening because of your conclusion. I certainly dont trust the big companies, we all know they are just after money, but that doesnt mean we can just ignore logic and choose an argument of convenience. The issue here is there isnt evidence to support the conclusion. Tin foil hat is a must for this kind of stuff.",False,True,,,,
UgxvK_4UxI-KAc5EaQ94AaABAg.AMJ-bM8bg3iAMN-AzsDgmX,Better Bachelor,"The Police in the UK;have shown themselves ,to be the enemy of the CITIZENS of the UK! My hope is ,WHEN the comeuppance arrives;they're thrown on the ashe heap! NONE! should be maintained in that position! They have Aligned with the treasonous vipers;who sign their paychecks! True CIVIL PARASITES!",False,True,,,,
UgxyVW1Ik-rU_7laW5R4AaABAg.AVPOwnsvqAKAVQ551iSQnu,Better Bachelor,Simps are so pathetic and the real enemy. Women didn’t create feminism simps did from the very beginning. Treat simps as the enemy.,False,True,,,,
Ugx8EN_LCwSI4_c7MEJ4AaABAg,21 Studios,Yep. My child’s mother moved away and I couldn’t afford to travel to visit. I got summer visits through the court order but couldn’t afford day care during those months. The whole system is trash. Basically got punished for being a father.,False,True,,,,
UgxJHP_23QWr0x-8USR4AaABAg.9h0F8N8lNnT9h19uq8Hg5H,21 Studios,Well that's the truth about most modern women nowadays,False,True,,,,
Ugy3zU0ikYa2ica-fLB4AaABAg,Fresh and Fit,"FreshandFit DISCORD: https://discord.gg/freshandfit ⏲TIME STAMPS⏲ 00:00 : Female Dominated Academia is Ruining Science — Psychologists Afraid to Offend Women 01:45 : Mike DEFENDS Justin Waller & DESTROYS Louis Theroux’s Manosphere Hit Piece 04:20 : 58% of Women Are Sharing the Same 10% of Men 05:20 : Why Gen-Z men aren’t drinking alcohol🍺❌ 08:30 : Women Have Become SUPER LIBERAL — 30% Skewed Left While Men Stayed The Same 13:20 : Modern Women are BRAINWASHED to hate me 14:40 : Chris Williamson is a b**ch 😂 16:30 : Mike EXPOSES how the algorithm pushes women pandering content 20:40 : The problem with the Manosphere & why Fresh&Fit blew up 🔥🔥 45:40 : The 3 BIGGEST Enemies of the Manosphere: TradCons, Akademiks & Progressives 48:10 : UK Government Spends £20 MILLION to Brainwash Boys Against Andrew Tate 50:10 : We are saving lives ❤ 52:30 : Men vs Women After Divorce: Women Are LESS Likely to Remarry 56:40 : Women RUINED dating & relationships 58:10 : Women always think the grass is greener 🌱 59:40 : COOKING Aba & Preach 🐒🔥 1:02:30 : Larry Wheels & Akaash Singh Prove It: Platforming Women Ruins Successful Men 1:12:10 : New Clip: Akaash’s Wife Keeps Embarrassing Him Publicly 😬 1:16:50 : Larry Wheels’ Ex-Wife Launches OnlyFans & Has Tons of Guy Friends 1:21:10 : The War on Masculinity: Men Get Shamed, Women Get Cheered 1:25:50 : Hasan Piker is SECRETLY Red Pilled 💊 – The Most Dangerous Type of Leftist 1:29:10 : W High IQ Show 🧠🔥 - so much better without women 1:30:00 : Rollo Takes Off The Hat & Reveals His Real Hair 😯 1:34:10 : Mike’s Last Words On How To Win In The Current Dating Market 1:35:30 : Last words from Rollo - Stop Sedating yourself 1:38:10 : Rollo Tomassi Gave This Advice To Robert Kiyosaki – Same Advice Saves Incels & Doomers 💪 1:40:40 : Women don’t understand dominance hierarchies ❌ 1:41:40 : 🇺🇸🤝🇨🇳 US & China Meet — No Women at the Table… This Is Why They’re the Two Biggest Economies 1:44:10 : Outro",True,True,,,,
UgwPBQkurUPIdMtBEWd4AaABAg.AVhVHV_7Fe_AVhuBEokuHu,Rational Male Clips,"The red pill still makes men subservient to women, think, why is all their advice just coincidence that it's exactly what women are asking men need to do? To get better careers, to get better bodies? Why does anyone think, becoming so awesome inside the matrix is going to allow them to escape the matrix? It just makes you a bigger slave. More things. More possessions. More obligations. Less time for yourself, less time for peace.",True,True,,,,
UgxNIhsGNaCEOC6fi1t4AaABAg.AWeI3kpcqEeAWeVqCvzqFC,Better Bachelor,Big Pharma drugs do more harm than good especially the ones for “mental health” make you crazy over time,False,True,,,,
UgwBKszV66L_S26NiIh4AaABAg,Better Bachelor,This is why the Australian government is trying to stop under 16`s from accessing social media. They want full control of the brainwashing via the school system.,False,True,,,,
Ugxj_NJ2EzPzUiet2ZN4AaABAg.ALp196d7EzVAMbpUdPuhIk,Entrepreneurs in Cars,"Most people are in the top 85% to 90% You meant to say, ''If you're not in the top 5% in the looks dept, don’t waste your time and money on these sites''",False,True,,,,
UgyZxPW_8vIOCgDYDMl4AaABAg,Rollo Tomassi,Gentlemen don't participate in a rigged system,False,True,,,,
UgwfvxZ4eI6faGRzPqB4AaABAg,Rational Male Clips,The deep state has actively removed the normal mans role in today’s society. It is deliberate and by design,False,True,,,,
UgyX2BQYau7_7EYoNnZ4AaABAg,Entrepreneurs in Cars,"Your life is perfectly designed to get the results you're getting. Want different results? If you want things to change, you're going to have to change some things.",False,True,,,,
UgwJR0KYgMq5xUgWrU54AaABAg,Rational Male Clips,"No one is buying into it........ do not fall for numbers. For the same reason our own get shadowbanned, their puppets are propped up. Nobody gives af about Galloway.",False,True,,,,
UgyC-Ltx_6yKF1d0gTl4AaABAg,Rational Male Clips,Forgot to mention that Edward Bernays just so happened to be the Nephew of Sigmund Freud. It's no coincidence that the founder of Netflix is the Great Nephew of Edward Bernays.,False,True,,,,
UgzrYudqYvk_CllzLLp4AaABAg.ARQFsEGahZLARcfxk9ZYwd,Better Bachelor,​@joshua-sOh that wouldn't fly. I think nothing would push the globalists over the edge and back faster than people defying their tax laws. I genuinely believe you can have a swat team show up faster with the realization of evaded taxes than with a pipe bomb in an airport.,False,True,,,,
Ugz-70vFgJxiuuOzU3x4AaABAg.AMBouURiaxMAMC6rcW2ZQ8,Rational Male Clips,You almost sound like you want them to figure it out. Trust the plan,False,True,,,,
UgyMx55X4nL5WwZW3qd4AaABAg.AXtwP2Kp259AXxpCLQkAMJ,Myron Gaines X,"given how antiW the whole system is, its almost a miracle he even got 35yrs, and he likely doesn't have to sit all of it😡",False,True,,,,
Ugw5ysgsVfPZMCk3LDF4AaABAg.9ckggQi0yxr9criqlLK6sk,21 Studios,"@ItypedwhatItyped Even in your statement ""its a false teacher taking advantage for his own sick sexual pleasures"" is a definitive, emotional statement which you have no hard proof to back up. That means you are willing to destroy a persons entire life and character in the absence of conclusive evidence. To address your points: 1. Multiple accusers is not an indication of someone being guilty. Similar instances happened to Trump and justice Kavanagh and both of these were seen to be unfounded. You can have a single accuser with conclusive proof that could be much more true than a group of men who may have other motivations. 2. The men arn't ""straight"" I dont know if you have watched all of their interviews, one man admits to initially telling Jesse about sex acts he wanted to do with him prior to Jesse supposedly coming on to him. Another man claims he was going into Jesses room, stripping down and posing for him, prior to any claimed sexual stuff on Jesse's part. This does suggest that some of the men are gay, this has probably caused issues in their family (as one said it did). By making accusations such as this it could be an opportunity to pass responsibility off to someone else. There are also other possible motives here. We are taking about a man who is hated by large portions of highly funded activist communities who want to destroy him.",False,True,,,,
UgxqpLArpYlbZ9mqzxB4AaABAg,Rational Male Clips,"I usually have a lot of misgivings about the information, but this hits 100%. At the end of 33 years of a sexless marriage, it came down to the fact that there was no amount of desire that could be manufactured that amounted to anything significant. Without genuine burning desire, you have nothing. No point in trying to make things work",False,True,,,,
UgxDWejGXzMONNyM2Bt4AaABAg,Myron Gaines X,"Myron keeps repeating “they don’t and never had a desire to get a nuclear weapon” but on its face that doesn’t even make sense. 1 why not? And 2. Why not? lol. Every country wants that capability of mutually ensured destruction for better negotiating leverage to further the agenda of their own country. Don’t know why Iran would be any different and Myron saying it like he knows it for a fact just makes everything else he says seem biased and not credible. There’s not one country on earth that doesn’t want the greatest possible capabilities militarily, which includes having a nuclear weapon. Do I think the US attacked them for that reason? No but I also think it’s just as silly to think Iran hasn’t ever and doesn’t still want to have nuclear weapons.",False,True,,,,
Ugx6gmER8YSdwRY4XBh4AaABAg.9lS0Cvpgb8B9ro6mLL6vOR,21 Studios,"Yes. Jordan Peterson is one of the people in current times who has done more for boys & men & stood up - intelligently - against the leftist totalitatian cult. But, not - one genuine criticism - was actually presented. Just a picture (that looks like it was manufactured) & ranting about his daughter (who appears to be an adult)? The true beta male was the one talking - because only a beta would spend that much time talking without making a single legitimate point. Just a jealous bitter beta gossiping about a real man. Pathetic - unless this was supposed to be a vignette of typical beta male behavior. This channel is a farce - look at how these ""alpha"" males respond to ANY challenge, criticism (including constructive) or even helpful advice! 😅",False,True,,,,
UgwzmXty9ZJ-m8Q3cwF4AaABAg.AKKa7quLkyrAKe-wVe8Dcx,Better Bachelor,​@SarahMconner trying isn't good enough. He now has power to at least expose who's behind the cover up and keeping everyone quiet. He was very outspoken when he was just a talking head.,False,True,,,,
UgyK3EoHdadaG5BylWF4AaABAg.A9pi2XkEzQAA9wc4N8825j,Rational Male Clips,"The goal is not to return to acting like animals. Marriage under the supervision of the religion and parents, but not the state, really worked. That's why the ideal is to go back to where that is more of the case.",False,True,,,,
Ugx3pM6VETI1gvNgiQJ4AaABAg,Rational Male Clips,"I'm turning 67 soon. I'm still pushing my boulder working as an estimator in the engineering department for a large sheet metal fabricator, and will need to do so until I can't anymore, so it is what it is. For the past 13 years I've supplemented my income teaching welding classes one night a week at a nearby trade school as an adjunct instructor. Most of my students are zoomers, mostly males, and a few females, but I can say unequivocally, they have more credence for an old guy who's been out in the trenches for along time, and is a no 🐂 💩er, than any female or woke educator in the land. Btw, I'm actually a metallurgist by trade, and I never spent one day in some woke liberal indoctrination teachers college.",False,True,,,,
Ugw5ampA84TlK17HAq94AaABAg.9eOZveo-yyg9eQioCyq-uV,21 Studios,There it goes again women don't start out hoes they become hoes when they trust men who's intentions are not put or should I break it down men lie manipulate and coerce young women into seggs then dump them because they only wanted one thing that girl was stupid enough to believ that because he upbringing might not have been stable child ab use etc,False,True,,,,
UgwE8J2hpZlDDiFqJtx4AaABAg,Rich Cooper Clips,the RED pill is the REAL WORLD and its THE BIBLE the BLUE pill is the FAKE world and the world satanic wisdom,True,True,,,,
UgwPcfpZ01_VdZ2N6wB4AaABAg.AZ_iEI8M0VEAZeTIMrhKZ7,Myron Gaines X,"@ex2twoI know the hats, who are the soros",False,True,,,,
Ugykjp8sfMZZBdavbq14AaABAg,Rich Cooper Clips,"The destruction of Canada is being orchestrated far above the halls of Parliament, most people are sound asleep to what's happening",False,True,,,,
Ugy8mn3ca74dTtsb0FV4AaABAg.9eLtJlVtOOR9eMNUzWPY4N,21 Studios,@Docducttape He didn't say the mom was being toxic. Someone secretly recording conversations can manipulate and create one sided scenarios that portray them in a favourable light. Is it a true picture? No. Because the person recording will be guarding against saying that they feel could make them look bad.,False,True,,,,
UgwyiOxK06O7KbMQFFp4AaABAg,Entrepreneurs in Cars,I've been in this mode for a year now being 35 and I am turned off by the terrible options out there. The disrespect is at an all time high and most bring nothing to the table besides sex but then they try to manipulate you with that. To find a kind woman in today's crowd is like a 1 in 20 ratio. Social media and feminism has ruined this generation to the point I just don't want to deal with it and it's really sad too because I used to have high hopes and optimism but that's gone.,False,True,,,,
Ugz_lzgCVBHOz0QjNGV4AaABAg.AUFmZKpwo3rAV5tMPkkcMK,Rational Male Clips,"Yep, and just like in the 1984 dystopian book, they twist the meaning of words and concepts in order to confuse the mind and completely stop others from questioning their unreasonable assumptions. Sexism isn't sexism anymore, which is having prejudices and making stereotypes against all the people of one sexe. The typical feminist will constantly say negative things about men as a whole and have no problem about it, calling it FACTS. And then if one man says the exact same thing about women she'll be triggered and accuse you of misogyny. And if you corner her by actual rational arguing, she'll typically falls for the sophist argument that misandry has never killed people.. Nooo, young boys are being raised by feminist mothers telling them they're the wicked half of humanity and they have to SHOW that they're not like the others by being a simp to women.. He's gonna do that but what this boy will experience in his life is WOMEN CAN BE FREAKING WICKED TOO. So he feels betrayed by his own mother and the whole society. And then everybody's asking why little boys are committing suicide at 3x the rate of women.. When you've been told from birth, from your own mother and then the whole system that you're wicked just because you were born with a penis, constantly being guilt tripped for things you've never done, but you're too young to question all that shit, no shit you develop self hatred and a sense of not belonging.. But no, feminism has never killed anybody...🙄",True,True,,,,
UgxuDkj_oL6_TJjUnM94AaABAg,Better Bachelor,This just shows that Hollywood acting is only one step away from this.,False,True,,,,
Ugx2SfpQSI-WfxSE-gZ4AaABAg,Rational Male Clips,"PBS broadcasts certain narratives, often times government propaganda.",False,True,,,,
Ugyydchpci999k6u2MV4AaABAg.9vebpakmaZo9vgoFJ_OZFE,Rollo Tomassi,"@hungrymusicwolf Exactly, and I think this explains like 99% of why Rollo gets irate about all this. I mean ""OMG why is Rollo so angry???"" is a tone argument anyway, but this explains it. Because he gives a damn. Because the redpill is truths about the world that can help guys achieve successful sexual strategies, which is no small thing considering how many men are lonely and unfulfilled today and being told to blame themselves. It may sound trite to hear that redpill saves lives, but it's true. So people who try to suppress it or turn it into a culture war clown show are not just ""owning Rollo"" or whatever it is they think they're doing, they're scaring people away from their medicine. Personally I found it very easy back in the mid-2010s to find redpill books and communities through mainstream internet and social media. There were no ""conservative influencers"" trying to scare anyone away from it, in fact some like Cernovich came from the redpill. So basically I had the information flowing freely into my open mind. Now, good luck even trying to look up information about it without immediately having the well poisoned by people who are just plainly bad actors. For those of us who got redpilled and found their purpose in the past, it would not be a huge issue if the redpill disappeared from society tomorrow, but for the guys who need it, it would be tragic.",False,True,,,,
UgygpGIs9wSNVm9bIDR4AaABAg,The Free Agent Lifestyle,"i feel no pity for rich & famous middle aged men like Floyd Mayweather, because they continue proving to all of us, they never ever outgrow that adolescent/teenager attitude & mentality, when it comes to dealing with women. he obviously never ever listens to his elders, especially his own father, because men from past older generations, learned the hard way, that there comes a time when you got to start thinking with the BIG HEAD 🧠🧠🧠, instead of still thinking with the little head 🤔👉🐓, especially when you have a lot to lose. his own father predicted years ago, that his son would eventually end up flat broke, due to his conceited & arrogant attitude, of constantly bragging & boasting about his rich & famous lifestyle, and always spending his fortune on liabilities: jewelry, cars, yachts, jet planes, custom made clothes & shoes, mansions, private security, and of course, creating new baby mamas at his old age. floyd mayweather may be 49 years old chronologically, but mentally & emotionally, he is still a teenager, and not a fully developed mature responsible adult. notice how everything he does is just to win the: ATTENTION, APPROVAL & VALIDATION from the media & other people? real wealth is silent, insecurity is very loud.",False,True,,,,
Ugw7YDx_420dP_CRiwh4AaABAg,Rational Male Clips,"Clearly, the destruction of women and the family unit is by design.",False,True,,,,
Ugzp02wNFqRpYUGdFqt4AaABAg,Entrepreneurs in Cars,"Excellent analysis. Mainstream media has an agenda, and this is not in alignment with its readers and viewers, who are oblivious to the manipulation. YT and other direct primary sources have challenged the narrative, which is why we'll see increased censorship, shadow banning, required digital ID cards, and a lockdown on VPN's.",False,True,,,,
Ugw18hpubC3WhNY4dAp4AaABAg.AVZM_5K7Py_AVZPLatm-ke,Better Bachelor,It can't die quite enough. Same goes for hollywood.,False,True,,,,
UgzpXtVR4hhMsPikbqR4AaABAg.AWM93U7HmLYAWROjUzx2eU,Rational Male Clips,"@Menruleall You can't ""actually"" tighten your ship around people who want your ship to sink. All the willful disrespect is about making women into rabid ""protectors of their worth"" against even the average man. It's Feminists, but it's also the ones employed BY Feminists. Globalists. Or rather Global Marxists.",False,True,,,,
Ugy1GTHIf-YHxo4Ba-d4AaABAg,Rich Cooper Clips,"They only want the benefits of married life, not the compromises & controls meant to protect them & their relationship",False,True,,,,
UgwGnWx41GLkjUIJxVJ4AaABAg,Fresh and Fit,"Once again Myron is correct and again no lies detected and this is a historical thing. Whenever you look at what women have been or done in any media form it has always been sexuality and males that has helped women grow. Nonetheless, these women believe that they're self-made but the correct terminology is they're male made. If they don't have men in the media platform then they'll have a most male audience due to her selling their sexuality. I truly enjoy hearing a young man who's very aware of the fVckery many modern women often use today. This is true is in most traditional TV show and movies as well going back into the early days of talking movies, Kinetoscope, or a Mutoscope, which were viewed in coin-operated peep show parlors inside penny arcades. They women have always been reliant on male heartthrob, hero vs villain male savior context, and or their sexuality, by the way of digitally captured or visual arts media, aka camera work, and or visual documentation lens-based media platforms (male female sexcapades, ffm or mmf outright softcore or hardcore).",False,True,,,,
UgyMMo4a2-p8L65UBlJ4AaABAg,21 Studios,"Feminine women love masculine men. We NEED masculine, competent men. Women and children (and the weak/vulnerable) are beneficiaries of true masculinity. Men who lead with their emotions are not responsive, they're reactive (feminine). Men who submit to women aren't confident; men who settle for masculine women are in conflict with themselves and women. I'm grateful for men who acknowledge not only the issues of today with emasculated men, but also point to GOD'S design for masculinity and the enemy's strategy to destroy our men. If we women are to submit to our husbands, and boys to submit to the patriarchs, then men must be good stuarts of their authority.",True,True,,,,
Ugy0YfnqURAJbSUYZst4AaABAg.AYAQEKE4o_cAYBKR1L4HAR,The Free Agent Lifestyle,new new new world order.,False,True,,,,
UgwdxvTK4SRbTw2pdnF4AaABAg,The Free Agent Lifestyle,If you let them talk long enough they will tell you everything you thought was shaking behind the scenes! It’s a reason BIG GOD gave you two ears & 1 mouth! You need to LISTEN twice as much as you talk!,False,True,,,,
Ugw8TMFX0dmr2LXMhEJ4AaABAg,Myron Gaines X,"out of 35 people they talked to, 30 have already come forward admitting investigators pressured them to feed into a false narrative. And the only 2 actively pushing the claims got totally caught. Their texts leaked showing them plotting out their crying sessions and literally bragging about ""winning an Oscars."" Even worse, multiple independent third parties confirmed Romania's entire case was completely empty, manufactured behind the scenes by the UK as a political hit job that they're now shoving down everyone's throats through the mainstream media.",False,True,,,,
Ugxl_TWkuRiabKRDrN54AaABAg,Rich Cooper Clips,"It will be today’s youth that will vote in communism. Look at New York, Seattle, Portland. They have been “programmed” to be or act this way. They are being told not to listen to Elders.",False,True,,,,
UgzNlzmv41HPOk8xgkF4AaABAg,Rich Cooper Clips,What if the hypothetical situation was reversed and it was conservatives who were protesting against a liberal government? Would you still be saying the same thing? Freedom of speech and protesting is designed to offend - and that's the point. I hate both Republicans and Democrats as there is no difference between the two parties. You can't have it both ways. Fuck authoritarian governments - they are ALL the same.,False,True,,,,
UgwWMHIiEIZ--WcJssZ4AaABAg.AY2C00IAYi1AY7nN4M01f5,Myron Gaines X,​@repealtherenaissanceTheir weakness is that they are suckers & can be easily manipulated or misled,False,True,,,,
UgzVtPztnd6hvFYddFR4AaABAg.ATY8COorgS6ATZF_af5Jvj,Rich Cooper Clips,"The Church of Christ will always be the Church! Because it was neve designed to be perfect on earth. We need to influence it, but be also critical with of ourselves. Read Berdyaev Nicolas ""On the destiny of man"" 😊Do not be too much discouraged 😊",True,True,,,,
UgxYmwSsRd6LqmnTC0R4AaABAg,Fresh and Fit,this mf thinks a central bank is a private company that can be bought.,False,True,,,,
UgzCT33Cs-ods7xqBLd4AaABAg.A0Hr0anetFbA0I4_rliwTg,Rollo Tomassi,Almost like stuff their biological firmware responds to and their words are unaligned because they've brainwashed to deny their nature.,False,True,,,,
Ugy6hQ2uBLe_Vm6R1054AaABAg,21 Studios,"This is exactly what happened to friends of ours after the courts got involved, for two years it cost in thousands more so they sold up and left the state. Greedy corrupt system",False,True,,,,
UgzGQiq9SZBokfWrTbJ4AaABAg,Rational Male Clips,Don't you get it? They're talking to women on the MSM. They DO NOT actually care about men. They're just filling women's heads with the rhetoric and propaganda they need to push forward their ultimate agenda. That's why you never hear opinions from affected men. This would be counterproductive to their agenda. Wake up.,False,True,,,,
UgxpZ5OAnJWgEYEbrl54AaABAg.9jKMT37191l9jUoZ2jPYfw,21 Studios,Some mothers will pussify the boy of the family. Be careful he'll start to do things which we are not meant to be doing naturally.,False,True,,,,
Ugxu_wPX4Gz5fZi_sBJ4AaABAg,Better Bachelor,And they want us to go to war for this life,False,True,,,,
UgxttgwWx2Jb54-gv094AaABAg.AZbwSXRdke_AZcHBGQ1gU1,Myron Gaines X,They found evidence? All I know is the elites threw the biggest Smear campaign against him using social media,False,True,,,,
UgxHZ6ldJfTVtqx3Iwt4AaABAg,Rational Male Clips,Red pill/Mgtow is currently being hijacked by certain agencies that have a history of taking over legitimate 'causes' and turning them to further their agenda. Key figures will be discredited and ridiculed into oblivion by msm and Hollyweird using false flag type operations such as what happened to the T bros.,True,True,,,,
UgzjeJn-hcoeqrl5RDp4AaABAg,The Free Agent Lifestyle,"I see women struggling out here as well maybe even more so. The government has been trying to force feed women into the system and the results are not so good. Forget all these numbers. Non of it matters. Men aren’t just out here falling, they refuse to participate in a rigged system. Sure are there women who want to chase money, rise up and achieve something in the workplace yeah, the overwhelmingly majority of women don’t want that. I would say 75 percent of women have no desire to play the game but guess what… they have no choice now because the choice was made for them by a small minority of people. These women are breaking down, looking old, worn out 20 something’s. The wig, makeup, eyelashes, lip fillers, phone filters, face foundation, you get the picture. These businesses are cashing in on these women. These women are spending money on these products trying to look youthful while working 10,11 12 hour days. The game is over and men are adjusting. Im not saying what is right or wrong but this experiment isn’t good for anyone right now. Carry on.",False,True,,,,
Ugz4JOMGLoAyYxIeBjt4AaABAg.ARnaz_tz0V3ARqVUm1tf7t,Better Bachelor,The operative word being IDIOTS. The irony is that those Useful Idiots are so dimwitted they're unable to gather the fact they're being psychologically and emotionally exploited at their expense.,False,True,,,,
Ugz4QhXU03lLq8eBQoZ4AaABAg,Rational Male Clips,"The powers that be need higher quality cheap labor and if you aren't willing to learn how to be competitive and do more for less, then their profits are going to suffer. Do they want to pay honest pay for honest labor? No. Do they want to work on improving society so that you can get more with less for all that more work you are doing for less? No. Do they want to focus on women and tell them that they need to do better for the men that are holding up the society? No. It's you, you are the problem.",False,True,,,,
UgwfUxchG_J2UIFWFJ94AaABAg,Entrepreneurs in Cars,"Been saying everything Tate says since I was 12 years old. I'll be 39 this year. Sticking to the plan has saved me from a lot of disappointment, stress, and pain.",False,True,,,,
UgyAjNLcC3Fl9VVM-GF4AaABAg,21 Studios,"At 48 years of age, I thank God almost every day that I never gave into any of my ex girlfriend's demands to get married or have kids. Marriage and family is well beyond just ""risk."" By default, the man is the one who loses. ""You just haven't found the right one"" or ""You're picking the wrong ones"" or ""Who hurt you bruh"" is not an answer anymore. The entire universe is engineered to prevent men from avoiding loss whether it is financially, legally, mentally, time, and physical energy.",False,True,,,,
UgyHcovHLgB7OXnzwWp4AaABAg,Fresh and Fit,I love how being triggered is meant to mean something,False,True,,,,
UgzdBow4plWXL-AqpI94AaABAg.AVvOTLbfFL9AVw2BKO3XGv,Better Bachelor,"Bruh, at this point. They never realized that Men are also miserable at the workplace.. then they wonder why they're miserable when they trynna replace men like No shit!",False,True,,,,
Ugwbp5Pvokin6teCSx54AaABAg.AUmp4YLNeywAUqEG13Sekz,Rational Male Clips,"@sqae8398 so who owns and is in charge of all the things I listed? I don't care about Candace, every famous talking head is controlled opposition",False,True,,,,
UgycQaOeNAU25jKc_N14AaABAg,Rational Male Clips,"After decades of feminist indoctrination they really shouldn’t have to do this. It demonstrates that reality is asserting itself and it will, as always, win out over ideology. You can’t stop the signal, Mal.",False,True,,,,
UgyduxN6iHPf6U2bemp4AaABAg,The Free Agent Lifestyle,The system is unjust in every way when dealing with men and women accusing them. In Florida men get punished all the time in Domestic Injunction Courts because they are not governed by fact but the feelings of a woman. All she has to do is say she is in fear from you even without proof of you doing wrong she gets the injunction 99% of the time.,False,True,,,,
Ugy7m8fVqqqLoywzEjl4AaABAg,Rational Male Clips,"The gender war that feminists are waging against men is coming to an end. In Poland, in 2004, an influential feminist openly declared that feminists are fighting for power, women's power. I have a feeling that if intelligence agencies were to investigate feminist activities, many interesting things would come to light. One of them, I believe, is a deliberate change in the education system, intended to hinder boys' learning and give girls an advantage. Feminism has triumphed, and the societies in which it has triumphed are losing. The Titanic is already sinking because feminism steered it into an iceberg. Now feminists, along with other women, are celebrating victory on the sinking Titanic. Funnily enough, China is implementing changes to both family law and education that empower men and aim to restore gender balance.",False,True,,,,
Ugz4fU7j0pQGkcNyapV4AaABAg,Fresh and Fit Clips,"My dawg BTatum need to replace Fresh!! The show flows better with him, he’s a great communicator, very educated, and he ask great questions that actually add value to the show. I played college football with Tatum at UofA; and he’s legit. Nothing against Fresh. Maybe Fresh could do some behind the scenes stuff.",False,True,,,,
UgydCW-rOeqcFJjFP7Z4AaABAg,Better Bachelor,"The police in the UK made an advert claiming that white men were racists who criticise other races, whilst the government wants young white men to defend the shithole that is the UK whilst failing to protect veterans, there is nothing more to say really.",False,True,,,,
Ugz86EqztFWILh6Co-x4AaABAg,Rational Male Clips,ever heard satanic ritual abuse victims/survivers testify that women were often the ones going the most ballistic on children? Is there a specific characteristic in their nature that could explain this?,False,True,,,,
Ugwhr52rQDrSSRlM2HZ4AaABAg,Myron Gaines X,Damn wtf! All the damn censoring bleeps! Like no one else can tell what is said,False,True,,,,
UgwDlul8DhYg--dw7YV4AaABAg,Rich Cooper Clips,"I saw a stand-up comedian tell a joke one time he said when you date a younger woman, they want you to take her out to dinner and get her a purse. When you’re dating an older woman, they want you to buy them a new roof for their house.",False,True,,,,
Ugxes2t5Sq__oaAbMZ54AaABAg.ALzvHawpJNDAM-J16XYUER,Better Bachelor,"@maatonne Yep, h8 is a very intense reaction to something. They have very strong wants for a reaction. Don't h8 or like it and you have the power. Plus when you realise all this ""social media"" as well as msm is designed to get you in that h8 mood as well as that is when people engage the most, you'll turn it off and never look at it again.",False,True,,,,
UgxZ0bglkG61uD6mlol4AaABAg.AVBw8THT_W_AVDBnFh9fBG,Better Bachelor,Shows the level of brainwashing. Very few people get a “fulfilling” job/career. Most find something that pays the bills but would rather do something else.,False,True,,,,
UgwVZVJS3QoszXbrdP54AaABAg.AZAcsGK1UYnAZFeb3DyzYy,Myron Gaines X,Fourth power my ahh what….cause they control the strait that’s it 😂💔,False,True,,,,
Ugxzf3ZCXJmJ4mRfukB4AaABAg.9dksaA2Au9M9dlnoUuQeSE,21 Studios,"We need to invest in more Pro-Masculinist and Anti-Feminist media and entertainment and remove all the Pro-Feminist and Anti-Masculinist media and entertainment that is being consumed right now. One of the main reasons why we're having all of these problems right now is because Society, the media, entertainment and education are just so super bias towards Women, and are shamelessly engage in favouritism towards Women! So to change Society, we need to change the Media, change the entertainment and change the education system!",True,True,,,,
UgyYjA1MRdwfUSedrGh4AaABAg.AKKb0mCAtAQAKL50haAEsj,Better Bachelor,Your guy isn't going to release Jack. the issue can be suppressed until everyone involved is no longer on this earth. Give it 40 years when it doesn't matter anymore and you MIGHT get a peak.,False,True,,,,
UgxGkn1_hWXz1w_5zmd4AaABAg,Rollo Tomassi,"There's that fem-propaganda coming thru even with the well accomplished women - specifically from the Asian female of the panel. She kept pushing the term ""together"" repeatedly as if to insinuate 50/50 egalitarian roles. A man on his purpose doesn't want that. He wants a feminine COMPLIMENTARY individual to accompany/support him on his journey to reach his peak potential.",False,True,,,,
Ugz0VsbTh1KSxa7jghN4AaABAg.AKMQunzPudQAKMXh2_wafP,Better Bachelor,"Laws have to be changed, otherwise its gonna keep getting worse, all by design.",False,True,,,,
Ugwiqh1uPQpnF-ZLuP94AaABAg,Rollo Tomassi,I don't think Rollo realizes just how much in the matrix he is.,False,True,,,,
Ugy5DZkU8acR-7vTqvp4AaABAg,21 Studios,"John ""the Poodle"" Sonmez has spent the past several weeks trying to CANCEL the 16 year anniversary of The 21 Convention and 21 Studios, the biggest and longest running manosphere summit in the world. Both publicly and privately he has contacted over a dozen speakers trying to manipulate them, get them to cancel on The 21 Convention, etc. Rather than fight his own battles and dispute even a single observation I made - most of which are standard talking points for any manosphere content creator - he has run to other men to fight his battles for him. He has universally FAILED in this weak, pathetic, beta male attempt to triangulate speakers against me, like a crazy BPD ex girlfriend. John the Poodle is an absolute beta sheep ready to be fleeced by his feminist boss queen. Think I'm kidding? Read for yourself https://twitter.com/beachmuscles/status/1558104474014687232",False,True,,,,
UgzT8iEQK6hk9DBIeRd4AaABAg.AYfYw1cHU2OAYg6rIurVxh,Myron Gaines X,What do you mean by that? You are still not a white nationalist thinking that a white majority is the way the land was invented an planned to stay for or no?,False,True,,,,
UgyArJx9ipEZAP07N_B4AaABAg,Rollo Tomassi,"My former employer was about 12 years old in the mid-1970's when it came out that he and his 14 year old buddy were tagging the bull-bucker's (logger boss') wife all summer long. This was back when there was a logging camp/ town in Rennel Sound, QC islands, 🇨🇦. I believe the police were involved and she was sent to a mental institution as the story goes. In the mid 90's my female high school math teacher and senior year, boys volleyball coach got caught with a student younger than I and years later when he turned 18 they became a couple. This has been going forever. The Clan of the Cave bear is a fictional book series written by a female anthropologist, (Jean Auel). Her tale of prehistoric times had young men being paired off with older women who had not yet been ""blessed"" by the mother as part of their summer manhood ceremonies. The women's role was intended to be as a teacher to these young men to prepare them when they later get mates of their own. All that to say, maybe there is a societal precedent for older women to be paired with younger guys and it having a net benefit to the overall community?",False,True,,,,
UgwcxQu8OB05RxoXv7x4AaABAg.AQwvUZgUAllAQx2EmR-Iqc,Better Bachelor,And the anti gun people. If the UK citizens had guns they would not dare to act like this. They feel cocky because the brainwashing seems to have worked and men have become self-hating. Time to go Conan the Barbarian on civilisation. Read the comic: he didn't think civilised people have value. The savages always end up being the correct guidance when you have weak people in control.,False,True,,,,
Ugw63m6bRRnvnpJhu4x4AaABAg,Better Bachelor,"These articles are a perfect example of what is pushing men. It started in pre k with feminist teachers telling boys they are trash and girls are wonderful. This continues through the education system, into the media, and into the workforce, esp in government work. It actually began before that with they boy's mother. Even the most far right woman in western nations is a feminist to some degree",False,True,,,,
Ugxxq2UbYIS6GYd_q614AaABAg.9YbKrYS4ooK9YbPDeqU0gf,21 Studios,"You definitely are well read on this. Mikhaila suffered greatly indeed so to then obtain freedom from her physical prison Into a world of brainwashing females to be hoes and sluts, even the best parents can't win them all. Quite hypocritical of this channel to attack pererson, who is fighting for all the same things they are and also doing it more effectively.",False,True,,,,
UgwvfQLmEDklfpAEyrB4AaABAg.AUy3Ofw0LOMAUy87eze09-,Better Bachelor,It was socioeconomically engineered to be this way.,False,True,,,,
Ugw7zDiAgclFm6A_7pF4AaABAg.AYB3_B2JNDeAYHGBPRubfm,Myron Gaines X,Crazy assumption from someone that doesn’t even live here. As if only black ppl are doing senseless killing. Yall are being brainwashed and it’s sad,False,True,,,,
UgxNF3njaw3sCiEGdqZ4AaABAg,Rollo Tomassi,"13 min in ... the Debra chick ? Yikes ! .... bill maher ? ... saw him a few times at the Rainbow Bar and Grill on the Sunset Strip in Hollywood in the 90""s ..... thanks again Rollo and crew for your important life saving works , ... saw bill maher w/ black chix there",False,True,,,,
UgwlFnQ-ceN-HyGahQ94AaABAg.AY8mfUkac4KAY9Fwm81Qcb,Myron Gaines X,Its all part of the feminist agenda. Women today think they need to be bad bitches lol whatever that means.,False,True,,,,
Ugz0MzUuK4V7Vdk9S2d4AaABAg,The Free Agent Lifestyle,The cartoonist Scott Adams had a podcast and he once talked on this subject. Where did the thoughts in your head come from? Are they original thoughts or did someone something hypnotize you? We saw it heavy during Covid and it’s very interesting to witness and then ponder against once own thoughts and values. Cognitive dissonance is strong but nearly invincible with strong emotions behind them. Politicians and Corp are masters of the game. Watching it in play eg the Left against Big Pharma yet Storm Troopers for Pfizer during the Covid psyop.,False,True,,,,
UgzQjMBpRKUuCxWZ8PJ4AaABAg.AZXUNIw1lpPAZXYhCSjUub,Entrepreneurs in Cars,"I’ve met a couple of over 40 women who were in acceptance of their reality. They were really pleasant and awesome people. Obviously this is not the norm, but don’t assume every women over 40 is trash. Most are yes, but you gotta go outta the cities and the matrix to find them. Stay outta black and white thinking. Assumption and judgement.",False,True,,,,
Ugy6HTtPKfGnAJkG8dF4AaABAg.AMwKmpnJyP-AMwNlqLGiUR,Better Bachelor,I think Soros needs to be arrested.,False,True,,,,
UgzjlGQBr6l-dbgWyGh4AaABAg,21 Studios,I mean the government wants that money too!!,False,True,,,,
UgzAQzcLIM7NaOOtI9l4AaABAg.AXrLiN2M4HjAXrev_40RNk,Myron Gaines X,I’m pretty sure if it’s “clean” for 30 minutes YouTube won’t shadow ban it but if he starts talking about themboys and some shit it gets flagged,False,True,,,,
UgxwhldkkDhy7tnJBlF4AaABAg,Myron Gaines X,"who says the kid is suffering, he will hear cool stories of who his dad really is when he is older, unless he gets completely brainwashed but I disagree with you myron it's much better to bring forth life into this world than to just have casual sex",False,True,,,,
UgxJjtVII-H-wWcjgnx4AaABAg.AStn3-mvvcAASwCNc0bS_9,Better Bachelor,it aint behind the scenes no more,False,True,,,,
UgzLeJxrk5aIhCpxGG54AaABAg,Entrepreneurs in Cars,"Married 57yrs and can say nothing better still. Commitment, cooperation, communication, compromise and yes forgiveness all bound together in a plan by Mother Nature for the human race to survive. A plan that has worked for all time. Perfect perhaps not but don’t quit on the plan because of obstacles on the journey.",False,True,,,,
UgyNLQRWCt-iqgKM46l4AaABAg,Better Bachelor,"I haven't given Hollywood money in like 15 years at least. Even then, I only did it to spend time with my daughter by watching a movie that I thought was appropriate for her. They don't even make movies that are appropriate for kids anymore because of all the woke stuff.",False,True,,,,
UgxPQhNuGdFE6zvctnt4AaABAg.9jgVr6b_or39jpaMlJPzn-,21 Studios,"More like people themselves and the system made marriage extremely difficult, so this modern propaganda of women being ""liberated"" and hook-up culture kept going.",False,True,,,,
UgzypMHGjL5pqQL1Jhl4AaABAg,Better Bachelor,We cannot hate the lying corporate media propaganda machine enough.,False,True,,,,
Ugy-B98gciE3BIagtU14AaABAg,21 Studios,Sounds like Matt from the matrix-tinder’s vibe,False,True,,,,
UgzD3okcwlsBaCmD11N4AaABAg,Rich Cooper Clips,He accidentally/on purpose shot the wrong woman,False,True,,,,
Ugw95VrQs1xD_nzJV-F4AaABAg,Entrepreneurs in Cars,"Rich, may I suggest a different way to look at this? It isn’t necessarily something nefarious on the part of the woman or the court system — although I’ll concede that abuses can happen. Often it’s a consequence of the man’s own decision to step into a family role. When a man marries a woman — especially a woman with children — he is not just dating her. Marriage, historically and culturally, is a public promise to take responsibility for that woman and the life attached to her. If there are children involved, that responsibility naturally extends to them as well. If a man lives with her for years, pays bills, handles school activities, and functions as a father figure, he is voluntarily assuming that role. Courts sometimes recognize that reality because the children relied on him. This isn’t about “red flag, run away.” It’s about not entering marriage or long-term cohabitation lightly. If a man sees himself as responsible, he should go in with a clear understanding: marrying a woman with children means accepting real responsibility for those children. That commitment should be treated as lifelong, not temporary. The issue isn’t that the system is always targeting men. It’s that commitment has consequences.",False,True,,,,
UgyRuYtiEh_e3nHJaqx4AaABAg.AABuweHVJIuAAHSpNn6Ve3,Rational Male Clips,"...And she does not respect those simps. However, she will turn that simp against the male species because he is weak, insecure and easy to manipulate. Those simps are our (men) greatest threat.",False,True,,,,
UgyE2HzMUoj5M8tSJjF4AaABAg,Better Bachelor,Why are mothers doing such a terrible job of raising their sons? Why is the media focusing on the sons and not the terrible mothers that raised them? Hmmm,False,True,,,,
Ugz_mwD7n3OqP1fUPHV4AaABAg,Myron Gaines X,Myron is proving the stereotype tbh Not sure if it's intentional or not,False,True,,,,
Ugy98O8nRzXM0AncT614AaABAg,Better Bachelor,Brainwashing is easy when the subject is designed with low self-esteem which makes them gullible.,False,True,,,,
UgzLIgQee3BsaP86wKp4AaABAg,Myron Gaines X,"Myron and Fresh were never crazy about modern women in dating. Since they got data from informant John MLD, I've planned to use that data for dating.",False,True,,,,
UgyyNBkw9OlwD5_76RJ4AaABAg.AXjdWOuu7CNAXk_k6laY5w,Myron Gaines X,No he isn't. He is intentionally being disengenuous by talking about a completely different period of time to attempt to supersede the argument. The nuclear family unit of the 50s and beyond is not the same thing as some Feudal Peasants farming their children to death. Get the f*CK out of here with this nonsense. 😂😂😂😂😂,False,True,,,,
UgwDvD1-Cc7Fwua7e_B4AaABAg.9dxjLgvXmWc9e6OomBOH_s,21 Studios,Never understood this. The women want more money. So naturally the men have to work more. Which means we don't get to spend actual time with the kids.... Maybe that's by design?,True,True,,,,
UgwAz4YOcPDTf3blq3h4AaABAg.AXmQGFr3wAYAXmW8gKsUPs,The Free Agent Lifestyle,You don’t even know how wealth and money works. Just hearing numbers in the media. Even broke people flex knock offs. Maybe one day you’ll know what six figures looks like in a year instead of a decade.,False,True,,,,
UgxALoF6A_IudKRMy1h4AaABAg,Myron Gaines X,Lmfaoo outta nowhere? Death is planned? He wasn’t old af?,False,True,,,,
UgwNdtiN_1_eY7YQpz14AaABAg,Rational Male Clips,"""controlled opposition"" That is what Chris and Scott etc. represent. They are the milktoast ""safe"" redpill option which is just the ""Approved"" messaging.",False,True,,,,
UgxqHdD06P8vyWWBDJt4AaABAg,Fresh and Fit,"UAW electrician here. Don't buy new right now. Please don't do it. The MSRP is so stupid anymore on the majority of them while KBB value really hasn't kept up. They're badly over-engineered. If you are dead set on a brand new vehicle, please give yourself time and do your homework. Research the vehicles. Pound the pavement when it comes to financing (if you're going that route). Whatever you do never, EVER let a salesman pressure you. They need your signature on those papers more than you need that metal, regardless of circumstances. You have the power and if the deal is bad, hey the deal is bad. Don't be afraid of that simple 2 letter word.....no. Honestly my only recommendation when it comes to new cars is Subaru. They're currently tops in reliability and affordability.",False,True,,,,
Ugzub-7Xfy8uBQ_gGxx4AaABAg,Rollo Tomassi,All of this is the matrix,False,True,,,,
Ugwcp-lO5irCILFbycp4AaABAg.AYDSCw_vA0PAYDbOWsDOv7,Rational Male Clips,"The red pill is real. Comes from the Matrix, but it is still an apt description of mens' experience with society.",True,True,,,,
UgxaMNQHXWAlH_dJggd4AaABAg.AO-678-P1TJAO-JiqCDIK3,Better Bachelor,"@Eye-Byte While agreed, both sides are ultimately controlled by the same lot: You either get WEF/$or0$/Gates/China/Blckrck and/or the Military Industrial Complex/ n@tasyahu/etc... (I know the controlled media hasn't presented this as an option, but you CAN be completely against what's going on overseas and care about innocents suffering on either side without supporting EITHER party in any conflict). The exception to the brainwashing/control scheme is that at least a fair number on the right don't completely support every single piece of garbage their side presents nearly as much as so many on the left at least seem to support and worship. But many do, nonetheless.",False,True,,,,
UgwBkRkRh4uo62nZp454AaABAg,Better Bachelor,"I'm from the UK and have watched him for years and I like his work. Carl is very intelligent and is very philosophical about certain subjects. He can have great insightful takes on many things BUT, when he steps out of his box on certain subjects he has huge blindspots and he applies his experience to modern problems. He is successfully married with kids and a very successful business. He is not the average man but with women he still thinks they are built like they used to be before they had unlimited dick, attention online and an expensive feminist indoctrination degree in their early adult years.",False,True,,,,
UgycnRqiAVeuJLcAxZR4AaABAg.AZlkd1kITomAZlz-E4bKRL,Myron Gaines X,@mohammedismail3745 how can you work towards your goal with no money? Startups in tech are fueled by money as they are working towards their goal. Somebody is funding them to work towards the goal,False,True,,,,
UgyCt8H66pznPOwFPxZ4AaABAg,Rich Cooper Clips,"I watched a lot of his videos and this one he is 100% spot on with everything he is preaching. It’s scares me how much he knows about the family law process. I practice family law for decades now and for you folks out there that’s in love and thinking it’s a good idea. I promise you it’s not. Don’t do it till the system is changed. Please take this one last point. No one going into marriage thinking they’ll get a divorce. They all think they find the one, it can’t happen to them, but it happens. Happens a lot.",False,True,,,,
UgxpktG1fLwBRBbca-F4AaABAg,Rollo Tomassi,38:50 It’s not matriarchy sweetie. I believe the term you were looking for is: The Sisterhood Über Alles. By the way: Thank you for your service,False,True,,,,
UgwcMHgFnhpDaUh4Jv54AaABAg.AMoL0Noh3LVAMwCiV_6QEr,Entrepreneurs in Cars,And double the cost of everything and stagnant growth and increase inflation…. Double the workforce only benefits the elite,False,True,,,,
UgzqYjk1U5iRi-I8xkh4AaABAg,Rollo Tomassi,"Ive been married and divorced in the UK. All I can say is if you are a man with money dont do it. The system is ridged against you. I get on well with my Ex wife, we have a kid together. I think we would still be together if we had never got married.",False,True,,,,
UgyrKP3ZWIOGWb0aJSp4AaABAg.9f2_6MbxH9E9fMVKZAJ4aB,21 Studios,"Other cultures honor, respect and care for the elders in their family without hesitation or reservations. It’s only the misguided American culture that dumps their elderly family members in a home for others to care for them and then want to sue the establishment for failing to meet “their standards” of appropriate care that they were unwilling to provide themselves. Our mothers and in many cases but not all, fathers too, dedicate years of their lives attempting to provide for their children and give them a life better than the one they enjoyed themselves. I don’t think it is in anyway inappropriate for a parent to expect for the child that they raised and made many a sacrifice for to expect the now grown child to give back especially as the parent begins to age and in some cases are no longer be able to work for themselves. While I’m not ignorant of the existence of the scenario being described in this video, it by no means speaks to all cases of single parent household. I was once a single parent and now I’ve been married for going on 30 years and the only thing I’ve ever asked of my children is to become self reliant functional adults, able to support themselves and make positive contributions to our society as a whole. But what I often see is folks in my generation lending support to both their parents and their adult children. I believe in our attempt to give our children a better life than what we had growing up, we also contributed to them adopting a mindset of entitlement and unrealistic expectations from the real world.",False,True,,,,
Ugx2UL85656fyqjXR9B4AaABAg.AXtnk-Y-zxbAYf9dz8pafG,Rich Cooper Clips,The fact that people gather and hyperfocus on individual people on the internet just spouting their opinions is a sign of low intelligence and that the matrix is fully effective in brainwashing people,False,True,,,,
UgzSpUBp9AhrteiLNTx4AaABAg,21 Studios,"I've been telling this truth for years; it only works to affirm those who already know. To those who need to hear it, though, without volumes of evidence it's just accusations, and it is received as lies attempting to undermine a beloved movement. A full on documentary detailing the connections and demonstrating the destructive consequences would do more to effect change than just stating the conclusions.",False,True,,,,
Ugx5lyhFeNDLCYFnMr14AaABAg,Rational Male Clips,"Dr Bella DePaulo did the most exhaustive study on singleness. There is a growing number of single at heart people. Including men. The foolish idea of everyone getting married is stupid. Prior to recent times, barely 40 of men passed on any genes. It’s only the media ranting about it. I cheer birth rates dropping. Too many people for resources or jobs. Trump already cut social programs to make oligarchs rich, so more humans need to die off. USA is collapsing empire anyway. Extinction burst is what they are experience now. Great show.",False,True,,,,
UgxKDIT1bxZQjejkVnJ4AaABAg,Better Bachelor,"Charles Manson found woman to be very compliant with their brainwashing, for his mantra of overthrowing western society.",False,True,,,,
UgxrAFN2hGhaBbTDDW54AaABAg.AY8Ym1bXcGCAY8iNptdawm,Rational Male Clips,"It won't change much of women's choices as they will still mess with the Chads like they do now and the Chads will still mess with the women like they do now; what women won't like is that men they do not want will be less likely to transfer their resources to them voluntarily or unconsciously. However their will be an almost overwhelming multi institutional response to ensure men surrender their resources to women from traditional men who already tell men to marry without getting anything, from the massive feminist lobby and from the deep state which wants the primary barrier to their hegemony which is independent men- to be nerfed or impotent.",False,True,,,,
Ugyl-FX66COkD69LR6h4AaABAg.AVkUVheAnjRAVkWf0zzey9,The Free Agent Lifestyle,They are only empowered to do what Elites want them to do and that is destroy men by destroying their nuclear families.,False,True,,,,
Ugyk6-YgSq4J4HB1j4V4AaABAg.9nrCfolAf8o9nvah5LcxFx,Rollo Tomassi,She's been living in the matrix for so long.,False,True,,,,
UgxPgQhC8RTh9_gUrjJ4AaABAg,Rational Male Clips,its great that you say this but sad many wont get it. programming is deep,False,True,,,,
UgwlwEF69AVInirfrWh4AaABAg.AUmYzkky5xlAUmwgygSyZU,Rich Cooper Clips,"This is propaganda. The soviet union was notoriously homophobic, as were early communists. The idea that feminism and communism are compatible is a late 20th century chimera that could only possibly be concocted in the west. Communists used to refer to these things as disease of the bourgeoisie.",False,True,,,,
UgytimzczFhmzPx9WAl4AaABAg,Rich Cooper Clips,"I'm late 50's, was married years ago, have 2 grown kids, but I haven't asked a woman out in 6+ years, yes on purpose, it's been a journey, but I'm now enlightened and I get to avoid all of these mind games and the circus 🎪 the juice is no longer worth the squeeze to me, my peace of mind and bank account thank me",False,True,,,,
Ugwbp1QF5PHPxVijoMh4AaABAg,Rich Cooper Clips,"These conversations are becoming so tired. Same talking points over and over - why not focus on purpose, meaning, faith, wellness instead?",False,True,,,,
Ugw3uHLeo3fsY7ZprbJ4AaABAg.AUr2J7RZrV9AUrddakNXCo,Better Bachelor,"BUT then the BANKERS came in and wanted to empower the government so they PASSED the 17th and 19th Amendments under President Wilson. NOW BIG MONEY owns our Senate. And most of the HOUSE. These same Bankers also capped the US HOUSE at 435 ending the 30,000:1 ratio of citizen to Rep ratio. TODAY we are at a 760,000:1 ratio - WE the PEOPLE have ZERO say on our REPS. But the BIG MONEY that PAY for their CAMPAIGNS own them. Point #1 HOW the 17th Amendment GAVE the POWER of selecting our US Senators to BIG MONEY through campaign finance and Perks. OUR founders knew that IF the Senate was up for POPULAR vote we the PEOPLE could in no way KNOW who they were, what their character was, etc... This is why our founders had the STATE legislative body select the US SENATORS fro among themselves. We the people KNEW our STATE reps, and they in turn knew the other legislators, that would then choose the US Senators to represent the state. BIG MONEY could in no way OWN every state legislature. IT was MUCH easier for them to simply OWN the newspapers, the candidates themselves, and a hell of a lot cheaper. ANd THAT'S exactly the reason they PASSED the 17th Amendment. For BIG MONEY to OWN the US Senate. Point #2 -- Our founders also had a cap on the number of constituents a US House Rep could have (30,000) so that the constituents would PERSONALLY know the candidates running for office in their district. This kept BIG MONEY from OWNING the HOUSE -- Today they would have to BRIBE over 10,000 members if we were to go back to our founders plan of 30,000:1 ratio. OWNING that many congressmen would simply be impossible -- especially since WE the PEOPLE would personally KNOW the candidates. FACTOID: Today there are approximately 760,000 Constituents per US House Representative. NO one KNOWS their rep. The ONLY people that do are BIG MONEY. FACTOID #2 All of this was done by the Wilson Administration. He gave us the central bank (Federal reserve), the 16th Am(Income tax), 17th Am, 18th Am(Prohibition), and the 19th Am (the Coup de grâce - women's right to vote). President WILSON he most DESTRUCTIVE PRESIDENT in US History. SOLUTION: Repeal the 17th Amendment and restore the 30,000:1 ratio in the US House.",False,True,,,,
UgycGpFN7_ayWAmlOYB4AaABAg,Entrepreneurs in Cars,My last gf was #96 of pure ripped petite feminine beauty...absolutely gorgeous not an oz of fat on her..just the way shes made & very talented. I couldn't believe how most other women treated her...ie walking around a corner in a store they would look her up & down & literally scream! Also sometimes scream at their husband's too even tho he wasn't even checking her out. Girls that normally wouldn't look at me went out of their way to try and steal my attention away from her. Other supposed friends would intentionally exclude her & treat her mean. Its unfortunate cause she is actually a super nice person & not at all conceited whatsoever.,False,True,,,,
UgzYcNHvFuTP7Fiyk614AaABAg,Rich Cooper Clips,"Unfortunately that's the new world order. They just focus on the wedding, note the marriage. Look at the chuckle during the poverty and obey part... Yet they are wondering why marriage suck now",False,True,,,,
UgyUreRVSKQmV0bathR4AaABAg.ATwO_A1HKlDATwX5eFzIVw,Rich Cooper Clips,When the BS propaganda machine stops.,False,True,,,,
UgwM4vqOKvVRRCmKuQB4AaABAg,Rollo Tomassi,"the thing is that hollywood effects and professional make up can make you look 10 years younger. she is still fine for the job. but if you see her sunday morning without make up, she would look like a different person",False,True,,,,
Ugw9-k4P-yLFVYe8yQ54AaABAg,21 Studios,She is a thousand percent right when she said the the system is NOT for the best interest of the child. Hope social workers see this!!!!!,False,True,,,,
UgxFyi7aXsrju-Tal-p4AaABAg,Myron Gaines X,The same country that protects grooming gangs and held s*x charges against Julian Assange for speaking out against the system is now doing the same to the Tates. People they are doing this to the Tates for political reasons.,False,True,,,,
UgxAtTbmUuWH1reJTPh4AaABAg.APebGRn7AKFAPehL6g-LQv,Better Bachelor,"I hate to be that guy, but that's not it. They want to be able to say that, and still have only men they find attractive approach, they don't really want ALL men to stay away, but they don't come out and say the truth. I've been lied to in every way under the sun by women who don't want me, instead of speaking the truth they come up with all kinds of plots and schemes and lies, i've been told that they had a heart attack on the day of a date, that their mother was rushed to hospital, that they had a panic attack, that I am too good for them, too nice for them, i've had them try to reverse psych me, trying some hairbrained bs to convince me I don't actually like them, question why I found them attractive, say why would I want them,. Bottom line is when women don't like a guy, they lie, they do everything except say it, and they get angry when their bs gets cut through, these women don't want all men to stay away, just the non chads.",False,True,,,,
UgwRms0oYuX3d1gItIZ4AaABAg,Rational Male Clips,The Sisterhood will always make up excuses and justifications for a woman's stupid conscious decisions.,False,True,,,,
UgzVHME7dobxgkTyDi94AaABAg.9kQbfraySyX9lpltZ0U2ST,21 Studios,His son will be brainwashed by the mom that the dad did it just to gain fame and will probably not get out of this mindset before ending himself.,False,True,,,,
UgyxrAQGqtbQGPkhD_l4AaABAg.9o_F5BRlEG39pJQJdNluNM,Rollo Tomassi,"There are so many ironic things about your comment. First, the claim that your church is different is exactly the same line that Catholics have been using since the Dalrock days. In reality, the Catholic church is doing no better than Protestant churches in handling feminism. In fact, a handful of protestant churches controversially stand against it in opposition because there is no general power structure. Unfortunately these churches have issues of their own. The Catholic church has wholly capitulated. Second, you ironically quote scripture to undermine the authority of scripture in favor of the church. In trying to convince us to listen to our churches more than the bible, you misused a bible verse. It's funny because the verse you chose does not say what you want it to say, not to mention that our churches believe in the sole authority of scripture, meaning we have to prioritize the bible even if it did. There's no need to pretend like your denomination has proven it's supremacy by withstanding feminism. We have all failed (with the exception of some Orthodox) and can all learn something here.",True,True,,,,
Ugwml4Dn9SVnfv38ES94AaABAg,Rich Cooper Clips,"I stopped providing matchmaking services as a dating coach about 18 months ago because from the very moment I started I was constantly having to work with women who were so incredibly delusional about the type of men that they are capable of, not just attracting but maintaining. On numerous occasions I actually did the homework and found the men who were as close to their ideal partner as possible only for those men to actually reject those women over and over. I did this intentionally on numerous occasions because I thought it would be the only way to shatter the wall of delusion of many of these women, but watching how they would turn the narrative from being rejected to them. Rejecting the man and him not being good enough was so incredibly troubling that I couldn't put myself in the place of entertaining that mindset any further.",True,True,,,,
UgxCHWnOz2qqmKVWXm94AaABAg.AVHTq6UDYUmAVIJmaXn1N-,Better Bachelor,Just like conspiracy theory verses mainstream media. Undefeated 😂😂😂,False,True,,,,
UgxwNdv4PDtcKjGhP6F4AaABAg.AHYmoAy-UQNAHam2BBQJ8a,Entrepreneurs in Cars,"It's much simpler than this, they are numb, attraction is both ways. Women seduce also. Today women are just manipulative, their brain is programmed that way by whatever they consume, feminist propaganda, social media, etc. It's a kiss, that should come naturally as a result of both seducing. Anyway, it's not worth it, modern women's culture is trash.",False,True,,,,
UgwVWmf_S4Q1JTWpNC54AaABAg.9xWoJHa2puh9xhDbOspulA,21 Studios,1 million votes in Texas was stolen and given to Biden! You don’t live in Texas anymore or America for that matter. So where do you live? As the World Economic Forum.,False,True,,,,
UgyKnEB4DkOH-vsvxPp4AaABAg,Rollo Tomassi,"Rollo didn’t bring up any of the points brought by DJ AKA. Either he is covering up for Fresh or he didn’t do any research before this “interview”. Paying the light bill?! I’m greatly disappointed with Rollo, this raises suspicion, and I watch him every day.",False,True,,,,
UgwGeq6URwAOIzZ1Ojt4AaABAg.AUrSxGNsOFsAW3d_e0Wi-w,Rational Male Clips,and society has programmed men to feel evil for even asking for sex.,False,True,,,,
UgxP09lr5LkBUBiPlPJ4AaABAg,Better Bachelor,This is all been by design. There's a video of an ex KGB agent from the 1980s explaining how this is exactly the plan that was put in place.,False,True,,,,
UgwnQ056AGDI3BzNTQp4AaABAg.9dmwERomXAE9drqTV9vArQ,21 Studios,System will never change because is designed to control/own the black man. And make trillions of dollars,False,True,,,,
Ugy390CU0aPnKszdqRB4AaABAg,Myron Gaines X,That's not gonna happen since they are all friends with each other behind the scenes.,False,True,,,,
UgytC4Rn2akXP6PdNe94AaABAg.AXULoGJAmcrAXUORWz6ZJv,Better Bachelor,"It’s because we didn’t go along with their narrative. In 2016, The British left the EU (wasn’t suppose to happen) In 2016, Americans elected an outsider, named Donald Trump. (Wasn’t suppose to happen) The Globalist establishment is furious we didn’t go along with their Narrative and plan they were building. Whatever Agenda 2030 was, has been postponed to be Agenda 2050. They are that furious at the West",False,True,,,,
UgwT88SSEuhi2kw9P1p4AaABAg,Entrepreneurs in Cars,"If you select the wrong woman, you could end up in a situation where she is angry when you are having fun with your kids after work and tries to deliberately arrange for your time with them to be more difficult. Think about this hell for a moment and make the right decision.",False,True,,,,
Ugyl3BBdW_A3YtNvC8p4AaABAg,21 Studios,"It wasn't planned but my hubby knocked me up the summer i turned 35. I go to obgyn...i was so offended to see GERIATRIC on my chart. Had no idea til then. Luckily, my son was born perfect. But i definitely took me longer to recover & pregnancy was way harder. Had zero issues with first 3...was on bed rest for half rhe pregnancy for my 4th. I had my 1st at 16, second at 21, third at 32, & 4th at 35. He is not lying. These are facts. Whether we want to accept it or not. Its science...not absolute. My grandmother started having kids at 16....had her 9th at 45. He is not saying its impossible...just might be harder.",False,True,,,,
UgzeXg1eDdmySaUJE6t4AaABAg.AWX2LwE7Ie0AX-8owu6Hfd,Rational Male Clips,"@bishopofeternity48 If you travel to other parts of the world, you will quickly learn that what you call ""love exist for men"" is a western creation. You don't realize how much goes into programming of your view: little boy views and deals with boys and girls the same, until he is told that he can not fight back or hit a girl . . . the programming starts very early and progresses with shaping the boys view so that he can become a sacrifice.",True,True,,,,
Ugzje7PwDqa7gtLvtC94AaABAg,Rollo Tomassi,"Women do love some men, which they created in their heads listening to the propaganda in entertainment and media. What women do is taking a style from Pete, money from Rob, six pack from John, etc. Then she puts it all together and measures any next man by this standard now that she hit the wall and doesn't just ride the carousel for fun, like she used to in her 304 phase having the only standard - he has to be hawt. That's why when women verbalize their standard he looks like a caricature, where next bullet point is contradicting the previous one. Then she screams on TikTok where all the men are ? Men you created in your head never existed to begin with.",True,True,,,,
UgzzbPIAE3irlfFLyV94AaABAg,Rollo Tomassi,"1:24:26 - A ""real man"" is a manipulated man",False,True,,,,
Ugy7X0d0UpfhXhUnZNJ4AaABAg,Better Bachelor,Immediately invited the enemy inside the gates. Disgusting.,False,True,,,,
Ugz9Mw6OZLpe39N5ViF4AaABAg,Rollo Tomassi,"Of course most Gen Z guys are lacking communication skills...thats by design. Society has pushed a lot of anti heterosexual men agendas and baiting women against men. The ""woman is a god"" complex, feminism, ""me too"" and ""pandemic"".",False,True,,,,
Ugz5R4yHyiWQnEoEPEZ4AaABAg,Rollo Tomassi,🕜 TIME STAMPS🕔 0:00 Intro - Rebel Capitalist Edition (Introducing J Waller) 5:00 Learning And Growing With Likeminded Men🔥 7:30 The Red Pill Is So Much More Than You Realize 11:05 The Relation Between Economics And Intersexual Dynamics🔥 17:15 “The Crisis Of Current Men” As Depicted By Mainstream Media🔥 19:48 Justin’s Personal Story 21:45 Tradicional Male Jobs Are In The Decline And It’s Current Perception🔥 27:50 The Intricacies Of The Current Work Landscape And The Sexual Market Place 32:30 The World We Allowed 🔥 36:30 Making Committed Relationships Work And Coming Together As Men🔥 42:45 You Need A Brotherhood To Survive And Thrive🔥 47:00 Outro And Announcements 📣,True,True,,,,
UgxUOR0lHX4365LrCJN4AaABAg,Rich Cooper Clips,"I get it and I like alot of your content Rich but what if the situation were that he maybe had a dui and his license revoked? Somebody's gt drive and who's to say it's not his car she's driving? His house or apartment they're stepping out of, his gas they're driving on? Sometimes things aren't always as they appear ya know. Perception is deception a lot of times. Your senses and assumptions can fool you. For example Someone who looks rich may actually be buried in debt. Someone who seems rude may just be having the worst day of their life. A relationship that looks perfect on social media might be falling apart behind the scenes. A stock that looks like it's crashing might actually be setting up for a reversal.#Just saying",False,True,,,,
UgwYSyhP3X6vVygkKet4AaABAg,Fresh and Fit,Who listens to and believes this garbage? This is a crazy psyop,False,True,,,,
UgzldAmiVx2aFs27bIx4AaABAg.AQI3XHEa0jRAQILQR-Q3R9,Better Bachelor,"@israv7993im from Mexico and i wanna see that, how can i find it? And i thought you made many mistakes in your writing, but i realized its actually on purpose so your comment doesnt get deleted lol",False,True,,,,
UgzwHF8XUn0VvPKOQ254AaABAg,Better Bachelor,Propaganda can only get you so far before it starts crumbling.,False,True,,,,
UgxbgISoMBDR9yEugpd4AaABAg,Entrepreneurs in Cars,"Rich touched on something incredibly important. SSRI's pharmaceuticals for ""depression"" are designed to do one thing: chemically lobotomize. They steal your creativity, your connection, your libido, and have nothing to do with helping you, they are literally, soul stultifying, psychoactive drugs. They are incredibly overprescribed because everyone goes through periods of sadness, but that's now classified as some type of pathology, called depression, and an excuse to make money from you.",False,True,,,,
UgxvEQqqRVSFM2L08GN4AaABAg.AOcQ34fWyGCAOdn9hJ49zR,Rich Cooper Clips,"""Stays in a relationship for x number of months, then dumps him and goes back to mr. Plan B"" But which is the ""relationship"" and which is the Plan B here? This OP is the relationship and she goes back to her Plan A (One that got away, Gen. Burn. desire guy), only to get burned again and run back to a Plan Beta dude.",False,True,,,,
UgwW54iBI16Q2bnf-n54AaABAg,Better Bachelor,"Don't be mistaken. This is planned. The hidden powers that be, want the destruction. They want the violent nature to manifest and destroy the current structure. Then, it can be rebuilt in the form the hidden powers want",False,True,,,,
Ugx-MdHQmw8L-28kC4J4AaABAg,Entrepreneurs in Cars,"There has been an agenda in music, romance books, television and movies against marriage for most of the past century. Television programs and music and movies have been programming people against good marital relationships.",False,True,,,,
UgxbS1kDNCeF2tkvveZ4AaABAg.9W_itCA6oiu9Wa3Z_tVQ8-,21 Studios,as opposed to degeneracy of mainstream media,False,True,,,,
UgwutRIYOB0_0nXhDAB4AaABAg.ABumcXUHPavAC7bfTw9sRq,Rational Male Clips,"Totally get what your saying. Years and years of developing timbre, altissimo, range, agility. These kinds of things open your eyes to how people attain success. I think this idea of “talent” is a cop out a lot in modernity. I’d even say that is largely a feminist narrative.",False,True,,,,
UgyCNdsSER_0nM1pJwR4AaABAg,Better Bachelor,Elites want to usher in madness.,False,True,,,,
UgzCATEs7UV37qmn0cd4AaABAg.AXUPEJ6GwBWAXUXpnWU15h,Better Bachelor,"The invaders have had it real good over the last 30 years.. given the gold mine incrementally up until obama when he decided to hand it all over to them and put the pedal to the medal. And then there was j0e that completely opened up the orders and blatantly did it, rubbed everyone's nose in it. And the foreign fraud schemes abound in this country all thanks to the obummer/obiden regimes. Radical marxist, socialists and communists are all what those two are about, catering to them. While any working, middle class American and regardless of their stripe, have been given the shaft. I have been watching it for 30 some odd years, telling people that just flat refused and have even ridiculed me for it.. and now everyone decides they want to wake up. Selling out the industries and lucrative jobs and filling all of the menial service up with the foreigners, their slave labor class at a cheap discount. The i r s and doj doesn't go after the foreign fraudsters or the dirty politicians.. they are only interested in the working people that have something to lose but not enough to fully fight back and defend themselves so they just give in and give up, roll over. All by design",True,True,,,,
Ugx0NxwQVqgMizKL32x4AaABAg,Rollo Tomassi,Not that it really matters but the first time I heard the term red pill was from Patrice O Neil as a joke right after the Matrix came out. And his material would be 💯 perfect on what we consider red pill. I consider him a pillar of what we call modern red pill understanding. He was like 30 years ahead of the times. not sure if it was 2004 or 5 but I know that by 2006 he had already a whole theory made into his beliefs,False,True,,,,
Ugx5V0Zg4FJeLSyTZKV4AaABAg,Myron Gaines X,This is why we need ppl like Myron. Pushing the truth even when censored. W Myron,False,True,,,,
Ugyc-RXiPEkWNYXL54F4AaABAg,The Free Agent Lifestyle,@Free Agent Lifestyle AKA CGA Coach Greg Adams. The system isn't only out to get you but for the MOST part it's out to destroy you period.,False,True,,,,
UgyOTSWpEEEnfHfZq294AaABAg,Better Bachelor,"my aunt is a nurse and she has dealt with tons of women like these. she told me a story about how one of the rookie nurses intentionally ignored an emergency alarm tripped from a patients room because the nurse was too lazy to get up. stories about women not delivering meds. not tending to patients, not doing their job. some intentionally.",False,True,,,,
Ugy8OguHhWwqfPCo5TF4AaABAg,21 Studios,"Dont look into who controls the media, who controls the language tho",False,True,,,,
UgyCvki-GrBq6JC7K-F4AaABAg,21 Studios,"She meant to say "" I resemble the fact...""",False,True,,,,
Ugx3ywtGvic6BKc1WZR4AaABAg.AM_Hkr0eqE0AMafRbDNqaT,Entrepreneurs in Cars,They think that social destruction is cool. They are part of a satanic generation. See Yuri Bezmanov (?),False,True,,,,
Ugz2i6KE3a65RpRGK5R4AaABAg.AZLLqjw1-dtAZMHoIDd4xP,Myron Gaines X,"@GenZ4Trump-z6ulol, thats the propaganda the Epsteinians were selling for decades. Islam, at the very least, considers Jesus to be a prophet. The Epsteinians? They think he's rotting in sewage. Iran even has a metro station in honor of the Virgin Mary. Go look up The Holy Mary (Maryam-e Moghaddas or Shahid Nejatollahi) Metro Station in Tehran",False,True,,,,
UgytAHCuLa00SnzCJX54AaABAg.ADB7bxcGYZIADBiqHLXJV7,Rational Male Clips,"@howardroark3670 arguably 1 of , if not the original "" red pil guy"" . any propaganda about "" red pill guys all hate women and want them chained in the kitchen pregnant and bare-foot"" probably came from watching TFM lol. out of the entire RP space going back to 2014 , he's the ONLY 1 i've seen who'd say "" take womens rites away"" regularly and NOT be using satire or exaggeration. he's on that "" nuke the enemy country into oblivion and the war's over AND we secure peace"". type of thinking.",False,True,,,,
Ugz2kwREPNxJH0_QLfd4AaABAg.9v3eYb01tp69v4eiZgcb4q,Rollo Tomassi,"Lots of people are ignorant to the reasons why no-fault divorce ever came about. It's about education. Lots of people barely know history, let alone the history of legal things... school is designed to teach you to read, write, comprehend, do maths and become self sufficient with your skills into the future. At the end of the day it takes a 3 second wikipedia search to learn about something in depth, and following the references and citations if you want to get really in-depth.",False,True,,,,
UgxMsyjd2ai53AOxAiJ4AaABAg,Entrepreneurs in Cars,"In UK, you definitely DO NOT want to go through the family court system! It’s rigged from the get-go, separate applications and court appearances for ONE marriage contract, which takes years and costs ££££! Throw in some mediation nonsense which is biased as F. And then continues this as you’re introduced to the currupt child maintenance service. All services turn a blind eye towards any DV male victim. He is the target and the scapegoat. My video and recorded evidence was IGNORED purposely. It’s disgraceful. And there is a deliberate system to destroy the family unit from Day 1. If a family remains complete, then life is good. But if the woman gets itchy feet and decides to initiate divorce because one of friends has done it….. well, then strap in for that fiery plane crash which WILL consume YEARS off the man. With 50% approx marriages resulting in divorce… those odds aren’t good. And the gov doesn’t give a toss if families are destroyed and birth rates decline.",False,True,,,,
UgxFlQ0pq9ed8xWqJcB4AaABAg.ATyTMmLWCuPATyiNhaKpQR,Rich Cooper Clips,"@markmudgett7579thank you for your message. Sorry to hear about your circumstances. That is tough. I have learned that ""if I do x then y will happen"" does not happen. I have learned there are double standards out there and despite everything we are told by the media, at school, college, university etc. A lot of it is comforting lies. I reacted to the 1st vaccine and had to take a sick day off work, the 2nd/3rd caused a reaction and didn't save me from catching the virus. I liked that test he gave to his prospective business partner, I feel silly. A good day to you.",True,True,,,,
UgzPxiVQvVDjPV5G9nN4AaABAg,Rational Male Clips,"They sound out of touch on this take. Keep in mind; these 2 men have money and clout. And are from and live in big party cities (miami nd las vegas i believe), when they speak on their club experiences, they are more than likely talking about big cities and big clubs. Cities in which ppl dream of partying in. OF COURSE the women in those situations are acting like they're in a Hollywood production. If you jst go to a regular club in a smaller city or town, especially a college town, you will likely still b able to have a good experience if you have anything to offer. Whether its game, money, or status.",False,True,,,,
UgzTemDetL6PWDOVI-54AaABAg,Rollo Tomassi,"How on earth do you have the patience to dismantle this? Just listening to her gets on my last nerve, let alone her “argument” or lack thereof. Rollo, the real MVP.",False,True,,,,
Ugx8JwmsG98xsDd5HuV4AaABAg.ARVn9R-M95fAR_xzRFHfPN,Rich Cooper Clips,I agree. I also think it’s a way for a woman to test if the man will be easy to manipulate and is a yes man or push over for her and decrease any attraction that she may of had for him.,False,True,,,,
UgwCw5a7LqhjOOz2oLp4AaABAg.AVPOIcYE2_fAVPVSDL8Neh,Better Bachelor,"@TopherOKeefe Yup. They successfully played their part in the destabilization of the West, and now some of them are beginning to notice what’s in store for the sisterhood once the barbarians they helped let in eventually become the majority.",False,True,,,,
UgwZZm4zSwQ6HBpyX7N4AaABAg.AW3jopbb61RAW6qcjqxx9Q,Rich Cooper Clips,""" *We're in runaway climate change,* "" No we're not. That ""climate change"" myth is pure propaganda and fiction.",False,True,,,,
Ugx_tWxo0tXG6gbMxVd4AaABAg,Better Bachelor,There's a word for this: genocide and discrimination. This is planned. The elites are doing this on purpose.,False,True,,,,
UgxtItiZKBaATh5TcDl4AaABAg,Rich Cooper Clips,"My assistant's husband walked out on her three years ago. She's a sweetheart, but she vapes, has a nose ring, and recently got a pretty large tattoo on her arm. She also has a tramp stamp from her younger days, but that's always covered up. She's had trouble finding another man, despite being a good-looking woman, and she wonders why. All of those things are major turn-offs to guys.",False,True,,,,
UgxVi4WL7dBPoJLvZdd4AaABAg,Myron Gaines X,Fox and cnn are both corrupt and just enhance the divide and conquer tactics. Don’t fall for identity politics its a psyop brought to you by the shadowgov,False,True,,,,
Ugw686hWVAnYlnFFUKt4AaABAg,Myron Gaines X,"I dont think he went there and planned to kill someone, but the moment he put his hand in the backpack and opened the knife before hand he planned to do it in the moment.",False,True,,,,
UgxxcxweBes-cw4w0Dh4AaABAg,Entrepreneurs in Cars,The reason why they want you to take the mother's role is because she is with Chad or Tyrone.,False,True,,,,
Ugwu67vh-Z-d9AFQdcN4AaABAg,Rational Male Clips,"I work with a few other men and i see them getting married for a second time and used again!!! They are so ignorant and actively SIMP and attack the red pill community. I smile and say nothing while I have a much better sex life , freedom and not manipulated. I rather be me",True,True,,,,
UgyCRo9GJUGW0yBCUu54AaABAg.AVBx7G1Bn1yAVBzMENbNJF,Better Bachelor,"That's never mentioned and I think it's deliberate. I don't know of ANY women who could cook from scratch, for a whole family, patch clothes, clean, balance the family checkbook and literally keep the homefires burning, while raising children to be civilized human beings.",False,True,,,,
UgxFHA7RuEvIRfLerJ94AaABAg,Rational Male Clips,"The hypocrisy and 2-faced nature of the ""woke"" movement is clearly exposed when it comes to men's/boys' issues! this is a warning from Singapore, an openly misandryist authoritarian state! here only male citizens and offenders are subjected to forced conscription and caning! fight forced conscription and caning of men as this is a blatant human rights violation and misandry! The human, civil and workers' rights record is abysmal, and the state media was once ranked as lowly as 160th and there is no criticism of the establishment allowed to be published/broadcasted!",True,True,,,,
UgxRdPSLuPzI3C1zOIh4AaABAg.9bmYTvYOgo39gm-3vUbPem,21 Studios,"@unclecharles I shamed her for her unrivaled stupidity. A fair thing to critique, no? I'm sure if it was some leftist women, you would have some buffoonery to spout as well about how brainwashed she is when this girl acts like a roach endorsing Raid products.",False,True,,,,
Ugx_yQkAsIbSbGuYHxd4AaABAg,The Free Agent Lifestyle,Women like pookie because he’s easily manipulated and they can discipline him if he gets out of line,False,True,,,,
UgwDKbKrxXPdQ1Vmw6N4AaABAg.ATNzYAptAUWATQ8JZaMs61,Rich Cooper Clips,"if it can be programmed, it can be unprogrammed. The first step is realizing theres a problem which many guys refuse to even acknowledge so they just continue fumbling around",False,True,,,,
UgzTCyIjHgcPjjxkCah4AaABAg.APFJ9IOsWYiAPIsqpjlHT5,Rich Cooper Clips,"Correct , or I could just state he is as demonic as Barry and Big Mike causing untold demise whilst Murdoch’s indoctrination media keeps the masses unable to distinguish their arses from their elbows , hence why we have lost our country .",False,True,,,,
Ugzsi4WFFE4L65PQISJ4AaABAg.AY4XPOLBHJ2AY7Sa2kzkBM,Rational Male Clips,"Successful men are not rewarded for their success. They're looked upon negatively. Women will say he didn't earn it, that it was the patriarchy that got them there. Even when a man wins, he's still the enemy - he's still ""muh patriarchy"" stealing opportunities from women. That's the critical issue here. Men are actively disincentiized to succeed, and success itself is looked at with suspicion and derision from our backward social moral system. We live in a culture that elevates the perpetual victim and ostracizes the hard worker for not working harder. In their mind, if you are successful it's because you harmed people in the process. There is no point in taking responsibility in a system that demonizes the responsible.",False,True,,,,
Ugzvo3AuyTir0Q7e6bh4AaABAg.AJMmj4QEY1sAJMvrhE5uuc,Entrepreneurs in Cars,"that's what the globalists would have you believe, do something to change that or you just end up a victim",False,True,,,,
Ugxjk8lxyRlXBiIqAlh4AaABAg,Better Bachelor,"I am not American, but I will say. What a disgrace that US soldiers were sent to fight terr0rism in Iraq and Afghanistan, but now domestic terr0rists are praised by elites, who sent these soldiers to fight them.😢😢",False,True,,,,
Ugx2L8GOJyH3h31PDmd4AaABAg,21 Studios,Bodyweight training is limited for leg work? Please. Sprinters have better legs than gym guys. So do parkour guys (explosive jumping). Your legs are designed to move you. So why use weights and isolation work?,False,True,,,,
Ugwy4AMuaAbp7rY42Z14AaABAg,The Free Agent Lifestyle,"I was in Monterreey Mexico the day this all started. Monterrey is chillin' like the majority of the country that is not affected by this - and at worst - is taking precautions. Other than that, it would be like a couple states in the US having dangerous violence, while the media lies and tells you the entire country is falling. Mexico is well over half the size of the US. It's a big a$$ country. You're more safer in Monterrey, Mexico than New York.",False,True,,,,
Ugz8rXHB8w4NuOC4rll4AaABAg.AXFXiBuSC-eAXFwvi7-391,The Free Agent Lifestyle,There’s a reason they are making Ai sex robots & sex dolls. All this was planned decades ago. Problem/Solution.,False,True,,,,
UgwxnJadl12F4lVj8TN4AaABAg,Better Bachelor,It’s what I call “The Great Replacement “.,False,True,,,,
Ugy4Wrwa7u6xbl13KQZ4AaABAg.ASLRzkCGbYgATJSKgdIzdB,Better Bachelor,"Absolutely correct!!! If I came upon a fire burning the only copies of the last 10 years of hollywood wokeness films, i wouldn’t waste the pee on them to put them out. That’s how worthless woke hollyweird films are to me! Utter GARBAGE!!! 🤣",False,True,,,,
Ugwd3-dKAQr2dX9wvjJ4AaABAg.AZIXMyq7fhDAZUuy1DiEaz,The Free Agent Lifestyle,It’s not that deep dude you just wanna make this political. It’s pretty common knowledge that rich people or politicians are out sleeping with other people and are not monogamous to their spouse. What you’re doing ranting about the media and blah blah blah will not change anything.,False,True,,,,
Ugwtjo-1a1xasRy5fgd4AaABAg.AZWdfM_HgImAZXGLHQpV1H,The Free Agent Lifestyle,@TheRetroChronicles1776this is a psyop plain and simple.,False,True,,,,
UgzErjGo-jVqlev553x4AaABAg.AZ3dSMtqPnEAZ3j47YXmCf,Better Bachelor,"Its not a black pill, its a warning. If the game is rigged a certain way, adjust your playstyle. Don't keep playing rock against paper",False,True,,,,
UgzRUhZP88YD-XJHbfZ4AaABAg,Entrepreneurs in Cars,"I dated a single mom once. I learnt a lot. I remember her saying all the right things, you’re my soul mate and all the rest of it. I remember her posting a photo of us saying when it’s meant to be you know. When we separated she got with another guy instantly and posted a photo of them saying the exact same thing. Don’t fall for that their bullshit lies.",False,True,,,,
UgzNtD7-NpRI3FYeTW14AaABAg,Entrepreneurs in Cars,"I dont understand the modern relationship, when everything revovles around money everything is set up to fail. Civilzation is done, our convenience has replaced reproduction. This is an existential crisis and no one wants to address it, people are too busy getting entertained and comforted, no one thinking about the abyss that were on the verge of. Hey maybe its for the better.",False,True,,,,
UgyRQwcBvDtYEnRllZl4AaABAg,Myron Gaines X,"Bruh, investigation aside dude self snitched on himself for years before he popped off in mainstream media, its out there on video and forums. His a self serving egotistical maniac, calls everyone losers and broke, meanwhile made his money by pimping out desperate woman and taking their money etc... Then talking shit online selling courses about it haha. Having charisma, being articulate and hiding in Eastern Europe or Dubai helped him out a bit and delayed things. But now its time to take some accountability. Plus dude is rich and has connections, he doesn't need the help of us peasants and brokies as he would call us all... lol",False,True,,,,
Ugwd8O6lf8mLnMfkXPR4AaABAg.AY9SPE5viCaAY9kwbODxwC,Rational Male Clips,They’ve always been agents for The Establishment.,False,True,,,,
UgyTLNz-yeJjWUHvtmd4AaABAg,21 Studios,"A little tip I picked up from my stint as a professional paintball player. If you want to run faster, make sure you land on your toes, as opposed to your heels, as many people are conditioned to land on their heels from living their entire life in cushioned shoes. If you land on your heels it send the shock of ground contact up your leg which knocks around your aim as your arms are subject to a larger percentage of that vibration release, while if you land on your toes, you obtain the shock absorption from your ankle bending from the impact. Thats what knees and ankles are, shock absorbers, still legged running results in wobbly aim. You can see Anthony here contacting the ground with his heel first, while he will probably land that 14th shot if he trained to walk toe first. Great shooting on his part, but the pace of his movement is nothing similar to that of someone full of adrenaline",False,True,,,,
UgwqL44BWAqHaLILlHR4AaABAg,Rich Cooper Clips,"""There is always someone who likes the other more."" If feelings towards one another isn't mutual, the unrequited party stepped into the relationship with motives of their own agenda. The kind of agenda that screams, ""Mooch."" You know, the thought pattern of, ""I am only here to look out for myself. To impress my friends. And, if they have children they may include that in the agenda on your dime, status and energy.",False,True,,,,
UgwUGkfTuwUUDFWqZ0V4AaABAg.AFg-K4yQHERAFg9APt7QJG,Fresh and Fit Clips,"Have to agree. Myron is a loyal friend, but fresh is boring. He also makes stupid comments. Let Fresh do what he does best behind the scenes. Cause when it comes to the show Fresh is a drag to Myron. If fresh was a true friend like Myron. He will cut Myron lose and let him shine even brighter.",False,True,,,,
UgykFIp2Ltvxm77RFoN4AaABAg,21 Studios,"Well I'm sorry!!! I got pregnant naturally at 46 gave birth at 47 breast fed for 2.5 years and my boy is very healthy and so am I! And also I had a natural birth without any pain killers and my pregnancy was a bliss, had no morning sickness and loved all part of it!!! So even though I would have rather have had my child earlier but life happened and I didn't have lots of sex before getting married!!!",False,True,,,,
UgxJSCI_fXPYm1b69hN4AaABAg.AU6ExTlsO6rAU7A4bvP9gN,Rich Cooper Clips,Crazy all these countries with out of control spending and immigration are falling apart at the same time from the same problem. Left wing globalists,False,True,,,,
UgxaUX8iwif5d5kfjCN4AaABAg.AQciYF05kZBAQd-EQbAL8k,Rational Male Clips,He's also controlled opposition for the mi6 limeys,False,True,,,,
UgxMzDNTo4nEaxcxa5x4AaABAg,The Free Agent Lifestyle,"OREGON has high school graduates with 3rd grade reading levels, no wonder the cant keep up. Saddest part of this is that it was all by design.",False,True,,,,
Ugw911VmifSIlAwi64R4AaABAg,Fresh and Fit,I’m so worried I’ll never make it out of the matrix. I want a trillion dollar empire and I’m worried it’s not possible.,False,True,,,,
UgyjQ6kQCW2pJzUYq014AaABAg,Rollo Tomassi,"Happy new year Rollo! I live in Sweden and I find all this funny and scary at the same time.... I se and learn the way young people behave and act about what a relation is and work(Married with three sons) and I'm rather hard on my boys on what to allow being said and done to them! I need them to be strong willed and not allowed them self to be used and abused by girls and wamen ;) the funny thing is that the world think that everything is 50/50 here but it's NOT we have a large gape of men and women were HR dominates by women and the hard working, heavy lifting work is still dominated by men! BUT the unions STILL want to say that the sexes are equal in all aspects -_- and that what the media want the world to think of Sweden (the superior sweds) the media want Sweden to look the best way of running a county. Can't wait for the jan 20 ;)",False,True,,,,
UgzYSqdY6xJX779f2JF4AaABAg,Myron Gaines X,As a felon that has lived 17 years clean and crime free I agree with him 100% life isnt meant to be lived robbing and killing people smh makes no sense,False,True,,,,
UgzgNB4Vxr-CQ1wpv_B4AaABAg.ATsRbbkkeMeATsbTAi_HtM,Better Bachelor,Or deliberately drives society in that direction.,False,True,,,,
Ugw1WcjpRTrzo7EpFUF4AaABAg.ARJW3EAnFY0ARMoOyMynhy,Fresh and Fit,"@MoneyMan_Onlinenah, not all of them. They all start off somewhere. The key thing he said was that you NEED A JOB to help pay for ads. ADS is the biggest thing. If you put the time into analyzing how your ads are working or not working and making the adjustments, you’ll eventually start making money. All of that takes intentional time and energy, but it’s not impossible. And once you get the hang of it, you’re more likely to diversify your product type and sales. The reason why people call them con artists is because they’ve tried it once and it didnt work so they didn’t do any further work on it, then got bitter and called everyone a con artist lol.",False,True,,,,
Ugw-75zYM2ctxxyHmpJ4AaABAg,Rollo Tomassi,"🕓TIMESTAMPS🕒 0:00 Intro - ""Dear Future Wifey"" Clip 2:18 Donovan Sharpe Live Stream (5:00 PM ET) 5:50 Backlash Because Of The ""Flagrant 2"" Live Stream 7:45 Today's Topic And Why Rollo Didn't Go To Dr. Phil?🔥 10:00 The Law Of Diminishing Returns And Logical Arguments VS Entertainment🔥 15:20 Superchats - The Lie Of Individuation 20:50 Superchats - Polygyny ISN'T Same As Polygamy 26:40 Analysing Figures Like Brittany Renner And Flagrant 2 - Emotionalism VS Rationality🔥 30:50 The Red Pill IS NOT An Ideology! - Extract Of ""Rational Male Religion"" Beliebers🔥 37:50 Red Pill Praxiologist Best Practices 43:15 Blue Pill Ideologist Assumptions🔥 46:50 Marriage Is An All Down Risk For Man 49:45 The Language Of Empiricism Sounds Like Anger To Emotionalism🔥 52:30 Blue Pill Ideologists Keep Score, It A Competition🔥 56:35 Matt Walsh On Dr. Phill Clip Breakdown - Feelings VS Facts 1:01:25 Ignoring Unfalsifiable Information 1:07:50 Real-World Consequences Of Emotional Responses 1:08:50 Reality Is Sexist🔥 1:14:15 Using Emotionalism To Determine Right And Wrong🔥 1:18:25 Social Constructionism Is The ""Answer""🔥 1:23:35 Gender Isn't Sex And Using Ad Hominems As A Way Out 1:29:45 Why Mainstream Media Can't Replicate The FnF Formula? 1:38:00 Announcements 📣 1:47:30 Superchats - Separating Praxiology And Ideology 1:53:00 Superchats - Feminism Is A Believe Set And Tribalism 1:58:45 Outro Don't Forget To Like And Subscribe!",True,True,,,,
Ugy2C-TCigf4ktTEKsl4AaABAg,Rollo Tomassi,"Rollo what if they’re pretending not to know on purpose to see how people will react so they can 1 up them, it’s one of Robert greens 48 laws of power.",False,True,,,,
