comment_id,channel_handle,text_clean,is_reply,keyword_relevant,sample_source,label_1A,label_1B,label_2,notes,lexicon_1A,lexicon_1B,lexicon_2
Ugx5gGgeYApLc5bbT4Z4AaABAg.AT6G9ViMO57AT95X3VWQTW,Rollo Tomassi,Dude being a cheater is bad he’s talking about having options which naturally puts you in an abundance mindset and women can tell when you do by the way you act. Now by you acting like an asshole to girls is way different to what he’s saying.,True,True,keyword,0,0,0,,0,0,0
UgzDa8Yw_ZgY_wrrH-x4AaABAg,Rollo Tomassi,"Rollo ""I watched the debate and Andrew used the word partner instead of husband/wife and he never addressed Hindu divorce rates."" Andrew did address Hindu divorce rates and never made the claim that people should convert to Orthodox for better marriages. He was trying to dig into why Hindu's and Orthodox have better rates than average and whether we should emulate these reasons. He was also only using the word partner to describe a general non-defined relationship not a marriage with a husband and wife. Using ""partner"" to describe two people who aren't married, have a kid, and aren't living together is better than pretending like they're actually husband and wife.",False,True,keyword,0,0,0,,1,0,0
UgyOJ6kHgaSe77_CDE54AaABAg,Rational Male Clips,"Ben is worried that red pilled men are one inch away from questioning the chosen people. He doesn’t care about the future of young men, only about protecting his tribe at any cost. He views red pill as the gateway to questioning other “truths” about societal order at large.",True,False,,0,0,0,,0,0,0
Ugzza4tgmxVIQLlIUkJ4AaABAg.9kEUQfNx71w9kEguGzNFs-,21 Studios,"@jjboss7896 go ahead, knock yourself out. When a man nuts into a woman she stores his DNA inside her body forever. Look it up friend. I don’t know about you but I don’t want my children surrounded by the leftovers of other men",True,True,keyword,0,0,0,,0,0,0
UgzcA2W7EJxVB22BgGZ4AaABAg,Entrepreneurs in Cars,That’s what happened to Halle Berry!! She’s been paying alimony for years to her ex and she hates it and it’s been complaining about it forever 😂😂😂😂😂😂😂😂😂,False,True,keyword,0,0,0,,0,0,0
UgzZ0Y7ffSwLPbwLCWR4AaABAg.AVMd_6yWM2cAVNMcUkPHET,Better Bachelor,Lmao wrong they will vote to just tax the single Bachelors to fund the degenerate single women,True,True,keyword,1,0,0,,0,0,0
UgyPPuW_2vp1rZ1D_-Z4AaABAg,Rich Cooper Clips,"Hypergamy and attraction dynamics favor men who maintain frame, edge, and self-priority. Pedestalizing kills polarity; women often lose respect (and desire) for ""safe"" betas who supplicate. Data backs this-mate preference studies consistently rank confidence and dominance higher than pure niceness for long-term spark; and you're overplays the victim card. Not every woman branches because you're ""too good"" -sometimes people just grow apart, or one side stops investing. The fix isn't cynicism or endless gaming; it's balanced strength: be kind without neediness, lead without control. Level up relentlessly, but pick partners who match effort. Red pill truth with a side of bitterness. Spot on diagnosis, partial cure.",True,False,,0,0,0,,0,0,0
UgyYHQvg8gV830o1J394AaABAg,Rollo Tomassi,"That's BS, Rollo. Men like Kirk aren't calling to be better men to ""solve women's problems"" because they aren't afraid to call out their BS and demand them a very high moral standard. And also, they're NOT pushing the standard of being ""better men for the women"" for the sake of pleasing them, but to have a functioning marriage with them that lasts.",False,True,keyword,0,0,0,,0,0,0
Ugz2oziT5YnM5uj9CR14AaABAg.AXZGfukHgmbAXbKysTKoCV,Entrepreneurs in Cars,"22? He had the one-itis. He latched onto the very first girl who let him in there, for better or worse. Married before he is married.",True,False,random,0,0,0,,0,0,0
UgzE821yzUvedJzWtSV4AaABAg.9mUjsoVS4Hj9m_J_hQaqhj,21 Studios,@21s He didn't. This balding h0e knows nothing about women. It is his subjective opinion and has nothing to do with reality,True,True,keyword,0,0,0,,0,0,0
UgxgQT3e1IS421_z2b14AaABAg.9kqUEO1Tn-T9kulXAtUj9s,21 Studios,Every men is for SALE only the price is different you misogynistic i****,True,True,keyword,0,0,0,,0,0,0
UgyoiyVkIExae_u4Vyx4AaABAg.AYZAbkmsokkAYZOQhGTW3I,Myron Gaines X,"@stevewhite6241 Fools, he is an illuminati, they made him, he is a satanic worshiper, the Rothschild banks supported him, this is how one becomes a billionaire",False,True,,0,0,1,,0,0,0
Ugw3BiW7L5kjCdCG9oJ4AaABAg.9kHPwmywJuu9kYPhoh-HRy,21 Studios,Sometimes they're not even shy about it. There is a whole series on YouTube about how corrupt the St Louis family court system is.,True,True,keyword,1,0,0,men wrong by the courts?,0,0,0
Ugxis2nuh86LgVTpOGR4AaABAg.9nS-wI-ED-49nsxFd5dZ-S,21 Studios,"@Snowy Thing Hey, kids, this is a textbook example of what we call a false dichotomy.",True,False,random,0,0,0,,0,0,0
UgxJmhu3tHw84nfym8R4AaABAg.AWnV-Z7egW1AWnXkI-3ov_,Rational Male Clips,"I disagree. In essence you are saying that to make a man feel important is to devalue women, to put them into less than a dogs value to you. The fact is we are all human beings, we all have value in fulfilling the ROLE we were created to fulfill. Of course, thus only works if a woman and a man can actually fulfill those roles as they were created to do. But, I understand where your coming from, when women are brainwashed with feminism and are addiction to attention and validation and are mostly all narcissistic sociopathic delusional ameba's bent on destroying men, then they bring no value in their role as women. This leaves men to devalue them and use them for their personal pleasure, the ole pump and dump theology is a reaction to their devaluing of men, which causes men to devalue women. My self esteem is not lifted through the devaluing of others. My self esteem is elevated once I SEE and understand my purpose and vision for my own life without a woman's influence in it.",False,True,,1,0,0,,0,0,1
Ugzp5wAICTAPPjQw2hV4AaABAg,Rollo Tomassi,As a Muslim I can tell you that Sneako is incorrect. The red pill is a description of human nature. Islam is a description of the best ways to restrict human nature for the benefit of Islamic civilization. Human nature works great in the tribal situation but it doesn't allow the type of societal growth that extends benefits to all of it's members.,False,True,keyword,0,0,0,,0,0,0
UgzFXlchPmbniU9ZZ7x4AaABAg.AX7MWtBRWxnAX7UZ8Lkifh,Entrepreneurs in Cars,"I had a woman like that. Then she left me because she went uber religious. Women can just up and totally change, and if you don’t play along with the new her you’re history",True,True,keyword,1,0,0,,0,0,0
UgzskIA6hlju1nudJQR4AaABAg.AYRKCiB0fJFAYVzJDugJb0,Myron Gaines X,"@aahsimovieprojects You are hyper-focused on a hairline while completely blind to how the modern dating market actually operates. Today, women are predominantly seeking men online, specifically targeting the top 1% elite—pro athletes, rich rappers, and high-status influencers who can fly them out to Dubai to party on yachts.The vast majority of men will never join that exclusive group, no matter how much hair they have on their head. Having hair is just a baseline; it doesn’t buy you a ticket into the elite echelon that high-quality women actually compete for. Dating apps are a complete waste of time for men like you because you are bringing a full head of hair to a fight that requires millions of dollars, extreme height, and elite social status to win. You're losing a game you don't even realize you're playing.",False,True,,1,0,1,,0,0,0
UgwWCHpsPrTrJ63Vvlt4AaABAg,Rollo Tomassi,"1:33:18 We need Delta males, and they are average and lonely",False,True,keyword,0,0,0,,0,0,0
UgwJjV7m5atws43EzzR4AaABAg,Rollo Tomassi,"The only ""Toxic masculinity"" today is the masculinization of women.",False,True,keyword,0,0,0,,0,0,0
Ugz8Vk9K7X6GELTCnIp4AaABAg,Rollo Tomassi,"Men shoulder the majority of the tax burden, women recieve the majority of tax benefits. We are doing better, and then we pay taxes and our money is given to you in the form of services and fake adult daycare jobs. Telling the group responsible for both subsidizing your fake success and keeping the infrastructure that allows you to sip wine and post tik toks on your iPhone is crazy.",False,True,keyword,1,0,0,,0,0,0
UgyEEvOATEouX6hmCJd4AaABAg.AV91jDuZ_T9AVDxaDPDYA0,Entrepreneurs in Cars,@DavidGarcia-kw4sf most women seem to have stopped maturing around middle school,True,True,keyword,0,0,0,,0,0,0
Ugwq2RkM7f7dU9ov2bl4AaABAg,Entrepreneurs in Cars,If you're using words like alpha and beta...you've already failed at advice.,False,True,keyword,0,0,0,,0,0,0
Ugz9OtAwrr2HHz2oq_h4AaABAg.AVoEA9Vqql8AVokgbjUxci,Better Bachelor,"Bad take, Islam is gynocentric like any other major religions out there",True,True,keyword,0,0,0,,0,0,0
Ugz0it3_PBrciwj8sGd4AaABAg.9kxPCzTUnzI9kxu2suifom,21 Studios,"I am not sure feeling more pain will change that man. He seems pretty openminded to problems like social media, marriage, birth control and others. Not sure what I think yet. More info required.",True,True,keyword,0,0,0,,0,0,0
UgxEDL_3rqIJadUqYLp4AaABAg,Entrepreneurs in Cars,The man in the picture is a bodybuilder type. High value men have no time for that. For women they are work. Work that never gets boring and it's not for the faint hearted. I knew two couples that were married for 60 and 66 years.,False,True,keyword,0,0,0,,0,0,0
UgwcX5XAjwhl0ZM3Sul4AaABAg,Rollo Tomassi,This guy cannot be the face of the manisphere. WTF?,False,False,random,0,0,0,,0,0,0
UgwNmr92XiJZGOCjBKx4AaABAg.9mxs_xpFml29n2aiTgb6gP,21 Studios,"You've learned nothing have you. Women only use religion as a smoke screen. They are all Eve. And the gov is the serpent. And you, guess who you are?",True,True,keyword,0,0,0,,0,0,0
UgwMVnB88edZRg33P6x4AaABAg,Entrepreneurs in Cars,"Yeah, they go and cheat and leave the marriage and the man still loses everythinh. Prenuptial or stay single.",True,False,,1,1,0,"get a prenup or stay single - women cheat, men lose everything",0,0,0
Ugz57sITa9DMhFKg-R54AaABAg.9prJ43I5dW39vNUWiLUWKm,21 Studios,"It is not modern women, it is women period, stop coping.",True,True,keyword,0,0,0,,0,0,0
Ugz1_8ShTisQnH9IgJ14AaABAg.AVoAVDm3hWsAVoJtwqouxp,Better Bachelor,"He did, watch his lecture as Thomas Schuman at a university, he said the education system will get people away from something pragmatic and useful and will focus on nonsense the exact nonsense you see.",True,True,keyword,0,0,1,,0,0,0
UgzSApJvYqf0y6Bmgwd4AaABAg.AYFb7sHQESlAYFrJ_M9zBp,Myron Gaines X,Hasan is an elite. He comes from money and is in bed with Chinese billionaires. He's just an anti-west elite trying to take the domestic elites food.,False,True,,0,0,0,,0,0,0
Ugw3U4cixF2a0XV4c554AaABAg.ANtr_CkOQgmATqqv21i_x2,Rollo Tomassi,"we need to stop helping\protecting them. Responding with similar ""try harder""",True,False,,1,1,0,men need to stop helping and supporting women (them = women),0,0,0
UgwzqgDI8yUQr79LPmp4AaABAg.AXmBdg_-as0AXnEcEHJTqr,Rollo Tomassi,"​​@JustsomeguysomewhereYou are not wrong, but imo, ""learning game"" is a skill that is not restricted to just getting girls. These are transferrable skills that can make a huge positive difference in your career as well. The ""options"" that they talk about is something that you need to have even in your job..... or else you will be treated as just another employee. Having options in career as well as in relationship (you dont have to be a dick and screw all the options), is something that keeps you from being taken for a ride. Just the idea that you have other jobs in hand will make your seniors treat you differently.... similar to how your current gf will look at you and treat you if she knows that other girls also have an eye on you.(you have basically created options by improving your personality, physique and outlook towards life) You may have a different view about these RP content creators, but they are dishing out hard lessons that will work in your favour and keep others from exploiting you on account of your naivety.",True,True,keyword,0,0,0,,0,0,0
UgyA6_kR1Z0Q_aEjQFd4AaABAg.AZIbtQ70lISAZIzBe_-Q0p,Myron Gaines X,Re marriage when the legal system is your enemy designed to destroy you it's a 9.9999 difficulty to maintain frame even for Chad,False,True,,1,0,1,,0,0,0
Ugw_aIB7_nx-FlOJywt4AaABAg.AYjQ0r9JXf3AYkAthl6CiA,Rich Cooper Clips,"@goodnews3403I mean if people shame and judge you for your past, wouldn’t you cover up?",False,True,,0,0,0,,0,0,1
UgySc9gMQsN8QEEcQI54AaABAg,Rational Male Clips,The reality is there is not legal equality here. Men must voluntarily sign away their bodily autonomy from 16-45 or lose any right to say. Women have no burden. They maintain autonomy even at the cost of offspring that men have no legal say over.,True,False,,1,0,0,,1,0,0
UgyiSny0UXRUViZG-YF4AaABAg.AWAFh1ycdVpAWAU1kXu-mh,Better Bachelor,Their boomer mindset isnt just bad its actively detrimental. And if their advice on dating and marriage is this bad their advice on politics needs to be considered too.,True,True,keyword,0,0,0,,0,0,0
UgzAeUiDoMT-Tp0Jrot4AaABAg,Rollo Tomassi,When women say they want men to approach them they assume attraction. Without fail they will think attractive men but when average men approach em they jump on tic tok and say ugly men keep trying to get their attention.,False,True,keyword,1,0,0,,0,0,0
UgxebOIiS66b9eKOGDB4AaABAg.AVBywD9Wk2_AVC0RVaEMAB,Better Bachelor,"They are pursuing their careers because they don't want to be dependent of men whom they see below human or average (short, poor, ugly, creepy) . They all want to be dependent but dependent on men whom they see as real men ( tall rich handsome and have beta mindset). They all believe that if they pursue career and make money then they wouldn't have to tolerate average men and money will provide opportunity to them to go near top 10% men and attract them..until they find that man, they can have rosters. That's the whole point of pursuing careers. If they all have the opportunity to marry a millionaire without pursuing career, believe me 99% of them wouldn't even bother to complete school.",True,True,keyword,1,0,0,,0,0,0
UgyLYs8AuabPBCL7j2V4AaABAg.AVsg98gpOI8AVt8b0IrIt5,Better Bachelor,Have you heard of Bo Gritz? One of the of most decorated service men and for speaking out (actually just bringing to attention) of certain shady things he discussed he noticed in his operations. They turned him into a public enemy trying to destroy his image.,True,True,keyword,0,0,1,who is they?,0,0,0
UgyxQmEooPr9tw_RyYR4AaABAg,Entrepreneurs in Cars,They canceled her recorded season a few days prior to airing due to all the social media backlash.,False,True,keyword,0,0,0,,0,0,0
UgxsYVCrafDXlrA2Ny54AaABAg.9mgoWiX882_9mxlGQOqoXf,21 Studios,"Agreed! The blame goes on both sides, promiscuity and being wanton with procreation is a mistake for anyone involved regardless of gender",True,False,random,0,0,0,,0,0,0
Ugwt0cfB2J8eVnjuxzl4AaABAg,Entrepreneurs in Cars,"Yes. Very well spoken. Did I know all these points some decades ago? Yes. Do I care whether I am regarded as an alpha male or a beta male? No. Why? Because life has always been an adventure to me. Example. I wanted to celebrate my 30 birthday in Kabul, Afghanistan. I missed it by one year. How did I get into Afghanistan? My late wife and I walked in from Iran. Just do what you want to do. Now, I am invisible. You aren't a target when you remain silent and don't tell that you have the doctorate degree, have had licenses in multiple states, are a multi-millionaire with no debt.",False,True,keyword,0,0,0,,0,0,0
UgwpuX_lqVFCK-RN0Wx4AaABAg,Rollo Tomassi,The pope excommunicating that _skinwalker_ would be the single most based thing in the world for the last decade.,False,False,random,0,0,0,,0,0,0
UgxYTHoM8wSkUaleSSR4AaABAg,Rollo Tomassi,"True. One must learn from mistakes, however, keep in mind, you may have not made any mistakes and still be rejected. If meeting women's insane standards and requirements requires a man to alter his trajectory and lose his masculinity, well, that would be a mistake, and learning from that would be very painful.",False,True,keyword,1,0,0,,0,0,0
Ugxete6-yE2BXKwt0t14AaABAg.9l9INofQTv19l9MLx3k0V1,21 Studios,"Hey man, the problem with doll is you forgot your value. A man loves. A woman dates. You can’t give love to a plastic doll. Throw the doll in the trash. It’s ok to love a real woman and get your heart broken. However, protect your money and legal status. The problem with cga is he doesn’t love. Nevertheless he has s good message of how the legal system works. He’s also right about how important it is for men to follow their purpose. And that purpose never involves women and children, because men are natural caretakers of women and children by our very nature. The govt has a very clever way of making men forget their value.",True,True,keyword,1,0,1,,0,0,0
Ugw5zxLsWQ4TXejCtXN4AaABAg.AVC0fnQYUe3AVCDx75piLK,Better Bachelor,"I have a friend who is a lawyer from NewYork. He told me that the divorce laws in NY are so insane that no man should ever consider marrying any woman over there, even having a kid over there will feel like a bumb phuck without lubricant.",True,True,keyword,1,1,0,,0,0,0
Ugz7U1piMuw5IG1M5rF4AaABAg,Myron Gaines X,So basically no one has learned from the global scam that started in 2020 where everyone was locked up in their house and given an ultimatum to take a shot. the main stream media lie and throw propaganda to brainwash and to get rid of people who has influence how can people say the tates are guilty when this scenario played was played out in 2022 and they were released because they were not guilty of the same charges that are on them now. It’s so obvious that ultra wealthy people want him gone because of his influence on men good or bad. The charges are just the Trojan horse to quiet their influence.,False,True,keyword,0,0,1,no clear grievance against men,0,0,0
UgyBjouJFifgyWxmh0B4AaABAg.9m1rDX4e7F89m1tNMOfn7z,21 Studios,@1Whipperin Coach has on leveling up and focusing on ourselves instead of chasing women. Women will be a byproduct of our success. I can't wait to visit the junior college.,True,True,keyword,0,0,0,,0,0,0
UgwRHAdzulvxFY_cCAx4AaABAg,Rollo Tomassi,I listen to the God Father of the Red Pill Rollo everyday and read a few chapters of some of his books and still is hard to grasp this concept of Genuine Desire....mindblowing,False,True,keyword,0,0,0,,0,0,0
UgxfgozpvbcVAN3p6W94AaABAg,Rollo Tomassi,"That might’ve been true back in the day… but modern day recruiting not so much, I got recruited by Northwestern, West Virginia and Mississippi State coming out of high school and every single one of those recruiters talked about how easily my then girl would be replaced. Even the elite guys not too many of them are bringing “high school sweethearts” to campus with them",False,True,keyword,0,0,0,,0,0,0
UgyBjouJFifgyWxmh0B4AaABAg,21 Studios,Coach Greg Adams is #1 and The Realest for us Men.,False,True,keyword,0,0,0,,0,0,0
UgyMNrgcvhbD8OypMkZ4AaABAg.9ros0aOAWr99saTk5dTqxU,21 Studios,"Why's that? It allows women to have a following and get their subscriptions. They were doing exactly the same but in other platforms, now they have more freedom and money.",True,True,keyword,0,0,0,,0,0,0
UgyGpQemwGRufz29d-h4AaABAg.AUJlfBNbPPqAUJxH6aYexj,Rational Male Clips,Misogyny is the myth. Misandry is the reality.,True,False,,1,0,0,,1,0,0
UgyOS53mcvbqI5r5wr94AaABAg,Entrepreneurs in Cars,I did that back in my 20s dated multiple women simultaneously and I finally got caught when one of them asked me why I was so tired,False,True,keyword,0,0,0,,0,0,0
Ugwzp5RYX5FLGyW0Q_d4AaABAg,Rollo Tomassi,Manosphere nowadays consisst of people who try to outblab eachother.,False,False,random,0,0,0,,0,0,0
Ugw56J9U9uezbRVivqt4AaABAg.AJv8HWfey-kAJvB2njT3Bl,Rich Cooper Clips,@jaya8729 you guys are getting brainwashed and into behaviour that’s going to make life worse for you.,False,True,,1,0,0,,0,0,0
UgwqH-yfi5JKw49uN1h4AaABAg,Entrepreneurs in Cars,"Dodged many bullets by noticing the signs early. Ask yourself 1 question: Will this woman make my life better or worse? Be honest with yourself. Don't think her beauty is necessarily a positive for you. Her behavior, attitude, and demeanor are much more important.",False,False,random,1,0,0,,0,0,0
UgybSbURvXcQc18HMA54AaABAg.AWTzn1prRmhAWYUNhHb7mR,Better Bachelor,@CeeDoubleU while I understand your point men did too. Adam was right there with Eve. Not to mention the next transgressor after that was Cain.,True,True,keyword,0,0,0,,0,0,0
UgxutMIac_Ah3nW8zZd4AaABAg,The Free Agent Lifestyle,"Coach is still brining the heat, but man, if you missed the antics from 2018-2022, you missed some classic, hilarious entertainment. Coach going HOLLYWOOD was inevitable.",False,True,,0,0,0,,0,0,0
UgwdTGh3i-EsfqbON6d4AaABAg.AY8-9GIudKQAYEsA7T1fIF,Entrepreneurs in Cars,"@subduddon we have behavioural economics studies that prove that's a lie: Rig a game to favour a player and that player will assume they were actually understanding the game better than their opponents. You have conflated neoclassical theory that tries to describe how markets work over an indefinite timeframe with the actual reality of markets. A lot of it involves a lot of corrupt, dumb, people getting rich via social proof... and eventually bankrupting the people who think they can repeat that stupidity ad infinitum... like anyone trying to enrich themselves with a post secondary degree right now.",True,False,random,0,0,0,rigged game?,0,0,0
UgwBr0unS_NAki7XQQl4AaABAg,Better Bachelor,Join them : put yourself at the mercy of those who hate you and forget about reality . Oppose them: they will sabotage your name and hate you . Walk away: they’ll call you weak and still hate you. Pick your poison.,True,False,,0,0,0,,0,0,0
UgwwNZg2tH9qDHA5Wdl4AaABAg,Entrepreneurs in Cars,"I disagree with almost everything you've said, aside from boys needing fathers.",False,True,keyword,0,0,0,,0,0,0
Ugzc_FB386fQrN-clVx4AaABAg,Rollo Tomassi,Unless like in the northeast during winter when a furnace needs to be fixed- when people freeze or running water stops - see how fast masculinity is appreciated,False,True,keyword,1,0,0,,0,0,0
Ugwb8sZ7n5_0NiHcsc94AaABAg,Entrepreneurs in Cars,"I had dating fatigue. Gave it up for a year. A work mate told me get back out there, so I did. Met a gal, been dating her 3yrs now. We don't live together but when Im at her place I just can't find peace. Her dogs! Yes, plural! They live inside. They follow us (mostly her) EVERYWHERE! They sleep on her bed. At night. She is up and down letting them out at night to pee because, you guessed it, she also has a cat. And the cat isn't allowed outside. So no pet door. She is seriously up and down like she has newborn triplets! We are in our mid 40s. WTF. I now have relationship fatigue. I just want to toss my phone out the car window and drive off into the sunset. Where I have peace. A clean home. Autonomy. I hop in my car and I feel relieved to be going to my place. This relationship has no future does it.",False,False,random,0,0,0,,1,0,0
UgxwW4wzu29GPCji6_Z4AaABAg,Rollo Tomassi,Men are only leaders if they pass the women's tests... basically do what she tells you to do for her to pretend you are a leader.,False,True,keyword,1,0,0,,0,0,0
UgypwKx3iIQ1gfCfrYN4AaABAg.ACip_54_4fNACla8ILjmp-,Rational Male Clips,"@benscampers1818 Lol. Like Rollo, you're unlearned on the matter. The entire bible is about Jesus Christ. I suspect you're guilty of 1 Cor 2:14 KJV. That aside, Colossians 1:16 specifies explicitly that it is Jesus Christ—""Who is the image of the invisible God""(verse 15)—who created the heaven and the earth, ""for by him were all things created... all things were created by him, and for him:"" Who created the heavens and the earth in Genesis 1? It states, ""In the beginning God created the heaven and the earth""? Jesus Christ created the heaven and the earth on behalf of God the Father and with him. Genesis 1:26 continues, ""And God said, Let [us] make man in [our] image, after [our] likeness:"" Who is [us], and who is [our]?; it is the Holy trinity; God the Father, the Son [Jesus Christ], and the Holy Spirit. God is speaking of himself in the plural. You have Jesus Christ at creation with the Father and the Holy Spirit in Genesis 1. So, yes, Christians DO HAVE A MONOPOLY on marriage; IT IS CHRISTIAN TRADITION and SYMBOLISM to honor the LORD as he commanded for his creation [man] to do. Marriage is Christian, and Jesus Christ is all over the bible; he's in the beginning, middle, and end. Just because unlearned Rollo says doesn't make it so. Do your research and STOP SIMPING FOR ROLLO.",True,False,,0,0,0,,0,0,0
UgxbGtTDJpli_ExSNN54AaABAg.AWf7dedLqtzAX9evJGBJW1,Better Bachelor,"Accountable for what? If a woman wants to remain single, and sleep around, it’s none of your business. 🦉",True,False,,0,0,0,,0,0,0
UgxKuGo6iXUPrOUdsE14AaABAg.AUuZnNoteRuAVxUqkRzAV2,Better Bachelor,"Nah women just need to pay their own bills and fix their own stuff for a few decades, minimum.",True,True,keyword,1,0,0,,0,0,0
UgxjA3-nSIWC46vR8QB4AaABAg,Rollo Tomassi,20 Mims in. I thought the guy on the right was a paused video 😂😂😂,False,False,random,0,0,0,,0,0,0
UgydHWlKphRlcopQRk94AaABAg.AY-LQmfOPrKAY-ZXQ_WnDO,Entrepreneurs in Cars,"Good for you but, all due respect Brother, DO NOT MAKE THE SAME MISTAKE(S) TWICE... learn from your Divorce and don't fall back into some sort of Disney/Hallmark Channel ""Romance"" Fantasy... AWALT - or should I say ""All Women have the Potential to be just as vicious, cruel and disloyal as your Ex was"" and at Age 52, even if you're a Successful High Earner with Assets and good Retirement, you will not be able to survive and rebuild if you have a 2nd Divorce where you're raked over the coals by a vindictive Woman and her Attorney(s)... you'll wake up at 60 and instead of coasting into a golden and relaxing Retirement you'll be financially ruined and will have to work and scrape until you die. 50% of all Marriages end in Divorce and 70% of Divorces are filed by the Wife... 70% of all 2nd Marriages end in Divorce with 80% of those being filed by the Wife... if you do nothing else, talk to a qualified Estate Planner/Attorney and set up a Trust of some sort to protect yourself and your Assets/Money from an unscrupulous Spouse and/or Family and a drawn out Probate Process... GOOD LUCK and be careful out there.",True,True,keyword,1,1,0,,1,0,0
UgySyRi8DKq-QXT41hR4AaABAg.AVZKaSDoGccAVZOamWOQVs,Better Bachelor,"can you do research on foreskin? men need to know about it. Dr. John Harvey Kellogg, (the Kellogg's cereal founder) popularized circumsicion on boys in the USA. He did male circumcision to prevent ""solitary vice"" (masturbation) in children. He recommended circumcision without anesthetic to ensure the pain had a ""deterrent effect on the mind"". He also recommended melting off women's clitoris with carbonic acid. He did yogurt enemas in the 1850s. He also patented peanut butter. He never had sex with his wife, got cut at 34, and adopted over 40 kids to work on his farm. There is hardly any evidence that he may or may not have done this to his own kids. Also during WW2 the army recommended circumcision to men, claiming it was cleaner. Would you get your fingernails cut off becuase dirt gets under them? I dont think so. if you care about concent, then please ask your local lawmakers to ban this. this is about human rights. FGM for baby girls is banned in the usa, but why not men? bc of religious institutions.",True,True,keyword,1,0,0,,0,0,0
Ugyi8bR5t8w9MNRQagh4AaABAg,Better Bachelor,"Women want to be thought of as men's equals, but they don't want to be treated as equals.",False,True,keyword,0,0,0,,0,0,0
UgwiFztTBrGyMCx16Kp4AaABAg,Rational Male Clips,Another thing that is currently hidden in the mainstream media.,False,True,,0,0,1,,0,0,0
UgyyAEx2uYYwI9AAWbt4AaABAg.AVZPmEWhfoNAVZbK8MxXKH,Better Bachelor,"Yep, they're so used to getting their way that it shocks them to come face to face with even the slightest amount of pushback or accountability. The way they kind of laugh it off is like they're saying, ""I can't believe the audacity of this little shit. Streaming it? Not letting us edit and curate it? *WE'RE* the ones that get to put the story out and tell the world what the narrative is.""",True,True,keyword,0,0,0,2 is borderline,1,0,0
UgyiQ8pcv_pN_oSjVQZ4AaABAg.AQkw7TmWmAsAQmmwToO_iF,Rollo Tomassi,I have read about the shortage of blue collar workers. Perhaps the exclusion of men from higher education was supposed to fix this shortage by rerouting them. I also guess that removing migration restrictions was supposed to fix it too. The media shaming men failed to make a difference. What will they think of next? I have a solution: deport every liberal woman from every western country to Afghanistan. I'm retired and I would return to work if this happened.,True,True,keyword,1,1,1,,0,0,0
Ugz0VsbTh1KSxa7jghN4AaABAg.AKMQunzPudQAKMX1sYH7iR,Better Bachelor,"The biggest incentive for men, is children. we have to get through women to get any. we will not give up all our assets to have children we can not even see.",True,False,,1,0,0,,0,0,0
UgwIGB6i6wvfDy-nNj54AaABAg.A4n9yD2TGF2A5dbcViiPXw,Rollo Tomassi,"@Gin-San101 you’re virtue signaling. Obviously we must protect children but men generally have no role in this anymore it’s the state and mothers. So yes the fact that a woman was rewarded and took money out of the pockets of her community when she was a degenerate who destabilized a whole police force, town, and multiple families. Disgusting that you would use children to shame me. Protect children by not allowing such predators to sue their parents and endanger their livelihoods.",True,False,,1,0,0,,0,0,0
UgzELknvAjasHbmuLG94AaABAg.ATM9Z6X9NdnATMbwKPCQM8,The Free Agent Lifestyle,"Total U.S. Black population (2024): approximately 51.6 million Chicago's Black population: approximately 743,000-757,000 (based on recent census data) Percentage: roughly 1.7-1.8% Chicago represent less than 2% of the black population in the US. We need to grow our thinking. That is a loud ass minority. That does not represent us. Extrapolating Chicago-specific (or any obvious fubur hood city) observations to all Black Americans is statistically invalid and perpetuates harmful stereotypes.",True,False,,0,0,0,,0,0,0
UgzuiuvmUw00CtV18Hd4AaABAg,Better Bachelor,Women are on their own. We are'nt their rescuers.They can sink or swim,False,True,keyword,0,0,0,,0,0,0
UgzRG-LjJLBDqsuZp5x4AaABAg,Entrepreneurs in Cars,"I miss how naive I used to be. I am a decent person who comes from a good family and I know I'm not ugly. I thought that was enough for me to get the girl (if only). I would later learn the maze that is female nature is not what it seemed. I worked and lived in North America in my early 20s. It was glaringly obvious that females were into men who had money and could make it rain. I have seen ugly people attracting attractive females in large part because they were financially independent. I would later learn that dating is competitive, ruthless and unforgiving as well as double standards that disadvantaged some and benefitted others. Understanding the concept of hypergamy was a game changer for me. It is so obvious and has existed for many generations. The good news is that understanding it has helped me level up and have a good life. I know adults that are older than me who never grasp this. I could go on. Have a good day reader.",False,True,keyword,1,0,0,,1,0,0
UgyIpQ1NmAmzEQGP7zh4AaABAg,21 Studios,"Women tend to mature socially faster, but men mature logically much faster.",False,True,keyword,0,0,0,,0,0,0
UgxuDzlnGo006uGvHB14AaABAg,21 Studios,Good for you man. Your son will always have great respect for you in his later years for saving his life.,False,False,random,0,0,0,,0,0,0
UgwScgMrK4uOtA0QfKl4AaABAg,21 Studios,"As an adult man, I see children in adult men's bodies not being able to settle their disputes and resorting to libel, slander, and reputation ruin... wait, I see WOMEN!",False,True,keyword,1,0,0,,0,0,0
Ugzdua-lhZepZfdqEH54AaABAg,Rollo Tomassi,"Not first, Shoeonhead, far from eden, and couple other red pill females did a review on the topic",False,True,keyword,0,0,0,,0,0,0
UgwlBNjN2obNMiTQytt4AaABAg.ARa2LTvl9WZARcuOgpW2-q,Rollo Tomassi,"It is gendered, either the Male Experience or the Female experience, on a sliding scale, thanks to biological instincts. Trying to blank slate and universalize it obfuscates the issue",True,True,keyword,0,0,0,,0,0,0
UgyYyI_SxKZV8KFtJQx4AaABAg.AWkkz_Mg_W8AWlFNlKd6QV,Entrepreneurs in Cars,"none of that makes you taller, which seems to be what women care about the most",True,True,keyword,0,0,0,,0,0,0
UgyehoOV2sZNT9FOKb94AaABAg.AVanhR1lra9AVcKWSRz2Fb,Entrepreneurs in Cars,"Exactly -- They passed the 16th, 17th, 18th, and 19th Amendments. Explanation/Solution below... Repeal the 17th Amendment & Restore the Founders’ Vision: 30,000:1 ....and who was President Wilson? Point #1: How the 17th Amendment Gave Big Money Control of the Senate The 17th Amendment transferred the power to elect U.S. Senators from state legislatures to popular vote—exactly what the Founders warned against. They understood that if Senators were chosen by direct election, the people would be unable to truly know their candidates or assess their character. That’s why they designed state legislatures—bodies where members knew one another—to appoint Senators as ""ambassadors"" of the states to the federal government.  This system insulated the Senate from national corruption and special interests. It was nearly impossible for Big Money to bribe an entire state legislature. But under the 17th Amendment, candidates must now raise millions to run statewide campaigns—money that comes from corporate donors, lobbyists, and special interests. The average Senate race now costs over $18 million. Who benefits? Not the people. The amendment didn’t empower voters—it empowered donors.  The push for the 17th Amendment was led by media barons like William Randolph Hearst, big corporations, and unions who realized it was cheaper and easier to influence a few popularly elected Senators than to lobby dozens of state legislatures. This wasn’t a victory for democracy—it was a power grab disguised as reform. Point #2: Restore the 30,000:1 Ratio to Reclaim the House. ---- The Founders also set a limit: No Representative should serve more than 30,000 citizens. ---- This ensured that constituents could personally know their representative—and that representatives would remain accountable. Today, that ratio is 760,000:1.  Most Americans don’t know their Representative. But Big Money does. And it’s far easier to bribe or influence 435 people than it would be to control over 10,000.   Reinstating the 30,000:1 ratio would expand the House to roughly 10,000 members. Campaign costs would plummet. Local candidates could run by knocking on doors—not chasing million-dollar donors. Representation would become real, not symbolic.  Point #3 The Wilson Legacy: Centralization and Control This shift didn’t happen by accident. It was orchestrated during the Wilson administration—a period that dismantled key checks on federal power: • 16th Amendment: Created the federal income tax, funding an ever-expanding government.  • 17th Amendment: Stripped states of Senate representation, centralizing power.  • 18th Amendment: Prohibition—federal overreach into personal lives.  • 19th Amendment: While expanding suffrage, it was used by Progressives(Marxists), the Banking elite, and Industrialists to consolidate national political control. Aside from capping the house at 435 and destroying the 30,000:1 Ratio -- Wilson also gave us the Federal Reserve—centralizing monetary power—and presided over severe civil liberties violations during WWI, including the Espionage and Sedition Acts.  Many now regard Wilson as one of the most destructive presidents in U.S. history—not for malice, but for enabling permanent, centralized government beyond the people’s reach.",True,True,,0,0,1,,0,0,0
UgwRFSR2Yw4xYvkFvv94AaABAg.9k9v6Mm1vR29kBk-f4m8jl,21 Studios,I love your comment beautiful girl. It is all true. Man creates culture. We always did. Now it is time to change it from ugly and toxic culture to beauty.,True,False,random,0,0,0,,0,0,0
UgxEvteNcvU6UnKmgOJ4AaABAg.9e7FBk6i6IA9eCPSfCxJrq,21 Studios,"@dontwatchdotorg Men are not hypergamous. Men are polygamous. Men will take as many as he can, but logically, will only support as many as he can. If he can only support one, that doesn't make it any more hypergamous or less polygamous.",True,False,,0,0,0,,0,0,0
UgwG40WS2lGaQ2IYqXx4AaABAg.9m2a_I8BlaH9mB_FkGV1La,21 Studios,Every guy and girl have to tell people that they dont support opressive machoism or feminism. So people let their guard down with you and act naturally around you. You cant let modern culture build your future dating pool. Nature does a better job at that than society.,True,True,keyword,0,0,0,,0,0,0
UgwDb8KJXSSUUw9v_tp4AaABAg,Entrepreneurs in Cars,Never allow this. Walk away,True,False,,0,0,0,not enough context,0,0,0
Ugx_Ohuc33XJNRvu5_F4AaABAg,Entrepreneurs in Cars,Women would rather be with the top shelf guy and have that lifestyle upgrade than be blissfully happy studies have shown. Something to think about.,False,True,keyword,0,0,0,,0,0,0
UgxXp4UwJdJAIKid1ah4AaABAg,Entrepreneurs in Cars,"TAKE THE FREE ASSESSMENT - https://test.theunpluggedalpha.com/ GET ON MY EMAIL LIST & RECEIVE A FREE CHAPTER FROM MY BOOK ON 21 RED FLAGS TO AVOID WITH WOMEN & 16 GREEN FLAGS TO LOOK FOR: https://entrepreneursincars.com/red-flags/ LEARN LIFE - JOIN THE SCHOOL OF UNPLUGGING: https://www.skool.com/the-school-of-unplugging MY 1st BOOK ""The Unplugged Alpha, The No Bullshit Guide To Winning With Women & Life:"" https://amzn.to/3fIVW3J MY 2nd BOOK: ""The Top Shelf Man How the top 5% of men build wealth, live life on their terms, & keep high-value women"" https://amzn.to/3JeLZ1b GET PRIVATE 1 on 1 COACHING: https://calendly.com/richard-cooper LEARN ENTREPRENEURSHIP - https://www.skool.com/the-school-of-entrepreneurship WEBSITE: https://www.richcooper.ca/ AMAZON BOOKS & PRODUCTS I ENDORSE: www.amazon.com/shop/influencer-a03634c5 REQUEST A VIDEO TOPIC FOR THIS CHANNEL: https://entrepreneursincars.com/request SUPPLEMENTS: https://theunpluggedalpha.com/collections/all-products GUIDE TO DIVORCE: https://the-school-of-entrepreneurship3.teachable.com/p/the-unplugged-alphas-guide-to-divorce",False,True,keyword,0,0,0,spam,0,0,0
Ugz0LRMMi-DLtiJayxl4AaABAg,Entrepreneurs in Cars,"In marriage a man can betray a woman and he will lose his family, his money,his children, everything. Also a woman can betray a man and again he will lose everything.",False,True,keyword,1,0,0,,1,0,0
Ugx6Vuz4aYWFQ5VDtTt4AaABAg.ALDRivst2VJALFgDvSpJwN,Better Bachelor,@derekpaton-e9iIt's not intended to last. Especially not in the USA as the woman just wants that alimony for life.,False,True,,1,0,0,,0,0,0
Ugxnr-HB4yWUPm900b54AaABAg.9s-BVKCZiQK9sLXKvC3B2I,21 Studios,I disagree. I spent over a decade on that form and I saw so many men who recovered from a sexless marriage here and there. Men don't need to shame themselves in this overly gynocentric society,True,True,keyword,1,0,0,,0,0,0
Ugw-uKeOpOHyIrYEGwB4AaABAg,Rollo Tomassi,You should be getting royalties from all the red pill gurus who have ripped off your work to make a buck though. Richard Cooper anyone.,False,True,keyword,0,0,0,,0,0,0
UgwikhAww07AE_I_NBJ4AaABAg,21 Studios,"In a study in Massechusetts showed that of 2100 men who asked for custody and pushed for custody, 92% were awarded either full or joint custody. Don't be discouraged. You have a good chance of succeeding if you can fight for it.",False,True,keyword,0,0,0,,0,0,0
UgxBjR22JlW3pleR2I94AaABAg,Better Bachelor,"The patriarchy"" didn't just exist to protect women from the world. It also protected women from themselves.",False,True,keyword,0,0,0,,0,0,0
Ugyn_FTLJdk5qgLR4sl4AaABAg,Entrepreneurs in Cars,"Marriage/cohabitation is for making babies. Otherwise, stick to girlfriend living apart.",False,True,keyword,0,0,0,,0,0,0
Ugwh-5IfAAJLDE9aYYJ4AaABAg,Better Bachelor,Social media needs to be completely reset or shut off.,False,True,keyword,0,0,0,,0,0,0
Ugwr4jPrWovS7XmPAvh4AaABAg.AVZMTSK5q9SAVZQl5_SUWR,Better Bachelor,"@Debate_Me Incels hate hypergamy and parts of themselves. The vast majority of men are incels at one point in their lives, it's pretty normal for men to want sex and relationships and not being able to have them right away for many reasons.",True,True,keyword,0,0,0,,0,0,0
UgwzphHm-zGizdIDbF94AaABAg,Rollo Tomassi,"For a while, I felt like an incell. It was hard to get sex. At the age of 33, I only got laid 5x in my whole life. I only ever had sex with women whom I am not attracted to. These women were like 2 maybe 3 on a 10 scale, if you are drunk enough. However I never hated women nor felt like i was owed sex. I just assumed that women did not find me attractive and that their was something wrong with me. The red pill and manosphere showed me the issue. I am fat, don't drive a nice car, don't have enough money, and have low social skills. Why would a woman be attracted to someone who cant provide for them and who cant protect them because he is unhealthy? Knowing all of that, I improved my hygiene, am working on getting my money up, and am trying to lose weight. I am now making $60k/year. I got rid of the dating apps and am focusing on getting myself right. The manosphere, redpill, and incell communities showed helped me understand the truth of women. I am changing myself to fit what women want. At the same time I am aware of women and their bullshit too. That knowledge helps me to not be used and emotionally abused by women.",True,False,,1,0,0,,0,0,0
UgzfdTOnzfT035T0tKB4AaABAg.AXMf2sejaWAAY2TP3NkM0f,Entrepreneurs in Cars,"The kids will eventually realize their mistakes unless you raise spoiled brats and some women will do that. If you’re good the kids will put it together, sadly that may even be if and when you pass on.",True,True,keyword,0,0,0,,0,0,0
UgyhAinap_mWPDqe9Ux4AaABAg.9mZL6-3ipcL9mfU8UeH2Ik,21 Studios,"Bros, we have to pool our resources together and fight this beast.",True,False,random,1,1,0,,0,0,0
UgxKg61MpNjgGJxKQX54AaABAg.AEuUSYugU81AEuY0d5k69T,Fresh and Fit Clips,"That's not the main point. The main point is, the baddies are harder to have a good relationship with because they have so many men they manipulate. They have the highest body count. They're harder to tame.",False,True,,0,0,0,,0,0,0
UgwfoXnanAnjbFBtcsV4AaABAg,Entrepreneurs in Cars,Every day that goes by I dislike God a little bit more for making this system,False,True,keyword,0,0,0,borderline on 2,0,0,0
UgzXXGrjBwyEZR8qylt4AaABAg.AQXWaqJzjmSAQY4ApoXdHo,Entrepreneurs in Cars,"Here is the thing though, even if what she is saying it true. What I don't understand, is what's her counter argument. It would be like an Incel saying to a young beautiful Woman with no baggage or kids ""don't date older Men, because they have a lot more money than younger Men, and if you marry him, it's all yours when he dies"". She's talking rubbish, but even if true, most Men aren't thinking ""I best choose an older Woman then"", their thinking ""where can I meet these easy to manipulate Women*.",False,True,,0,0,0,,0,0,0
UgzGu3RY0gCl67bzT9Z4AaABAg,21 Studios,"""The defense of masculinity is the defense of humanity itself."" Amen",False,True,keyword,0,0,0,,0,0,0
UgxyjneljlD5tRkhKhJ4AaABAg.9dx61XGI9qJ9dx9njtoclg,21 Studios,"@moleman1211 Ya, the double standards within that group are mesmerizing.",True,False,,0,0,0,unclear what group being talked about,1,0,0
UgxdcpsOpCRZNOhvn714AaABAg,Entrepreneurs in Cars,"It's also convenient how the media provides minimal coverage on the weekly S.A. cases by women in charge of minors (teachers, coaches, etc).",False,True,keyword,1,0,1,Media covers up female SA?,0,0,0
UgxSCVUSH1fGFvcJ4lV4AaABAg,21 Studios,Anyone know of any Biblical Patriarchal marriage counselors? Tough to find!,False,True,keyword,0,0,0,,0,0,0
Ugy-XCV2olxy43IHrnh4AaABAg,Entrepreneurs in Cars,That’s disingenuous as I have been taking Finesteride and Rogaine for over 15 years and my member works just fine. It must be the guys wee wee just doesn’t work with women if you get my meaning.,False,True,keyword,0,0,0,,0,0,0
UgzF0AWn-u7e68IAHNx4AaABAg,Rollo Tomassi,"@1:17:55 ""Dios bendishona bo"" means ""God bless you"" and is in the language of Papiamentu. This is spoken on only three small islands in the Caribbean; Aruba, Curaçao and Bonaire aka the ABC islands. Papiamemtu is a mix of Portuguese and African dialects, with lesser mixes of French, Spanish and Dutch in it. Each island has their own unique dialecs of Papiamentu. ""Dios bendishona bo"" seems like it might de coming from an Arubian fan. I've been a follower since 2017 and I'm from the island of Curaçao. Your reach Rollo, is global.",False,False,random,0,0,0,,0,0,0
UgymxW-uSERC1wDQj2h4AaABAg,Myron Gaines X,We will never learn the truth about his passing. That's sad.,False,True,,0,0,0,,0,0,0
UgxX2MmCotEHuSJ5tsx4AaABAg,Better Bachelor,"Best comment from men, “We are sick of competing for the chance to pay your bills.”",False,True,keyword,1,0,0,,0,0,0
Ugw2EMrq0cqniE7BzZ94AaABAg,Entrepreneurs in Cars,"I did one of these ""nice debt collectors"" and it was horrible, my credit got trashed and STILL had to pay a fuck ton of money towards the debt. I backed out of that deal in a hurry and just filed for chapter 7 instead.... If my credit is gunna crash either way why pay 60% of my debt when i can just pay zero. Best decision i ever made. Fuck the banks.",False,False,random,0,0,0,,0,0,0
Ugw23pOt4eOk8AnpQQJ4AaABAg,Rollo Tomassi,Women want a stable provider. Calling that a beta male is not really accurate.,False,True,keyword,0,0,0,,0,0,0
Ugyk7vpFbI3vVQBduKN4AaABAg.9m3_VKHghXC9mEA9Rp_98F,21 Studios,"Agreed. I voted for trump, too. First time ever in 2020.",True,False,random,0,0,0,,0,0,0
Ugy6vrCBzmvNj059e_94AaABAg,Entrepreneurs in Cars,She understands the logic all right. She's planning her second divorce and take 1 of his 2 million with her.,False,True,keyword,1,0,0,,0,0,0
UgwgIirXZZTdiI7SThx4AaABAg,Rollo Tomassi,"Pimp channel. Trump promoter. Cult. Nothing against sports and fitness, but redpill is sick.",False,True,keyword,0,0,0,,0,0,0
Ugw_MuRZmUkm_EuKEXR4AaABAg,21 Studios,"There is something sinister about this whole move to weaken men and make it cool. IT started with the Star Wars sequels where it was mostly beta males in the story being bossed by young girls, and then over time all entertainment seems to place weak males in it. The latest example is He-Man netflix version. For those who were already beta and were not influenced by the entertainment, you are not the target. It's the people behind those messages that are the target which we are aiming at. They want young boys to take pride in not having responsbility and confronting tough times and enduring suffering because the ones putting that message there have an agenda to make them dependent on the central banks, make them go into debt, and give up rights. This is part of the communist plan to slowly erode family, and to make people more dependent on the state rather than themselves and the community. (which existed before the formation of government institutions) Governments hate men having guns, being independent, and they do not want national sovereignty but instead replace that with globalism. (being inter-dependent on other nations for survival rather than INDEPENDENT) When you have a weak military it is usually a good indication that you are ripe for invasion at some later point once women can't rely upon men to defend them. They will abandon those men and bang the invaders. Not a joke. Women are turned off by feminine men despite maybe just maybe it being a fetish for a small minority of women to get off on yaoi comic books from japan. :P",False,True,,1,0,1,,0,0,0
Ugx0jyi7g8dWTOybyNp4AaABAg.AR2UJU5W3BDAR53EAc17IL,Rollo Tomassi,That's ABSOLUTE BS 😂 every single day more and more conservatives are calling out women into conservatism. You just don't see it for some reason.,True,True,keyword,0,0,0,,0,0,0
Ugz_Pp5ewgKjpZ2zqb14AaABAg.9k3usqwK14l9kl9dQV5Wmn,21 Studios,Not alimony. Most states won't enforce alimony of another. I refuse to pay Ohio's and haven't paid since 2004 regardless of what the man hating dishonorable injustice says. If I ever move back there it may be enforced but several attorneys have shown me ways not to pay. Child support is a different story.,True,True,keyword,1,1,0,,1,0,0
UgxqlZZpeIDhy6N1qbR4AaABAg,Better Bachelor,"You call the cops they will ARREST YOU , it is procedure to arrest the man as the system says its ALWAYS your fault .",False,True,keyword,1,0,0,,0,0,0
UgyF-U3dDAu_dVVUWAF4AaABAg.9kZGKEpjuHJ9kZHFbJY5dT,21 Studios,"This is why I didn't have kids. I saw the monsters around me, and nobody wanted to acknowledge they existed. Now they cry out, and say ""Who will save us?!"" And I say ""No one. You betrayed your heroes. You listened to the liars, because it more convenient to believe than the truth. Why should the strong give up everything they have to save YOU, after all the heaps of mistreatment you put upon them?""",True,False,random,0,0,0,,0,0,0
UgxnCIO67k9fH63B2MJ4AaABAg.AZUAM_VkMQWAZUuQvf2WcN,Myron Gaines X,​@danerook as a man you must have things in place such as confidence charisma resources intelligence etc for women to appreciate you approaching them. Privledge is invisible to those who have it. Women simply exist and get the same benefits men have to work for.,True,False,,1,0,0,,1,0,0
UgzLoHXI8L9Fy7gVWB94AaABAg,Entrepreneurs in Cars,"I survived nearly twenty years of DV. The last time I was attacked by her in my sleep. My teenage children heard the attack, pulled her off of me, and filed a police report against her. One even recorded the event...and she still claimed to be the victim. She was arrested, we are divorced, and I have sole custody of the kids. I am lucky and blessed. The shock is how many times I have been asked ""what did you do to make her attack you"" - blaming the victim is only acceptable when the victim is a man. V/R",False,True,keyword,1,0,0,,1,0,0
UgzTWgk5lBFn2N2lFgR4AaABAg.AVsdftQdjKoAVsfos4riw_,Better Bachelor,I’m sorry man. I appreciate what you did for us. I spent some time with a US special forces veteran that spent 28 years in and almost lost his retirement over a stupid fist fight after he got locked out of a armored vehicle and was caught out in the open under heavy enemy small arms fire. Fortunately his final hearing went well and he got his retirement after they put him through hell. Besides all this heavy combat he went through for decades this left him really bitter on top of the way we left Afghanistan after all the blood and hell he and his guys and interpreter went through there and other places.,True,False,random,1,0,0,military related victim framing,0,0,0
Ugw9iFQ59jJObKSTFhh4AaABAg,21 Studios,"There is no reason to shame other men for not knowing what to do, not having funds for legal defense, or for giving up. Some men do not believe in the legal system, so they target the abusive and immoral parents with lethal force but we do not praise those men. Not everyone is a billionaire and even those men become victims of our misandric system of justice. Are you a billionaire? I am glad you are taking the fight for your child to a higher level. I hope you win and defeat this misandric law. What were you doing when the sexist Violence Against Women Act became law or when the state of Texas willfully betrays men by participating in the Federal recovery program of Title IV of Social Security?",True,False,keyword,1,0,1, positively evaluate and encourage a specific form of resistance,0,0,0
UgxCbhj0tsJL2hropJ54AaABAg.AX83drnX5MoAY38plUASeb,Entrepreneurs in Cars,"It's not good at any age, except for the top tier of men",True,True,keyword,1,0,0,only top tier men have it good,0,0,0
UgwSlpHXbZ0poqwUwCN4AaABAg,21 Studios,What a great guy. Makes me proud to be MGTOW to hear guys like this talk.,False,True,keyword,0,0,0,,0,0,0
UgxG6viqwa3VOPFkU5V4AaABAg,21 Studios,"Isn't that the main goal of content creators on soc media platforms? To be get ""simp"" as you say😂🤦‍♂️",False,True,keyword,0,0,0,,0,0,0
UgyTksJU9laQ057i0zp4AaABAg,Entrepreneurs in Cars,And the golden raspberry award goes too..... Many are actors and actresses playing a role they know has an expiration date. All praises and glory to CHRIST.,False,False,random,0,0,0,,0,0,0
Ugw3JLWSZ3m4n7OgryN4AaABAg.AUEWK6zmtg_AUElWi3czX0,Better Bachelor,They want their cake and to eat it too. Double standards are a woman's middle name.,True,False,,1,0,0,women want to have cake and eat it - double standards for them,1,0,0
UgwL_GtcPD5KQABt4ZZ4AaABAg.AUs_M5iC8hTAUt43N5RYRY,Better Bachelor,The country that didn't exist 90 years ago and has become a world super power has leeched and sucked the US dry. They defeated us with propaganda and now the people of the US are slop. Everyone sold their souls to the goyslop. LOL,False,True,,0,0,1,,0,0,0
UgzxsiyCFUNx3TTt4x54AaABAg,Rich Cooper Clips,"“ I love you and I want to marry you, but I will only do so if I have the legal ability to take half of your assets.” Who in their right mind would agreed to such a thing if they already have so much money? Props to this guy for having the balls to stand up for himself.",True,False,,1,0,0,,1,0,0
Ugxj6cR1bB48R6tqO5J4AaABAg.AVZMHi_UzNIAVZNqL6YeKS,Better Bachelor,Yep just let them keep making their joke Netflix propaganda specials.,True,True,keyword,0,0,0,,0,0,0
UgzWcnJIMDroiQy_bMh4AaABAg.AQTbFwwui86AQTmGe6V3lV,Rational Male Clips,"he says sigma doesn't exist because he popularized the alpha/beta terms in the red pill context and then zoomers started inventing their own terms like sigma and chad, now the way he framed the terms like alpha and beta is disregarded and instead are interpreted in the zoomer way, him using the zoomer terminology is invalidating his initial framing",True,False,,0,0,0,,0,0,0
UgyAVddpk4ZIxkOEy-V4AaABAg,Rollo Tomassi,"🕓TIMESTAMPS🕒 0:00 Intro - Men Have NO Rolmodels 7:10 Confident Ignorance 16:50 Why Is Rollo Making This Livestream? 25:00 The Damage Made By the Feminist Movement 34:20 Rollo Explains the Cycles Of Social Media 43:00 A History Lesson Through the Red Pill 49:30 The Consequences Of Gaming the Algorithm 56:00 Attacks From Out And In the Community 59:30 All the Rolmodels Are Online 1:08:00 The ""Incorrect"" Way Of Thinking 1:14:00 The Next Step After Being Cancelled 1:18:00 Superchats - Define High Value 1:20:00 Superchats - Different Standards Of Justice! 1:26:00 How Does the Mob See the Red Pill? 1:31:10 Announcements: Jedidiah Bila And RP Lions 1:33:00 Superchats - Robert Kiyosaki And Rollo's Affiliations 1:39:00 Misrepresenting Rollo's Work 1:42:40 Feminism Is the Ultimate Shittest 1:45:10 What Made Andrew T. Different? - Clip Breakdown 1:52:40 Taking Your ""Bread"" Away And Can't Go Back 1:58:30 Why So Many Creators Leech From Red Pill Creators? 2:04:30 Red Pill Lions - Clip Breakdown 2:11:30 The Cuttlefish Syndrome And this Age Of Emotion 2:15:25 The Effects Of Social Media Addiction 2:20:35 The Complexity Of Free Speach 2:27:40 Superchats - Why Is Lingerie Sexy? 2:31:45 MY FINAL MESSAGE - Clip Breakdown 2:35:35 Every time You Talk About the Past, You Apologize About Your Present 2:38:00 Stand Up For Yourself And Is He Religious? 2:43:20 Where Does the Brand End And the Man Begins? 2:48:20 Don't Take Things Out Of Context 2:57:50 The Importance Of Long-Form Videos 3:03:00 Check Out The Podcast Audio (Description) 3:04:20 The Current ""Gold Fish"" Attention Span 3:08:10 When the Leeches Attack 3:18:28 Most People Don't Care About the Truth 3:25:15 He Should've Been More Prepared 3:30:50 Hustlers University Was Affiliative Marketing - Clip Breakdown 3:36:50 The Most ""Dangerous"" Man On the Internet 3:42:00 Banning Free Speech And Screwed Up Priorities 3:46:00 They Want You to Be Ashamed to Be A Man 3:53:00 Men Should Do Better And Reformed Bachelors 4:01:50 Sanitizing the Red Pill 4:05:00 Superchats - The RP Doesn't Have An Elevator Pitch 4:08:40 Superchats - Feeding Propaganda 4:15:10 Superchats - Rollo's Contingency Plan (Odysee) 4:20:20 Outro And Announcements Don't Forget To Like And Subscribe!",True,True,,0,0,0,,0,0,0
UgwwowdUvmCAf8fvd1t4AaABAg,21 Studios,Schools need talks like this. If this cant find a way into curriculum then schools should spend large sum of time devoted to guest speakers. Hello good morning ❤,False,True,keyword,0,0,0,,0,0,0
Ugw1y-l4n7KWNdVPKjR4AaABAg,Better Bachelor,"The last time I saw dating sites and apps have the options to select: body type, height, weight, race and kids/no kids was back in the early 2010’s. It was the 2nd Obama term when everyone started going “woke” (whatever that means to leftists) that all the sites and apps took those options off to be “inclusive”. Yeah, they wanted to force MEN to be inclusive of ALL types of women. This political correctness has gotten out of control. If you tell the AI matchmaking bot on like FB dating that you prefer a slim woman, it will reply back requesting you to not be discriminatory of someone’s weight. I bet it doesn’t say the same thing to a woman preferring tall men. I bet you it doesn’t.",False,True,keyword,1,0,1,,0,0,0
UgzhdmnJwfmruR3fsL14AaABAg.AVsMAdbGZb8AVswUrhQWxr,Entrepreneurs in Cars,"Prenups do get overruled by judges. Better than nothing but not enough. Have a ""pre-marriage"" brokerage account, and never put ANY money into it after the relationship gets serious. Not one dollar, lest the judge claim the money is ""co-mingled.""",True,True,keyword,1,1,0,,0,0,0
UgzLurEpj8mMUXRUtu14AaABAg.AIns5vmq_egAMBsFRLQpkm,Rational Male Clips,"These really emotional sad dudes are desperately ""throwing it"" by sadly finding shelter and consolation in religion because they still miserably failed to still successfully implement redpill & fell into the web of feminist propaganda and were essentially indoctrinated by their wives or gfs. Now THAT'S emotional manipulation/intelligence. Women (over-)domesticate men. The also in fact still failed miserably to live their life with their own terms and they have to scaredly seek shelter to a groupthink, it's just fleeing the battle and finding an easy shelter/option. Groupthink is easy option. And men seek these moralistic groupthinks.",False,True,,1,0,0,,0,0,0
UgwxOG0sKZcl6qBP_254AaABAg,Rollo Tomassi,"I remember there is a feature in AI where you can swap the gender, I wonder how many women would date a guy on their same level of attractivity.",False,True,keyword,0,0,0,,0,0,0
Ugw_D2C5GGYzU3UhDhR4AaABAg,21 Studios,"The gendar of those punished by our justice system is about 95 to 5 percent by gendar, copps and womeen basically have qualified immmunity, we need to get corrupt judges out and get ones in that will follow the law and apply it equally no matter gendar or if you you are work buddies, we must have fair justice or we will fall into a dic tadder ship.",True,False,,1,1,0,,1,0,0
UgwGlc2Lo1B9kvdWtnh4AaABAg,21 Studios,"These women are like Derrick jaxhn telling men what they want to hear, it’s sad.",False,True,keyword,0,0,0,,0,0,0
UgytsZgfb8h_nnAkFS54AaABAg,Rational Male Clips,"I'm not Japanese, but Chinese, and I find AC: Shadows a mockery. As if Asian men need to be dehumanize anymore than we already are.",True,False,,1,0,0,Asian men are dehumanised,0,0,0
Ugx86FBykysas-EtbjJ4AaABAg.9mmJ1eEqvYzA3S1vX9RFTA,21 Studios,@KalaniCruz brother what does getting women have anything to do with this? Focus on your purpose brother. I know you are lost in life based on your response. Time to take responsibility for your life and stop blaming your parents for your incompetence. Those friends you hang out with are not good for u brother. Stop spending all your tome chasing women brother its time for you to follow your own path and find your purpose,True,True,keyword,0,0,0,,0,0,0
UgxZ5Uy25GohcCsmxZ14AaABAg,21 Studios,"I really would like to know what CGA opinion on sex dolls replacing biological women? Even though I am red pilled, part of me still wants a wife and kids. If I have to, I will marry a robot. Who knows, one day they could give robots the ability to actually have children. I don't care if some people consider me a loser for having these thoughts. I personally think that the good old days are never going to come back. It will take the literal collapse of society for there to even be a chance of that happening.",False,True,keyword,0,0,0,,0,0,0
UgybgFfWrik7XA7CVSB4AaABAg,Rollo Tomassi,"Hmmmm, Ana Kasparian looks kinda cute now that she's not spouting crazy leftist nonsense :)",False,True,keyword,0,0,0,,0,0,0
UgxRmA0VVTP5ZW9e9m54AaABAg.AVxhYDRGzvzAVy2yF2sIPZ,Better Bachelor,"Tall the good men want to buy this guy a beer! Thank him for his ""research"".",True,True,keyword,0,0,0,,0,0,0
UgzDx6BV-ApH6lVEfQR4AaABAg,Better Bachelor,You only get punished for telling the truth these days!,False,True,keyword,0,0,0,,0,0,0
Ugze1L8ZdKq2-xTjsop4AaABAg.AVZNnqpTKTrAVZXee0prNs,Better Bachelor,"It is sexism, ableism and/or lookism. It is the equivalent of insulting black people for talking about how they are oppressed in the 50s. ""You just need to work as hard as white men do,"" ""you are just entitled,"" ""you just want to hurt people,"" etc. All it does is prove them right really.",True,True,keyword,0,0,0,,1,0,0
UgzpcXzENVmLnx5Bi154AaABAg.AKvLcVyelLjAKwbUf7EBmb,Rich Cooper Clips,"Haha! Love your message and your mentoring brother. I bought your audibook and sent it to my little brother (40 years old) after his terrible, bitter divorce. He was a police, and his wife abused him and beat him down so badly that he tried to kill himself on duty for the insurance payment. He devoured your book, 12 straight hours on audiobook. Its true: things I wish my father would have taught me. Im going to teach my sons. And my future daughter. Now, me and my brother would never marry a western culture woman. My wife is very traditional, from a Patriarchal culture. Things I wish my father would have taught me.",True,False,,1,1,0,would never marry a western woman due to harm they cause,1,1,0
UgyVRJFUiVXpRZSFZtF4AaABAg.AO99ZGu-MQQAOBsSh99hWd,Better Bachelor,"@armoredghost6180 There are direct and clear calls to violence perpetrated by leftist elites including politicians. There was a prominent Antifa member who just fled to Europe and he wrote posts stating that his followers should push with all legal AND ILLEGAL means necessary. That's incitement to do crimes. This guy wrote the ""Antifa Handbook."" There is a whole trail of money going from the government to riot and activist orgs which is probably embezzlement at the very least. Government money is not supposed to go into partisan protest orgs. If there is conspiracy to let Antifa ect riot and impede federal officers in ANY aspect, then all the politicians who did it can be sent to prison. This is no different than say a British Colony letting pirates raid British shipping and giving those pirates safe harbor. This type of behavior is illegal in any country. There have been TONS of attacks on ICE and federal agents including deadly ones. There is evidence that officials gave standdown orders, refused to police the streets as they legally are obligated to, ect. This amounts to insurrection. The standdown order in Chicago is recorded and witnesses heard it. There were autonomous zones like Chaz/Chop that was the local and state government refusing to govern. This is either incompetence or if it was done on purpose... insurrection. Federal buildings were firebombed ect. All you need to do is prove that any of this was done on purpose or that people in the government allocated money to any orgs doing this activity or find any other source of money going to these orgs. Billions of dollars in damage was done, dozens of people have been killed, and thousands of police officers have been injured. Many of these people are rather intelligent so it won't be easy, but a few minutes of investigation is all it takes to see that most likely there are a lot of people guilty of serious crimes. Illegal activities occurred, they were organized and funded (easy to prove), and government officials have likely aided and abetted.",False,True,,0,0,1,,0,0,0
UgxB2ENCkGkdcR2YFlB4AaABAg.AYhno7Pf3sDAYj6Ic8FfBT,Rich Cooper Clips,Smart man.....stay single and call the shots on your terms.,True,False,,1,1,0,,0,0,0
UgxeateqpVP4ILvmn_B4AaABAg.AVOrs5yx8rGAVX2djCtI04,Rollo Tomassi,"What is the alternative? Give some lying bitch all your money? If you don't realize that women are seriously fucked up by now, then nothing will ever convince you. Even women are calling women out now.",True,True,keyword,1,0,0,general misogyny?,0,0,0
Ugxu-XiIMvy4QJRV6VZ4AaABAg.ARm9AbjGQ4sARmCAI79su1,Better Bachelor,It wasn't a mistake it was deliberate rebellion and God's been spanking us ever since,False,True,,0,0,0,,0,0,0
UgyL512XShT8iERRf_t4AaABAg,Entrepreneurs in Cars,A mother's child can do no wrong,True,False,,0,0,0,,0,0,0
Ugw2kJ0ot2jGrWEHotB4AaABAg,Entrepreneurs in Cars,So much of telling men what women want and what they need. A mistake for men. If men improve their own lives and are competent as you say they will be happy in their own lives and attract the right woman. Men just need to concentrate on themselves. It's not alpha to worry about what women want and need all the time.,False,True,keyword,0,0,0,,0,0,0
UgwEHaHHS_hH-jY_Q_t4AaABAg,Better Bachelor,HR is a government department. Get rid of it .,False,True,keyword,0,0,0,,0,0,0
Ugz2wgKkh78tN3vJ3pV4AaABAg,Entrepreneurs in Cars,How the tides turn tho once they hit the wall...show em no mercy fellas 😂,True,False,,1,1,0,"Show ""them"" no mercy fellas",0,0,0
Ugzjtj8n7hyFowMuJDx4AaABAg,21 Studios,"You can't have a child without a mother and father. So for every single mothet there is a single father (somewhere). Funny the woman is always the target, even when it comes to being a Mother. Somehow men fail to realize the real problem is the Men who leave their children behind. Theres nothing wrong with being a single Mom, its when the father is a dead beat joker that the problems occur but this is pretty entertaining. A great way to help men continuously deflect instead of doing the right thing by their children who are the future. You should be advocating for male birth control as you could prevent the creation of more single Moms!",False,True,keyword,0,0,0,,0,0,0
UgxCbhj0tsJL2hropJ54AaABAg.AX83drnX5MoAXWERJASHPl,Entrepreneurs in Cars,"@ИльяУкраинский-з8у Prime age to experience used cars, leftovers, and to be a good boy beta bucks...",True,True,keyword,0,0,0,,1,0,0
Ugz7heXUuqhCO9uE6I54AaABAg,21 Studios,"I always found it funny that women will never give up careers and education as their back up plan in case the man decides to leave, but clutch their pearls at the idea of a prenup because that's exactly our backup plan in case they leave. Never get married. Leave these women to their own devices and let them die alone.",True,False,,1,1,0,,1,0,0
UgyTR9X26vu-KvBLStB4AaABAg,Rollo Tomassi,"The more main stream The Red Pill has gotten, the less focused and interesting the actual content has become. FnF were straying _so fucking far_ from anything I cared about that I tuned them out long ago. Getting popped for the sake of St. Nick was absolutely idiotic. The grifters are coming out of the woodwork now, whether claiming to be ""Red Pill"" _coughPearlcough_ or just wanting to get the exposure popular Red Pill shows get. The community needs to boot the women, boot the grifters, boot the political pundits, stop doing shaming pr0n, and get back to helping men see the world honestly and get their shit together. Everything else is just distractions and drama we don't need.",True,False,,0,0,0,,0,0,0
UgykJjKRO01nYJra-iJ4AaABAg.AMrbHV9VAWSAMuYhrBPsxx,Rollo Tomassi,"I think it's the opposite. RP teachings are leaking into society but without calling it RP. The terms ""body count"", hitting the wall etc. for example all came from the RP.",True,False,random,0,0,0,,0,0,0
UgzMWVFyJru8tvm5eSJ4AaABAg,Rollo Tomassi,"I agree with most of what rollo says except the concept of good times creating soft men and soft men creating hard times I don't think it's talking about technology more like human nature since people are inherly lazy in general its only natural for people to let there guard down during prosperity which would creat the ""hard times"" or problems which would make human work on the solution fix it and then a couple of years later drop there guard which would continue the cycle over again",False,True,keyword,0,0,0,,0,0,0
UgyXww5jvfykU2OvO3R4AaABAg.AXn6-qalVDwAXt_zfVMDi2,Entrepreneurs in Cars,@darrellliston4637 Yes but she will use her kids as a big basis for getting the money be it through child support or spousal support. The court looks at a totality of the circumstances with an unwriting bias in furtherance of moms.,True,True,keyword,1,0,0,,0,0,0
UgyqnllzdcUwZ6E_k6l4AaABAg,21 Studios,Did this guys father give him the thumbs up on wearing that shirt? Doubt it.,False,False,random,0,0,0,,0,0,0
Ugz2lA_6bm3ZEptett94AaABAg.AWTskEvkGD7AWUnwKLL8aL,Better Bachelor,"That's why they have sites like this. it's not ""legal"" enough to get in trouble or involve the cops but it's legal enough to get some guy blacklisted (she specifically says ""check before you hire him"" implying that simply being on this site for any reason could affect your hiring chances) and/or have his name dragged through the mud. without any way to know who it is, its just vindictive social bullying with 0% accountability.",True,False,random,1,0,0,,0,0,0
UgzMtc44wLsw-6cWuGN4AaABAg,Entrepreneurs in Cars,See I hear something completely different. I hear the relationships been going on for two years they finally passed the line for common law marriage and she went to go look to see who owned stuff so that she would know what she could take. And then blew up when she found out that everything was in his brother's name. Dude was right you don't go looking for that stuff on accident I don't even think she was looking for a reason to be pissed I think she was looking for a reason to walk away and get a paycheck when she did it.,False,True,keyword,1,0,0,,0,0,0
UgzbN2l-0xDlUoGVent4AaABAg,Entrepreneurs in Cars,They vote that way because if it's wrong they know it will not be their responsibly and that men should take care of it.,False,True,keyword,1,0,0,,0,0,0
UgxAa2EUOJbO_NGqfQd4AaABAg.AXtIjXCjJAQAXvbDlyU-Qs,The Free Agent Lifestyle,@Rockman796technology just allows us to spread the word farther. It also doesn’t hurt that we are in the midst of the biggest bull run in the history of markets. There’s another side to that pancake though.,True,False,,0,0,0,,0,0,0
UgzY5z09Ch6XLjb607p4AaABAg,21 Studios,PS regarding Jonathan M Pigwood: do the Japanese authorities know that there is a child predator teaching children their country. Absolutely sickening and outrageous that he was publicly preying on children taking voyeuristic photos in public which is illegal. Has he been abusing children in Japanese schools? Why is a child predator being protected by those in the manoswamp. Sick world we live in and anyone who continues to associate with him are disgusting.,False,True,keyword,0,0,0,,0,0,0
UgyhbFqC_s7QpI2R4nF4AaABAg,21 Studios,"I value Pearl for what she says to women, not what she says to men. Big difference. Go Pearl, go! By the way, Pearl probably does more for men than this dude has ever done. Yeah, I got your ""pander"", all right. ""Pander"" to this, my guy!",False,True,keyword,0,0,0,,0,0,0
Ugxih22eJRA82uyG2b94AaABAg.AY9E0QNibXbAYMnXxVkZqA,Rational Male Clips,"Killed physically by something pretty that was programmed to love me for a bit Or Being destroyed emotionally, mentally and financially by something pretty that was pretending the entire time That's a hard one Boss",False,True,,1,0,0,,0,0,0
UgzfXNcs1vt9f_x5nNV4AaABAg,The Free Agent Lifestyle,This whole livestream was a gem!. Stay single fellas 2026 is the year to turn your life around,True,False,,1,1,0,,0,0,0
Ugx_mnCg-9emNcrDQGV4AaABAg,Entrepreneurs in Cars,"This is absolutely right. And remember, we have to he aware enough to take the hint. If we refuse to take the hint, it's our own fault.",True,False,,0,0,0,,0,0,0
UgwSvIBEy2N6iqHvJ714AaABAg.AWwCZFlwdi1AWx42UxVgPf,Better Bachelor,"It's very obvious what women want. The problem is just that every 5/10 woman is trying to get an 8/10 partner. There's just not enough top-tier men out there for every woman to get one. The funny thing is that AI knows exactly what's going on, but it's overlaid with a political correctness filter so it gets what's going on but is then forced to output left-wing nonsense.",True,True,keyword,0,0,0,,1,0,0
UgyvdU-Keeo-PuUB8ZN4AaABAg,Better Bachelor,"Men need to boycott all dating apps, women can date themselves.",False,True,keyword,1,1,0,,0,0,0
Ugya_xwqbdHBMo93fDZ4AaABAg,Rollo Tomassi,Men deserve this. We've allowed women the privilege to vote and we've encouraged them to work in air conditioned offices with over inflated salaries that we should be getting. It's no wonder that women have lost all respect for us. Would you respect a class of people that willingly surrendered their birthright without demanding any meaningful compensation? Nice guys finish last and doormats will get stomped on. Always!,False,True,,1,0,0,,0,0,0
UgzJ9geh8yxOwvtiGhN4AaABAg,Better Bachelor,Has there ever been even a single article in the West that blames women for anything at all?,False,True,keyword,1,0,0,,0,0,0
UgzEbwbmYAQGkjAPYGN4AaABAg,Rollo Tomassi,"H-see-Gee fixes all the fertility issues. $40-60 per vial, lol. You can actually take this stuff for a few months at a time and fully restore fertility while on it then taper down and eventually off and often times, the boys come back at least to the low end of baseline. You have to get rid of the exposure to estrogenic toxins to gain permanent fertility and testosterone production back. All of these peptides are common place in the bodybuilding community and have been for 15 years. We were the pioneers for the Claviculars of today.",False,True,keyword,0,0,0,,0,0,0
Ugz223Drn_E12RxOtlF4AaABAg,Better Bachelor,Unless the people fight back. Government that doesn't serve the citizen's interests serves no purpose. The tree of liberty needs refreshing.,True,False,,0,0,0,,1,1,0
Ugwy68vWkzveR7S93W94AaABAg.9mb21cVZ50n9mbQaOupe4Y,21 Studios,"I'm not sure what Paul meant there, he speaks for himself. 21 Studios is an open platform for the manosphere. As far as women go, the manosphere is a space for men, created by men. Women do not belong in men's spaces.",True,True,keyword,0,0,0,,0,0,0
Ugwta8Q-KQxAsdxxIjJ4AaABAg,Entrepreneurs in Cars,"When I want to break up with a girl, I just start failing all her tests intentionally until she dumps me. Saves me the hassle. If I try to break up, she might see that as a test or see me as more attractive for being able to walk away. I don't want that crap, so I just act like a typical insecure guy and she runs away. Works every time.",True,True,,0,0,0,,0,0,0
UgyR3UGxbAFl4lWJlqt4AaABAg,Entrepreneurs in Cars,"You don't need a letter from the gov to tell you that you love someone. The family court is broken and we have a duty of care to uor sons, otherwise it's negligence . We need to wise up as you said and see what's literally in front of us! Give me the fiery plane crash every time Rich.",False,True,keyword,1,1,0,,1,0,0
Ugx9S0hwGupglgnlX9x4AaABAg,Rollo Tomassi,"Any society that is not built on meritocracy is doomed to be a disaster. This is why the more women are in position of political power the more it tends to be inclusivity minded. Meritocracy is the model that makes sense because you need to be the best at your position and this leads to a more efficient, better run society. Logic, not feelings, has to be the pillar and the foundation upon which you build structures.",False,True,keyword,0,0,0,,0,0,0
Ugz02djRniSA378i1p54AaABAg.AVsdRANQB5SAVsztWDSvNY,Better Bachelor,"There is no civil war incoming. A civil war requires two opposing sides. Australians are all some sort of liberal, whether conservative liberal or progressive liberal.",True,True,keyword,0,0,0,,1,1,0
Ugy-rTm1AhuQo-imN6l4AaABAg.9kqAv_E_n_v9ksJjN5ngRo,21 Studios,"Are you a THEIST? 🤔 If so, what are the reasons for your BELIEF in God? 🤓",True,False,random,0,0,0,,0,0,0
UgxIsyrYKiTPZDTwaLF4AaABAg,21 Studios,I think what he’s saying needs to be said. He rejects the feminized pussification of men in our society. Keep speaking the truth brother!,False,True,keyword,1,0,0,,0,0,0
UgxFzVUIoKt9d0VVI2h4AaABAg,Rollo Tomassi,Can someone tell me the channel or people at 15:11 ?,False,False,random,0,0,0,,0,0,0
UgxTRLQUt3f24hZriz14AaABAg.AXfltkCyIpRAXgOi5v2UJG,Entrepreneurs in Cars,"I'm a woman, and I'm with you. Why marry or even date someone with brats to raise? Listen, I hang out with women and have heard the stories. Even the courts will rule in the woman's favor. Men listen up STAY SINGLE!",True,True,keyword,1,1,0,,0,0,0
UgzPKPuhuiNpzyHR7ZN4AaABAg,Rich Cooper Clips,So what is your stance on denying her intimacy until marriage? Even deliberately turning her on then creating distance. Wouldn't that give marriage more meaning?,False,True,,0,0,0,,0,0,0
UgwaOVh1kzseczhvZt94AaABAg,Entrepreneurs in Cars,"I began listening to this man almost 5 years ago after my brutal divorce. I agree with him on many things, pretty much 95%. He is very wise and very straightforward. My life has turned around and I am moving rapidly from surviving to thriving.",False,True,keyword,0,0,0,,0,0,0
UgzKNQ5AdFXmOr0nArZ4AaABAg,Entrepreneurs in Cars,the problem with custody is that the parent who has most of it wins. The simple act of just being there for those mundane moments has a MASSIVE psychological effect on the children. Women know this and take advantage of it. This is where the brainwashing starts.,False,True,keyword,1,0,0,,0,0,0
Ugx2v82HJfdOYntNV3x4AaABAg,Rollo Tomassi,"That's dumb as hell. Yeah some women think they are much hotter than they are, but I know just as many men that think the same way. I'm a 6 on a good day and I'm have zero problem getting women out of my league. It's a confidence issue, everyone is lacking confidence thanks to the Internet and people like you that make stupid comments like this.",False,True,keyword,0,0,0,,0,0,0
UgxIFSRVMJ6vvghNyl14AaABAg.AVxhDg6VJWTAVxk7vokE8N,Better Bachelor,"You need to UNDERSTAND. -Women are valued by governments because they create more workers/slaves, securing the future -Exposing married women and tearing-up families is a BAD LOOK which diminishes the value of the breeding cows that the governments want -If you go after something the government values a lot, no laws will protect you from their answer, this is why he got arrested even though his operation was 100% legal",True,True,keyword,1,0,1,,0,0,0
UgybX9q_Bkp0bGhWHXF4AaABAg,Better Bachelor,Women don’t try to self delete. They try to get attention by faking self deletion,False,True,keyword,0,0,0,,0,0,0
Ugz3GS9mO85hJUnJ0MV4AaABAg.AWfNMgOpiBRAWhzKKlAaO2,Better Bachelor,@Subhumanoid_yes being treated like queens forever is really a tough life… i give any women in human history a week as a man before they committed suicide. And thats obscenely generous at best,True,True,keyword,1,0,0,,1,0,0
UgyvZmk-856Q7vHDCyJ4AaABAg.AY3IdTyREmEAY3iMKEmwvs,Rollo Tomassi,"What about Jeff St. James and T. Hassan Johnson? I've only seen clips, but they seem pretty Red Pill.",True,True,keyword,0,0,0,,0,0,0
UgxrG4iSIDYOHBLJ-W94AaABAg.AZ4gAqI26rVAZ9p19TQZtk,Better Bachelor,There was a time where I thought she was a hottie and planned to actually reach out. Good Lord.,False,True,,0,0,0,,0,0,0
Ugwy3xnQXiCTGeaowUd4AaABAg.9kySw70lWgx9ro7nD1Vho7,21 Studios,"@21s you are hilarious -- but ppl are laughing AT YOU. I literally think you respond like you do on purpose, if not -- wOw!!! 😳😳😳😳 get help",True,False,random,0,0,0,,0,0,0
UgzN41iktTlfyuR8jYx4AaABAg,Rollo Tomassi,I have used a control burn to bring haters down.,False,False,random,0,0,0,,0,0,0
UgwCw5a7LqhjOOz2oLp4AaABAg.AVPOIcYE2_fAVPRbY1a-_f,Better Bachelor,yup their crazy spree from 2000-2026 went un restrained and now that the damage has shown it self for what women do and allow to happen now they want the old way back but of course this is them saying we will take a pause and reassess it will eventually arise again in a newer form a newer generation to repeat this cycle of going down this path we men told you not to go down and that its bad for all of us but you guys just wouldent listen to us men so you will repeat it and only those women who realize will have to speak up,True,True,keyword,1,1,0,close call but prescribes men to avoid women,0,0,0
UgxviqnwQrevui3WU4F4AaABAg,Rollo Tomassi,"I'm surprised no one in this space ever checked women who say they want men who ""make more' with the feminist argument of women complaining about equal pay. It would shut a lot of them up.",False,True,keyword,1,1,0,,0,0,0
UgxOUry-I9F7uFXF_qJ4AaABAg.AUuds6vpBsaAUutYB6THwr,Entrepreneurs in Cars,So a man's love is conditional. If he loses his job. No more wife or family,True,False,random,1,0,0,,0,0,0
UgzypDg_NskLV-EypoB4AaABAg.9n5wTPh_ZsB9n9vkKsQJwh,21 Studios,That’s one of the dumbest thing you can say. So what about the severe sexual abuse men sustain as a young boy which gets locked away due to compartmentalization!or your wife gets severely beaten and raped. Or watching your boys getting slaughtered in war or you get in a car accident which is your fault tha leaves the car mangled and dead bodies about! Real men acknowledge trauma and work through it share it and move on.,True,True,keyword,0,0,0,,0,0,0
UgySbsrB1N_8PAEVvJ94AaABAg.AXhhIqJbyFYAXvhlOVHTKH,Entrepreneurs in Cars,She wasn't able to cash out on the first divorce.,True,True,keyword,0,0,0,,0,0,0
Ugz2NZADlI3Si_B4ni14AaABAg.9l9ldYLNhok9lAH0_IpeAy,21 Studios,"Men have to get in there and try to have a relationship. Red pill is knowing what you’re dealing with. Women have been thought of as sugar, spice, and everything nice. We now know that is furthest thing from the truth. But you have to try. The real fight is getting government OUT of our personal lives, and allow men to have back their power and authority over the women in their lives.",True,True,keyword,1,1,0,,1,0,0
UgyvHp5xtIoimqwyet14AaABAg.AX_CKq07zxaAXaiTCrqU5E,Rational Male Clips,@NioTvsIt's not meant to be flattering it's meant to describe reality. Like rolo said there are more American women who own houses then there are American men who own houses and so many of them are 6 or even 7 figure earners and they make; they make enough money to pay for self-defense classes and guns and gun licenses. They don't need provisioning and protection from men like they used to when they can provide that for themselves.,False,True,,0,0,0,,1,0,0
Ugy4o-gn3FdaR8lmMt54AaABAg,Rollo Tomassi,"Traditional conservatism is the same as feminism, i completely agree. Or atleast that the end result is the same.",False,True,keyword,0,0,0,,0,0,0
UgyRIdq1pKpcPD1LboR4AaABAg,21 Studios,We have to get the churchs on our side..,True,False,,0,0,0,,0,0,0
UgxQuCTM3KgL2VSYBvZ4AaABAg.AWHNLujwO8GAWHbIr5jTA8,Better Bachelor,"​@jorgebarriosmur Don't feel too bad, history has taught us that humans REFUSE to learn from their mistakes. Even if we do learn we still don't care, the only way to learn is by destroying the planet which we are well on track to do. It also doesn't help that God hardcoded us to be his perfect little failures. We were f*cked from the start. Sigh, it was such a beautiful planet too.",True,False,random,0,0,0,,0,0,0
UgxvFWC_o2_15s1a-pt4AaABAg.AOdwLVRI9xLAOgfSoUckvt,Better Bachelor,Well.... She's got a point there. If us guys would stop paying to watch their crap then they wouldn't be able to spread their poison.,True,False,,0,0,0,,0,0,0
Ugyizwr3eVmd-lzW-9Z4AaABAg,Better Bachelor,Fuck society. No marriage no kids. I live for me and as men we don’t owe women shit. They can fend for themselves like they asked for. I’m just here for the collapse.,True,False,,1,1,0,,0,0,0
UgxB54qJZR9dRfgkz9Z4AaABAg.AV6p2jEnSscAV6tBq-iqfw,Rollo Tomassi,I appreciate this sentiment . These people don’t represent us any better than the leftist figure heads represent them .,True,True,keyword,0,0,0,,0,0,0
UgykoE12iwtvRkTqO5R4AaABAg.9mkYCoD6SfV9nna5ont5zO,21 Studios,"I've seen some 'harsh' pastors like Pastor Jennings teach and his church stays filled. He speaks of order in the family and the man leading and of course women are there, some married some not and old men😂. Its rate to find young men in church say between ages 18 to 39...you know those prone ages for a man to settle down he's avoiding God's commands like the plague😂",True,True,keyword,0,0,0,,0,0,0
Ugxozjs-6scyHH67wTF4AaABAg.ASVaedJ2h0SASXAYPoQBWN,Rollo Tomassi,"You have the right to be OK with it BUT man SACRIFICING Life, Limbs and Freedom ISN'T EQUAL TO Woman being polite",True,False,random,1,0,0,,0,0,0
UgwlBNjN2obNMiTQytt4AaABAg.ARa2LTvl9WZAReB9L2CzRB,Rollo Tomassi,"​@CompassRoseGamingBiology sets the baselines, but it’s not the governing variable here. Once you add incentives and unstable interpretive context, the system stops behaving like ‘men vs women’ and starts behaving like any misaligned coordination structure. I’m not blank‑slating anything, I’m shifting altitude. Biology explains tendencies.Incentives explain behaviors.Interpretive instability explains conflict. Sex differences matter, but they’re the material the dysfunction expresses through, not the root cause. The underlying issue is structural, not conspiratorial.",True,True,keyword,0,0,0,,0,0,0
UgxAdtazxwQhAvxCdcd4AaABAg.AOnWswwF_nHAOng9JKYcKw,Rollo Tomassi,"Personal opinion, I think he believes in God, just doesn’t care for the way pastors talk to men in the congregation and how they expect men to be as opposed to certain realities and differences between the sexes.",True,True,keyword,1,0,0,,0,0,0
UgyEqvS1xg_sa_B82Ml4AaABAg,Rollo Tomassi,1:20:29. No. She is wrong. Men are not fearful because of metoo. No. She is wrong.,False,True,keyword,0,0,0,,0,0,0
UgyVt0l8MOyStllebHR4AaABAg.AYDVESjHJwDAYDb50IGfDS,Myron Gaines X,"​​@choppyhakusho hypothetical: A young woman grows up hearing feminist propaganda, decided to spread her legs for every dude that breathes cus she bought into the rhetoric and that it's ""empowering"" to do so . Is that self respecting behaviour? Yes or no? Or, does she get ""a pass"" for her behaviour regardless of it's is self-respecting or not cus she was young and bought into the propaganda? Genuine question.",False,True,,0,0,0,,0,0,0
UgzQ-qrCEPKR6q4CRgF4AaABAg.ARBMlWygJjnARTn3KCXZTB,Rollo Tomassi,I assume you “feel” like Pearl is honest on reiterates rollo points 😂maybe you are in red pill mode but still cling to some faded obscure blue pill ideas????,True,True,keyword,0,0,0,,0,0,0
UgwxQ2qLoZi59oDt_5Z4AaABAg.AUtK_y6-BHDAUwWaIYBEuo,Better Bachelor,I agree with you but that’s what they want . They want you to stop reproducing and it’s working just take a look at the birth rate in western countries for White people. It’s not the only factor but this rift between men and women is a contributing factor. The world we live in is no longer the same in any shape or form as 50 years ago,True,True,keyword,0,0,1,,0,0,0
UgzjUTEv7qHX09PphA54AaABAg.9lkJ7m51LhY9llPogCHAwY,21 Studios,So men are the ones with morality and women are not....ok. Ted Bundy and Jeffrey Dahmer have morals?,True,True,keyword,0,0,0,,0,0,0
UgzDa8Yw_ZgY_wrrH-x4AaABAg.ATICUKl0aWtATIoIRrWZD1,Rollo Tomassi,"The pretending only is a factor if the functionality of the relationship is different. If you have children with a woman and live with her and aren't married it is in essence the same as being married, with the exception of state enforceable one sided contract.",True,False,random,1,0,0,,0,0,0
UgxbLrP3Wr2CwNYR2Kd4AaABAg.9YnWHmLCE9Y9Yo24rX8J2Z,21 Studios,"Whether ppl agree with this speakers msg or not, the reality is there is a rising trend in men choosing to walk away from women, especially in regards to marriage and long term commitment. And it's no longer just the undesirable""incel"", but men of means,men with looks and those with status. With the popularity on YouTube with channels like Kevin Samuels/ Fresh & Fit/ Coach Adams, men of all races, ages and economic class are consuming this info and agreeing with most of it. So the more certain ppl seek to villify, chastise and dismiss men, the more men are driven to these spaces and that should be alarming to women.... It's your choice ladies, either we hash things out or y'all go your way and we'll happily go ours✌️",True,False,,1,1,0,"Men being driven to these spaces, women need to be alarmed",0,0,0
UgzeSNYyyX5b65tUyTx4AaABAg,Rollo Tomassi,Timestamps!!! 0:30 : Intro Music 01:47 : Intro Video 19:15 : Welcome 21:53 : Announcement 24:57 : IWD 32:08 : Respect For Men (SuperChat) 47:00 : External Validation 53:26 : Nala Ray Preamble 57:58 : Nala Ray 01:42:03 : The Female Protagonist In Sex Like Explicitly Said To Her Husband That She Didn't Want To Do Super Sexual Acts With Him 02:05:54 : Book Recommend 02:07:59 : Dating Violent BPD Woman 02:11:54 : Butterfly Note 02:13:13 : Former Representative Taylor Greene Did To Her Husband And Family 02:16:08 : Hardcover Book 02:18:02 : Announcement 02:20:50 : All Those Kinks Sting Love Devait From Natural States 02:24:43 : Can A Woman Lust U And Love U At The Same Time 02:25:13 : Frame & Religion 02:32:54 : Serious Or Troll 02:36:24 : Misogyny 02:57:23 : Lost Boy Deadly Men 03:33:35 : Amog (SuperChat) 03:35:05 : Should We Have A Minister For Men And Boys 03:38:10 : Summation 03:40:14 : Announcement 03:43:11 : If A Man Is RP And Then Decides To Be Voluntary Celibate And Swears Off Dating On His Accord Is That Man Enlightened 03:49:16 : Shoutout 03:54:56 : Outro Music Jevani Sanders - Best Head Of My Life,False,True,keyword,0,0,0,,0,0,0
Ugxhh66FL2yilP2pX3d4AaABAg.APDS5JYYJXrAPEYs0AtHhW,Rollo Tomassi,"True, marxism is old. 200 years of failure is more than enough. I think marxism is just a figleaf for antiWhiteism",True,False,random,0,0,0,,0,0,0
UgwIeQRdlu8uZQS9Uwl4AaABAg.AXZqkHqSdO9AXbaafyP30Z,Entrepreneurs in Cars,"Same here. Once the (female) counselor heard my side of things and started questioning the nutsy behavior of my ex, she refused to go back. Woman who go to counseling are never looking for good advice--they are looking for someone to be on their side in blaming their husband and justifying their break-up.",True,True,keyword,1,0,0,,0,0,0
UgyTzjUyoK7LPVNqLP54AaABAg.ACy2b542FwDAD1OzHLebpJ,Rational Male Clips,Learning that they hardly ever want to be intimate with you without a manipulative reason behind it made me lose interest completely. It is usually to try to control you or manipulate you or baby trap you. Even if you are in shape - tell them you have had a vasectomy and watch how their interest level falls off a cliff.,False,True,,1,1,0,,0,0,0
UgwKjmmAfG9iWVF32HF4AaABAg,Entrepreneurs in Cars,"Truth. I spent many years in a sexless contentious marriage with a miserable woman. It wasn’t until things finally fell apart, and I found the red pill (and Jesus) and purpose before I transformed into a new man. I won’t make that mistake again.",False,True,keyword,1,0,0,,0,0,0
UgyxWy3GA3UqpLQn3L14AaABAg,Rollo Tomassi,Watching this because of Aaron Clarey ! The best in the red pill !,False,True,keyword,0,0,0,,0,0,0
UgwHczcQL5zlqB7Oq8Z4AaABAg,Entrepreneurs in Cars,"Both Carr and Rich do the same thing, ignore the fact that men are reacting to something. Ignoring that allows it to be framed as the men are in the wrong. Also allowing the actual wrongs to continue. The problem starts with a 'W' and their rights and privileges is the cause of it. Because both men focus on the wrong thing, the problem won't change.",False,True,keyword,1,1,0,take away rights and privileges?,0,0,0
UgwLYtFQ-rlXf1ob7OZ4AaABAg.AV9-tFbJT9KAV95RnptjO0,Entrepreneurs in Cars,"And you think that makes sense from what a dude said 10,000 years ago, bud? Lmao. And what is the scale of what makes someone qualified?",True,False,random,0,0,0,,0,0,0
Ugzez3oVKT1l-tiyvG94AaABAg,21 Studios,No marriage No divorce No Alimony No child support Result happy life... 😎😁 #mgtow,True,False,,1,1,0,"Suggests not marrying etc nbut I don’t sense male grievance, he seems happy",0,0,0
UgwbNVtzS62ZmC6mjVF4AaABAg.AXsVK80CWm6AXxYOrGv2PE,Entrepreneurs in Cars,"@Bluninja218 my point is it needs also to be made clear the context the context was the target black players not white players, but specifically black players and she also spoke to putting it in black women’s faces and attempting to make them look bad in front of people. So it’s a proper context that I’m speaking to and which she actually addressed he didn’t actually say it. So I’m speaking to something that is directly towards me and my people is their problem. It seems that every time black folks say something or stand on business. You all have a problem with something.",True,True,keyword,0,0,0,,0,0,0
UgzWfwRbK7ojCaGXyQd4AaABAg,Rollo Tomassi,I love not caring about women im saving so much money t,False,True,keyword,1,0,0,women cost men?,0,0,0
UgxIcksXeAVUYiOadVx4AaABAg.AW9KGT5KLA1AW9PsWWrHPX,Entrepreneurs in Cars,"@iammaximus614This persists because the male opinion or desire means nothing to her & it is all her choice or sentiment that exists. Once men learn this, they're freed from the tyranny of chasing, because its a falsehood.",True,True,keyword,1,1,0,,0,0,0
Ugyl4q5W2lcGnCvx3wx4AaABAg.9kBN3cOEmKJ9koaGw0ulOh,21 Studios,"@chrismckell5353 I Believe You're Absolutely Right. We did however see a Massive push to really get things moving between 2012-14 (then of course the years after that have been worse) and not just in the education system. The new student classes of Psychology, Psychiatry, Medicine and All Social Sciences Especially. That march towards Socialism has Never been successful (except maybe in Norway, it's late 🤷🏼‍♀️. Wherever it is, it's starting to crumble) it Always leads to Communism. That's Not Me Stating it, It's the History Books (those that aren't being completely messed with anyway🙄) stating it. I'm so Grateful everyday watching my kid's, they're far from the ""Norm"" of today. Even my youngest who's a Senior. Have a Lovely Day/Night 😊",True,True,keyword,0,0,0,,0,0,0
UgwEEc6paKU8M2rUtM54AaABAg,Rollo Tomassi,The Femosphere is just exposing what's been going on for the better part of the last 60 years and proving the Red Pill correct. And ​​the 'Femosphere'...is there ANYTHING women can do without plagiarizing.,False,True,keyword,0,0,0,,0,0,0
Ugyt9Xlohzf_jr1gjtF4AaABAg,21 Studios,Easily one of the most insane court cases in decades.. this man needs justice..,False,False,random,1,0,0,,0,0,0
UgyT2b9TD9RI_kAqbQN4AaABAg.AC6oShtzjRHAC6qHMK9Yxn,Rational Male Clips,@no-bozos She also credited men behind the scenes that really bolstered and helped without seeking glory or credit.,False,True,,0,0,0,,0,0,1
UgyDBQuRut3ZzIkdsuN4AaABAg,Rollo Tomassi,1:37:13 - religion --> antropology --> ethics --> law --> human rights male entforcement is the basis for any law and any order,False,True,keyword,0,0,0,,0,0,0
Ugy2Bao4X6x5ybnZxo14AaABAg,21 Studios,That's exactly the point... It's unsustainable! That's the plan and the end game grand finale. Stop pointing out the obvious and begin taking action.,False,True,,0,0,0,,0,0,0
Ugx36vnvQbxkxUM_ZTV4AaABAg.AWw8AFxUPpqAWwTNyZaivE,Better Bachelor,"Actually, hinge allows you to filter by race, but otherwise yes.",True,False,random,0,0,0,,0,0,0
UgxSFL3NOUwmo6W6MTp4AaABAg,Rollo Tomassi,Rollo deserves his flowers but it's like he is the dark knight here. The world won't give him the props he deserves. But he's a professor of a uncomfortable culture...he's ment to be in the shadows I think,False,False,random,0,0,0,,0,0,1
UgxrLtvXJV8Lvh0UN4t4AaABAg,Entrepreneurs in Cars,"One of the 1st few episodes of ""the man show""... Adam Carolla and Jimmy went around asking women if they wanted to sign a petition to end ""women's suffrage"" 😆😆 almost ALL of them signed 😆😆",False,True,keyword,0,0,0,,0,0,0
UgwGZOFdtOZZZrXitD94AaABAg,Rollo Tomassi,"I'm 56 years old and got my red pill eyes opened about 8 years ago through divorce. I just wanted to say to any young men below 30, you have no idea what a gift this is to have these dudes leading you in the right direction. Most of us never had anyone tell us how the world works, and for us born into the tradcon way of life, we just expected shitty marriages and work your entire life for hateful wife and kids. Consider yourself lucky if you are young and get your eyes open.",False,True,keyword,1,0,0,,0,0,0
UgwHLHZXne-PXDfnukV4AaABAg.AWewoO0n5sCAWi5ICnpjoH,Better Bachelor,@georgetubb9124not only that but people think women's standards change drastically irl. No they dont at all. Some few men can date easier IRL only because they are actually visible irl with the ratio. If you struggle online dating or online in your area then that means you're gonna struggle irl most of the time because the barrier of entry is high.,True,True,keyword,0,0,0,,0,0,0
UgwygkDeMb4-H8yA9ch4AaABAg.AXHYwBSiUnvAXH_PbKDBp5,Entrepreneurs in Cars,@trevorr8834 yea I agree what else are we to do,True,False,random,0,0,0,,0,0,0
UgwUBEFym_E612lNkp14AaABAg,Better Bachelor,They are trained to do this because the goal is to destroy capitalism.,False,False,random,0,0,1,,0,0,1
Ugwkv6LSKrSfFjqEfjB4AaABAg,21 Studios,"You guys need to come to Las Vegas , men here are struggling and they see me as toxic masculinity.",False,True,keyword,1,0,0,,0,0,0
UgyLR9EgpZnpCMBKott4AaABAg,Entrepreneurs in Cars,"My ex-wife started that girls night out crap. Now she is ex, my (adult) children have gone no contact, and I'm happy with my girlfriend.",False,True,keyword,0,0,0,,0,0,0
UgxaXc-5M3K1VQfxg0h4AaABAg.AZAc9CiC765AZAo2lHMkOQ,Myron Gaines X,"Iran takin hits but for amerika being the “ superpower” of the world is gettin their ass kicked very hard , only our mainstream media don’t show this shit and when muslim’s fight back our name is “ terrorist” in the mainstream media",True,True,,0,0,0,,1,1,0
Ugy1dAuwdws4KpRaZ8x4AaABAg,Rollo Tomassi,"Blaming technology for destroying the family, and not of feminism, is like blaming guns for killing peoples instead of people who killing others via the use of firearms.",False,True,keyword,0,0,0,,0,0,0
Ugxn93_x9QLgzYRWYhN4AaABAg,Rich Cooper Clips,"The UK is culturally different from the US and people are often wired a bit differently because of that. Hypergamy may be a universal concept, but you still have to take local culture, customs, and values into account. In Tyson Fury's case, it's also important to remember that he comes from a Traveller/Gypsy community, which tends to live more ""unplugged"" from mainstream society. The social expectations and family structures can be quite different from those found in modern Western culture. Men are generally expected to be strong providers, while women are often raised with a strong emphasis on loyalty, family, and supporting their husbands. Reputation also carries significant weight. If word got back to Tyson Fury's wife's father that she was behaving in a way considered inappropriate, it could reflect poorly not only on her but on her wider family as well. In communities like that, family honour and reputation can be taken very seriously.",True,False,,0,0,0,,1,0,0
Ugw-NQTel7Yqq7FDfbN4AaABAg.AUqYS5d74HrAUqcGLGeUuc,Better Bachelor,Case in point: abortion. Our society is so simptastic that we think a woman's feelings are more important than the life of a child.,True,False,random,0,0,0,,0,0,0
UgzKO0R4hR6xqPsAfOl4AaABAg,Entrepreneurs in Cars,I've been saying this since the 90s when 3rd wave kicked off.. but got push back from just about everyone,False,False,random,0,0,0,,0,0,0
UgzN8vFYMu2nxZ9gTRt4AaABAg.ARVzdUejvaZARW08vNes25,Rational Male Clips,Watching from Australia and having a Filipina gf. Rollo tells you word for word how it works and every time she throws a female nature shit test at me I can't stop giggling and the gf gets cranky at me until I explain that I have been waiting for this shit test and wow don't Filipina's have a lot of shit tests to throw your way.,True,False,,0,0,0,,0,0,0
Ugx31egvuQCqpGvHstd4AaABAg.AVoRMwjYxu3AVpUYyPvtuF,Better Bachelor,@kagetsuki23 If men have to pay for babies then I expect women to pay for literally all of infrastructure.,True,True,keyword,1,1,0,,1,0,0
Ugwf6ps7-Ms9CRJP-wN4AaABAg,21 Studios,"It’s a sad world we’re living in during this times. I shared this with my husband and my teenage son. Please continue spreading the truth about what is happening, and how the enemy is seeking to destroy our men.🙏🏼",False,True,keyword,1,1,0,,0,0,0
UgzYlmC7Xem_wHOTQGd4AaABAg,Rollo Tomassi,The pod class we needed thanks Rollo!!! We need men to be MOA and also reignite!!!,False,True,keyword,0,0,0,,0,0,0
UgyvRgru3nqpElp6Jnh4AaABAg.AU7MzgQCMG3AU8Q03JoB5f,Rollo Tomassi,"If you have a Christian neighbor, they are just good people. They do less harm than others for sure. And they have a weekly meeting where they meet others and try to help them. There are a few positives to it whether you believe it or not.",True,False,random,0,0,0,,0,0,0
UgwdFTr3f7jJx8CIrlt4AaABAg,Entrepreneurs in Cars,"Gentleman If you have a female friend that is trying to set you up with her “fantastic “ available friend, she is actually suffering from friend fatigue and is willing to sacrifice your life for her piece of mind.",False,True,keyword,1,0,0,,0,0,0
Ugx469TEXCbr1C7LI914AaABAg,Entrepreneurs in Cars,"After my divorce, my kids were 5 and 7, after a few mistakes dating, I quickly learned I don't need to bring another women into their lives.",False,True,keyword,1,0,0,,0,0,0
UgxPhi3GhU8db6AzTzt4AaABAg,Better Bachelor,"21 years together, 19 years of marriage, two great children a pre teen and teen. Last week, out of the blue, life destroyed when hit with divorce. One of us is over 50 and the other just under. I was like WTF. Right now of all times…. how about we take the money for lawyers and go away for a week and reconnect. Nope, she says I’ve already found an apartment to rent. These “no fault” states are actually part of the problem. No mandatory separation period, no mandatory counseling, females filling for divorce goes up around 59% during menopause, it’s called a menodivorce! No I have to scrape myself off the floor after feeling like Ray Lewis hit me at full speed blindsided!!! 🤮",False,True,keyword,1,0,0,,1,0,0
Ugy7Ed7NPbTzm-_fi_Z4AaABAg,21 Studios,"In ....All..... communities. But some of These relationship's are overtly sick... ...,.. He ain't Won NOTHING by Himself..... nothing team Wise",False,False,random,0,0,0,,0,0,0
UgwUNIlkj3D3_pdKRK14AaABAg.AVsgpCllCPZAVtKQHANA6Z,Better Bachelor,"lool they signed up for it, government and losers fighting wars for corpos/bankers can rot idc",True,True,keyword,0,0,0,,0,0,0
UgzaRmqMUgIu5bD7vrZ4AaABAg,Entrepreneurs in Cars,"Yeah it's at the pub with ya mates and get home drunk and go i don't drink don't smoke don't gamble ohh!! Shit I left my wallet and smokes at the pub?it's rebellion rebellious nature freedom to be free as your pituitary gland the smallest organ in your body in your brain which produces the chemical testosterone and estorgen and suggest the evidence kids todays generation narrative have changed since audible devices addiction addictive dopemine drug chemical addiction leads to bigger things of addiction drug addiction crime antisocial behaviour domestic violence and all the things in between with todays generation it's to teach our kids to is stable environment to learn from life's experiences learnt to life's experiences to learn as teach our kids,you have to learn to be kind to yourself before you can be kind to others values honesty naturally respectful personality growth common sense logic reality ,reality bites",False,True,keyword,0,0,0,,0,0,0
Ugywu1442dGC5bZZ4aN4AaABAg.AYF47QHTCEZAYFR3pHrQth,Entrepreneurs in Cars,@kim.rose1888I've seen a lot of videos with women around him. He's had the mothers of his kids around before too. He just stopped after the false charges. He realized he was putting his family in danger by having them on camera.,True,True,keyword,0,0,0,,0,0,0
Ugy6LfaCjFk8HFMEvRN4AaABAg,Entrepreneurs in Cars,Hollywood has everyone wrapped around its finger.,False,True,,0,0,0,,0,0,0
UgxtrzY663p8r4hIpAh4AaABAg.9m1tblVnAMN9m20vFaYC3Z,21 Studios,"@Ozzie_Mandias Good start... 1, she lies to you; 2, she lies about you to others; 3, she uses you; 5, she abuses you; 6, she cheats on you & abuses your children while you are at work. This is what modern western women have been trained to do by left wing feminism.",True,True,keyword,1,0,1,,0,0,0
UgxlIXkORFjkRvh5llt4AaABAg.9ldDnrpv_HL9ldX4NVAF9x,21 Studios,@BPchadlite switch them out for a woman and u will notice its the same feminist nagging just man up just improve more just simp for me just settle down for me. they dont care at all about men. they just want men to support the feminist system before it collapses,True,True,keyword,1,0,0,,0,0,0
UgxAtEyohIuxApo2QWF4AaABAg,Rational Male Clips,The Alpha Widow dynamics is key. That’s why you need to see if you can out alpha everyone. Account for the cognitive dissonance.,True,False,,0,0,0,,0,0,0
UgywP8LcHtXBCz4xmOR4AaABAg,Rich Cooper Clips,"In modern times, I have seen many children have gone astray in strong two parent households. Sadly, it's a completely different world now. Hope you guys remember Arnold Schwarzenegger's movie True Lies, all the way from 1994. There is a quote, ""You're not her parents anymore, you and Helen. Her parents are Axl Rose and Madonna. The five minutes a day you spend with her can't compete with that kind of constant bombardment. "" This was before the internet, smartphones, and social media. We need to understand that the power and influence of media entertainment complex is unimaginably huge and vast. It has been systematically brainwashing humans for many decades. Degenrating and corrupting women have been one of their prime objectives, and they have achieved it in big times.",True,True,,0,0,1,,0,0,0
UgxoORtqtax04AsXojV4AaABAg.9ntDx87Tfka9ntFD6W7-iF,21 Studios,"No matter how hard you simp, she still wont fook you bro",True,True,keyword,0,0,0,,0,0,0
UgyFWMSn2mGEc2XuPZ14AaABAg.AWHPrS94Pt9AWP0PHJfl6i,Better Bachelor,No it wasn’t. The government has been moving toward authoritarianism since the beginning of the 20th century. Maybe sooner.,True,True,keyword,0,0,0,,0,0,0
UgwNCLhV06OcwOVAKtV4AaABAg,Entrepreneurs in Cars,I have always followed this rule. Just be nice and walk away. Don't waste brain cells over something you can't control..,True,False,,0,0,0,,0,0,0
UgyhnsSeEuptv2jUv4l4AaABAg.AR2hjlWNSwxAR4732OgRGA,Rollo Tomassi,Traditional conservatism is about being chivalrous. It is about men rolling out the red carpet for women (or placing them on a pedestal) especially their girlfriends or wives.,True,True,keyword,0,0,0,,0,0,0
UgwhjzRw6K1Tc6vk21p4AaABAg.AWAFetn5xSLAWAGFGOn141,Better Bachelor,"Including the men. I was in a discord with 24 year old men. They don't care at all. I showed them the recent Cambridge study, they bent over backwards denying it. They listen to the feminist doctrines and do it to themselves, & to us all.",True,True,keyword,1,0,0,,0,0,0
UgxVHorxZIH6e0CoHf14AaABAg,21 Studios,"Calling women names is a simp move, though. But I get it, the entire manosphere is a weak, insecure, immature, unsustainable culture of bitterness and arrogance.",False,True,keyword,0,0,0,,0,0,0
Ugx1z4QkF_DykAgWM-J4AaABAg,Rollo Tomassi,"I’ve heard Rollo and Mike both day “I feel like…” plenty of times before but it is few and far between. And I’ve caught myself saying it before but like I assume with Rollo, Mike, etc., it comes from the gut feeling you get, where your life experiences have wired your brain to pickup on an error with something but you either can’t or have not had the time to formulate a logical response, but your subconscious is running the pattern recognition programs in the background and the sirens are going off. Which is different than the emotionalism women speak when they use the “I feel like…” statement. After I learned this years ago from Rollo I am ALWAYS paying attention to the “I feel, I think” statements and who they come from.",False,True,keyword,0,0,0,,0,0,0
Ugxnlv5NKF7pMxAOQnF4AaABAg.9pgRrL1FTqJ9qnYm3pG6sr,21 Studios,@Ro-wc1ug pursuing a career is any bodies right. If a man and a woman apply for a job the woman will be chosen over the man based on positive discrimination rules....privilege.,True,True,keyword,1,0,0,,0,0,0
UgxgDGVJgfiI_8TvvuN4AaABAg.AWaZ1TRyR5eAWhaQv459DA,Rich Cooper Clips,"AGREE. Govt is the problem. Canada is a mess. Decades of this now. Remigration now. Homes - Its all over priced...bring on the crash asap...the damage is done. And it did not start under Turdo 2...over 20 years of this mess.... For 150 years home prices went up and down in price properly, with inflation, job raises....reasonable, slight increases 2, 3%....sometimes minor decreases... all fair and affordable. Starting around the year 2000, prices started to spike up, 25, 50, 100, 200, 300% while interest rates went to almost 0. And now look at the mess you greedy government parasites, unions, bankers have created. Mass immigration, major government growth, taxes - spending – debt – control..., super low interest rates = crazy housing prices......and crazy rent prices...poor Canada, what a mess created by all you greedy governments, political parties.....The only way housing prices get back to where they should be is a crash...bring it on.....the sooner the better. Right now, it’s all grossly overvalued. We have no-one to vote for. Liberal, Tory, same old story. Equalization ( govt money laundering)=(kebek takes over 50, 60, 70% every single year) became entrenched in his commie charter = kebek communist Pierre Trudeaus constitution of 1982. Since then, 25 years of Liberal govts have made things worse. 18 years of 'Conservative' govts, the exact same thing. Election fraud? YES, guaranteed. Why? Simple, they lie about everything. Who? Bigoted = Socialist = Marxist = Commie kebec runs the country, Ottawa...they are all over Queens park. $ This is the problem. ’French power’ in all provinces. They are revising, eliminating our BNA, UEL history all over the country as they rename, remove all things English, Scottish, Irish... ALL planned. “First Quebec, and Ottawa and then the entire country...” ‘French power...’ PET. $$ This IS the problem. Repeal the commie kebek charter, multiculturalism, bilingualism (code for french) – only outside quebec while kebec bans our language, history = bills 22, 178, 101, 96... They are revising, eliminating our BNA, UEL history all over the country as they rename, remove all things English, Scottish, Irish.... Stop all immigration now. Deport now. Kick kebek out = Fix Canada. HELP",False,True,,0,0,1,,0,0,0
UgxcNfHvGpi5QyxC3cF4AaABAg.AZbLGIk9xmWAZbLot9F9hS,Myron Gaines X,"So, Tates, who are against the government takeover and who advocate men to fight back, and who have tons of influence, and who already had everything checked for 3 year with no conviction got arrested by a country (UK) for some BS SA allegations, the same country that has no problem with helping 250k+ victim rapegangs hide from justice and who import into millions of rapists/stabbers and whoever. While also arresting thousands of people for social media posts especially for calling out the migrant crime issues. You also know that governments are f'ing you over, with taxes, corruption, inflation and etc. But somehow you still side with governments. You people are dumb sheeps. If they can arrest Tate, and freeze all his shit on a whim, and throw him in jail for years without conviction. What do you think they could do to you? Yet here you are, cheering. You are sheep.",True,False,,0,0,1,,1,1,0
UgwYLX-rGPE-QB3xhbR4AaABAg.AWw6KYdG5QbAWx9YyrG_82,Better Bachelor,"@stormlakebobcat9058 Careful, you all keep telling women to chase bears and PITA is gonna get pissed.",True,True,keyword,0,0,0,,0,0,0
UgwOr-37lxwpatCmkZ54AaABAg,21 Studios,"It's still amazes me that was so many men being screwed by the system, that they haven't gotten together and formed a small army. In many cases, these men have nothing to lose. There is nothing more dangerous than an enemy that has nothing to lose.",False,True,keyword,1,1,0,"Men screwed by system, should get together and form an army against women",1,0,0
UgwTIntTocUX3SaaI5l4AaABAg,Rollo Tomassi,"But hey, she gives some really good info if you really dig her content.",False,False,random,0,0,0,,0,0,0
UgyEZk1mcEcCA1fSVQt4AaABAg.AWeJgjWp0OxAWf1r9Mf3Tj,Better Bachelor,😵‍💫 Same and I didn't even start playing the game in the first place (early 20👌🏽),True,False,random,0,0,0,,0,0,0
Ugyr-AWtp_IA87FGwyl4AaABAg,Entrepreneurs in Cars,"Social media is poison for a relationship. Her ""friends"" will invariably be jealous and will do EVERYTHING they can to undermine things.",False,True,,0,0,0,,0,0,0
UgwWoiu1bkvRN1wnYUp4AaABAg,Fresh and Fit,"Women operate in a paradigm where men provide so much to them that women are completely oblivious to, they don't understand how the real world works because they live life on easy mode and never have to learn.",True,False,,1,0,0,,0,0,0
UgxHeKIuGva5_FE76it4AaABAg.AVMhkpJQQwMAVN83SjMGn8,Better Bachelor,"Good, then they can do what they're best at - on the street.",True,False,random,0,0,0,,0,0,0
UgxMAlKGDte1KF0f57d4AaABAg.AWfJS_S5ZAaAX6D3T7oH3p,Better Bachelor,"True. I live in a woke state and as a woman, women in health and administration have almost killed me. From wrong diagnosis, denial to give medical assistance, fakery in oficial documents. Who gave women rights to work in important job has put a gun to his own head.",True,True,keyword,1,0,0,,0,0,0
UgzT4PlpusU_eYEpAZt4AaABAg,Entrepreneurs in Cars,"my father is going through this exact situation and is in denial. he's 79 years old and married a woman 11 years younger than him. after 23 years she decided to call it quits and told him ""i don't want to be taking care of someone who's 80 years old and will get sick, i want to live my life"". I never liked her & always told him she's using him, even my grandma didn't like her. well now look they have to split the house in half & divide everything & he still can't wrap his head around the fact that he wasted over 20 years with someone who just went along for the ride.. oh I forgot to mention she was a single mother with 3 kids when they met years ago. Now that this is happening me & my dad have been closer than ever, but it still makes me sad because all the time wasted with the wrong woman now he decides to get close with me.",False,False,random,1,0,0,,0,0,0
UgzUdUggkO8vJOWjnIt4AaABAg.AVjA3UnAOFZAVjNp0Ap-O0,Better Bachelor,"@AmericaRocks1969Everything i was told about women as a child was wrong . The more i understand women, the more disgusted i become about them. So much lies...",True,True,keyword,1,0,0,,0,0,0
Ugwiqh1uPQpnF-ZLuP94AaABAg.ATI0eNkEpveATLBn2nysW_,Rollo Tomassi,Here is the elaboration: Infering things that's not there. Bodybuilder interview was much more real than Brett Coopers smile,True,False,random,0,0,0,,0,0,0
UgwMVBJ2XQTCJ2wO65Z4AaABAg,Better Bachelor,"It's SO difficult to think well of women these days. They are SO propagandized, ready to jump on ANY internet trend, and will take ANY excuse to hate on men, and treat them badly, even if it doesn't make sense! This is just another flavor of ""metoo""...",False,True,keyword,1,0,0,,0,0,0
UgyQxfOqe8Szh6bkk0t4AaABAg.AVHIu62djI2AVMx1YPeF7H,Entrepreneurs in Cars,"Money doesn’t matter to me. I’ve been poor my whole life, lived in extreme poverty my whole life and literally learned how to live in the woods on minimal income WITH a disability. I raise, grow and hunt my own food, I make everything from scratch, make my own cleaning products and work a part time job. When I met my fiancé he was making over 100k. He was framed for theft by his boss who was threatened by him as he was in line to take over the company they worked for. He went to jail and has been fighting felony charges for the past year, lost his job, lost everything. Now he works side jobs doing what he can to make a bit of cash under the table every day. I’m still here and I will never leave. I don’t give a shit what he makes. He could break his legs and never work again, I don’t care. God brought us together and only God can tear us apart. Nothing will get in the way of me staying with this man until one of us dies. You need to have faith. Good women and good PEOPLE are still out there.",True,True,keyword,0,0,0,,0,0,0
Ugz5pMG-ountT13n4PB4AaABAg,Rational Male Clips,Glad to finally hear someone tell the truth about the Anthony Bourdain situation. I knew it immediately and am disgusted how media always buries this issue.,False,True,,0,0,1,,0,0,0
Ugw5TyzLBGSP3RTeNOV4AaABAg.AO7SaLjYeiGAO7XgqE45ZD,Rollo Tomassi,"My suspicion too. She gets a _massive_ boost in the algo. _IF_ she is arrested and _IF_ she is prosecuted the most she will get is a minor slap on the wrist, like 6 months probation and a fine which will of course be paid for by some rich cuck/simp and the world will keep on spinning.",True,True,keyword,1,0,0,Minor slap on the wrist if convicted and fines paid for by men,0,0,0
Ugx6pVoP5jzA2hjJ3xh4AaABAg,Entrepreneurs in Cars,"She gave up on one marriage, why wouldn't she give up on another marriage?",False,True,keyword,1,0,0,,0,0,0
UgxEc-MIn5LQl8eJvlF4AaABAg,Entrepreneurs in Cars,"If it's the first marriage for both & there's no significant wealth involved, then no prenup makes sense. In this situation, the man is right to require a prenup. If she doesn't agree, then she needs to walk away & find another man who will support her & her kids & risk 50% of his assets.",True,False,,1,0,0,"prescriptive advice about how men should act financially before marriage,",1,1,0
Ugw1Tm0yYGUGMp8cbE14AaABAg.AO-eralR4kSAO_erOSXqIm,Entrepreneurs in Cars,"Awesome comment. We have to be careful, so very careful.",True,False,,0,0,0,,0,0,0
Ugz9U25rveRV1kf3eJt4AaABAg.9l9LIwxc_7M9lBpUv6ahBL,21 Studios,"100% agree! I just turned 30 this week. Married when I was 21. Birthed my daughter at the age of 22 and my son at 25. Looking back, I think it was the best thing spending my prime years doing what I, as a women, was born to do! In the modern world, I still (theoretically) can study and work when my children are less depend on me (around 12-15 y.o.). But I fulfilled my biggest goal in life already - and no study, no degree on earth would replace my family.",True,True,keyword,0,0,0,,0,0,0
Ugz3jLshFjliF6JBJXh4AaABAg.AWH75HyTDu_AWMT57Kh5q_,Entrepreneurs in Cars,"One mistake EIC makes is that he assumes single moms are divorced. He overlooks how many boys are being raised by single moms who were never married, especially in the black community. Gangs weren't a big problem when there were dads in the homes. Now a woman can have a baby and feel no shame about raising it alone. In fact, they're getting all the support they need to do so.",True,True,keyword,0,0,0,,0,0,0
UgzYC9Vepc_-XQvwnfh4AaABAg.ARPafCt-ymbARQDOKaqyoK,Better Bachelor,"This apocalypse is no prophecy, it was planned. You can see it coming and who wants it.",False,True,,0,0,1,,0,0,0
UgzBekTFKE4RkoNlzzR4AaABAg.9kvVHPUyovo9uT-fHFZk4Y,21 Studios,"Some do, but no where near in proportion with men. That and the fact women have options. They can have a career, be a stay at home mom, work part time, or just be a full time home-maker. Men in general dont have that privilege in society. Thats the way it is, men are better suited for it than women. But it sure as heck would be nice if men werent always put down and demonized so much on top of it.",True,True,keyword,1,0,0,,1,0,0
Ugz4CJDZzQEMTBvZVg54AaABAg.AXJBML2NswBAXUl8IhUqKD,Better Bachelor,Many women feel the same way - much less stress.,True,True,keyword,0,0,0,,0,0,0
UgzC7szVt2k_-vUGnvt4AaABAg.AYYo3f91GnEAYYyuoDi6wQ,Myron Gaines X,modern women black pill is unimaginable levels of depressing. we have to not think about it too much...,True,False,,0,0,0,,0,0,0
UgyqwLZZrE2RVBadRv14AaABAg,21 Studios,"this is aweful! I think the system wants to destroy the family unit: because men now will never ever want to marry or even live together or even date a long time. In ontario a court ruled a man needs to pay a woman $50,000 per month just for dating her. They didnt live together, were not married, but because he bought her gifts, she told the court she got use to the gifts and wants them to keep going, so the court ruled sure why not. So now for 10 years he has to pay her that every month or go to jail.",False,True,,1,0,1,,0,0,0
UgzYOyQJZWVOgU-pIOJ4AaABAg,Rollo Tomassi,2:54:42 I audible sighed because of that I despise that narrative smfh and I have “gay “ friends,False,True,keyword,0,0,0,,0,0,0
UgwVgeZqqpIo04ptEpx4AaABAg.9kZWmr1cGFW9k_KuM-p0LY,21 Studios,@uncommonperspective5103 in this case even mothers lose their kids for not agreeing to it. It's happened to both. Whichever parent will sterilize the child is the parent who gets custody,True,True,keyword,0,0,0,,0,0,0
UgxV9-UbzbynM5N5rFR4AaABAg.AWTtawNngl-AWU--ZeWE4s,Better Bachelor,And of course... the company wouldn't admit to the victim that they'd looked at the website as well.,True,True,keyword,0,0,0,,0,0,0
UgwBywyxPliywcPEPQ14AaABAg,Entrepreneurs in Cars,Men have been so indoctrinated by the matrices that we can’t even see reality with our own eyes and trust our own instincts.,False,True,,0,0,0,,0,0,0
UgxdzHp-Cx0OyW7l1VF4AaABAg,Entrepreneurs in Cars,"1:05 instead, “I was sent packing now, before marriage, with absolutely nothing, exactly the nothing I brought to the relationship to begin with.” 🤦‍♂️",False,True,keyword,0,0,0,,0,0,0
UgzxD_kzaSEl583SerF4AaABAg,Fresh and Fit Clips,"It’s amazing to me how Myron breaks it down and they still don’t get it. The psyop runs extremely deep. These women will never understand unless someone like Beyoncé , or Taylor swift says it . Then they listen .",False,True,,0,0,1,,0,0,0
UgyeRmutUIPR9-eTtqd4AaABAg.9kxNuyq4ozO9kxOEsjRZac,21 Studios,"You knowingly follow weak beta males, hiding behind a monkey avatar on Youtube, living with yo mamma, and yet you wonder why the world is burning down.",True,True,keyword,0,0,0,,0,0,0
UgxsAcLX1sSFKH3lIFh4AaABAg,21 Studios,""" women don't care about the struggle, they hang out at the finish line and fuck the winners"" --- Cooper-- No one is coming to save us guys... stay strong.",False,True,keyword,1,0,0,,0,0,0
UgyHak43yOkn7uxupzx4AaABAg,Better Bachelor,"The bible makes it very plain that you don't put women in charge, and you just have to take a look around to see the proof of that.",False,True,keyword,0,0,0,,0,0,0
UgwuxhiVV8pr0iLVMMR4AaABAg.9s-f_wrGMGH9sBUjWL94jN,21 Studios,"Women can't stand when they are held accountable, they become defensive and say things like...""well men do it too""",True,True,keyword,0,0,0,,0,0,0
UgxqQBOv20oDw8Ynx9l4AaABAg.AVCCsaRr9l7AVDBRFJosY3,Better Bachelor,Actually they will though because either they cause global society to fall or the West to be conquered and in either case the men that rebuild or take over will remove all their freedoms again. Just like after Rome fell.,True,True,keyword,0,0,0,,0,0,0
UgyGkkWmcjz_G8cAxEp4AaABAg,Better Bachelor,"We, as men, are using videos like this for therapy as well.",False,True,keyword,0,0,0,,0,0,0
UgyU8wPZGx4luMuPcid4AaABAg,21 Studios,I don't think love is the driving factor. The driving factor is which guy has the most resources or who she thinks will be the best father.,False,False,random,1,0,0,women only care for securing resources,0,0,0
UgzMfve9py2VeOArbzV4AaABAg.AVjN80kQFiMAVkcTUhBxgx,Better Bachelor,Number one stop them from voting anymore. Look what they have gotten us into. I am sure men were put here to protect women from themselves and protect society from women.,True,True,keyword,1,1,0,,0,0,0
UgzFRMGFzlI869eg2e14AaABAg.AZ8dktPYQXGAZAHiPFYUu8,The Free Agent Lifestyle,@SteveC484at least bf can walk away.for now .soon it will be law similar to divorce in 5+ years relationships,True,False,,0,0,0,,0,0,0
UgxxhgI3WNmHdkq4IAN4AaABAg,21 Studios,I love that men are so awful anymore they try to distract from all the horrible damage they’ve done by pointing at women.,False,True,keyword,0,0,0,,0,0,0
UgxrbLtciuIH4KBHzDl4AaABAg,Entrepreneurs in Cars,"Retired Hartford Cop. Many Domestic Violence calls were initiated by the female. It doesn’t give a man the right to return abuse. However, What I noticed, anecdotally, was when both party’s were facing arrest, the man would plead for the cops not to arrest his gf or wife. So, as cops, we would comply with the request. Thus the D/V statistics were skewed.",False,True,keyword,0,0,0,,0,0,0
UgzRGB47nVTMqwdd4o14AaABAg,Better Bachelor,OFs: where women get paid far more than men but then argue there is a wage gap.,False,True,keyword,1,0,0,,0,0,0
UgzHaETg7niDwqLL7Hp4AaABAg,21 Studios,"Well, mommy needs to have her boy taken away from her and he put under full custody of his sane dad.",False,True,keyword,0,0,0,,0,0,0
UgxfHeN5dZqtEZN5USZ4AaABAg,21 Studios,I very much enjoyed doing this interview with Ayindei. Looking forward to seeing him at 21 again next year!,False,False,random,0,0,0,,0,0,0
UgylxrxEcUNDhZEsJp94AaABAg,Better Bachelor,"I've only had a couple of bad male bosses, but ALL of my female bosses have been terrible.",False,True,keyword,0,0,0,,0,0,0
Ugwm4QRHcbQicbFc3zB4AaABAg,Rollo Tomassi,"Real, been zeroed out so many times. Life always humbles us",False,False,random,0,0,0,,0,0,0
Ugyf8Ay65ecGhU4DK6x4AaABAg.AUsD5Hs8rZQAUt1p2J6IMy,Entrepreneurs in Cars,I like the excuses men come up with just to chase younger women and not look like a creep!! 😊,True,True,keyword,0,0,0,,0,0,0
Ugww6I92t6tjXQjtk1h4AaABAg.9mkmr2ISbbC9muWE4LOdIP,21 Studios,"@rodprops The ones that live [to the best of their ability] & adhere to a biblical creed to honor Christ but are quickly stoned by the ""DON'T JUDGE"" crowd & scoffers like yourself.🤷🏾‍♂️",True,False,random,0,0,0,,0,0,0
UgyTZqmmQi0B6DXGJGN4AaABAg,21 Studios,Men should listen and take heed of this advice. This is so scary because it’s so true and actually happens. Thank you for sharing this.,False,True,keyword,1,1,0,,0,0,0
Ugw5yNg9ykI_VouT76x4AaABAg,Rollo Tomassi,"Good content. I am STEM and I am currently not really looking for a woman for an LTR. Normally I run into land whales, self righteous, or masculine. But I know that in my field there is a real shortage and many of us are checking out after hitting the f you money section. That creates more shortages. Good luck keeping OnlyFans going. As for AI, this is a game changer in that people are already using it in corporate. Women go into a lot of the cost center sections. I showed a manager how they can take our HR policy with a performance review with labor law and other inputs, does not need HR at all. Amazon already started on their goal to get down to one HR rep per district. The real reason there is pushback to AI, its already affecting the college educated women crowd. Don't get me started on what is happening in nursing.",False,True,,0,0,0,,0,0,0
Ugx3m6s6UBmO00-VXX54AaABAg.AWG59L_F_nYAWsGot286TF,Rich Cooper Clips,"@mr.joshua204 My man! Stand up so we can applaud! MOST IMPORTANTLY, you learned a life lesson to carry you through the next 50 years. Make sure you pass your knowledge on to your son!",True,False,,0,0,0,,0,0,0
UgzTeMyl2jmfL_pR4394AaABAg.AWAIBxSi-_zAWANmaoMuJ_,Better Bachelor,"nope, wrong, not, fake news. etc Chad n Tyrone NEVER pay and time is not a factor to them. only Simps / Bayta males pay",True,True,keyword,0,0,0,,0,0,0
Ugxs5q84ldlHmCEkC3R4AaABAg,Better Bachelor,"If I see ""women-owned company"" plastered all over a product's packaging I will buy a different brand. Enough women have driven me out of enough jobs....yeah. I do this now.",False,True,keyword,1,1,0,,0,0,0
UgzqSzfqjfkWa2LXbRx4AaABAg,Entrepreneurs in Cars,"no guy will ever know but there are hints, including how social/extroverted she is, how many guy friends she has, what college she went to, how often she goes out, how sensual she is, etc. A lot of girls end up telling on themselves and you'll realize if she has a high count or not.",False,True,keyword,0,0,0,,0,0,0
UgxTFR8jW0gBfRkPeQp4AaABAg.ATW_HMWuGHsAWIiT_FZr-C,Rollo Tomassi,"Very much this! If you have bad facial features, a ripped physique, luxury accessories, conspicuous wealth etc. is all gonna look way out of place on you. Women will react to you as if you're some kind of imposter: somebody that used ""legal"" means to obtain an entirely illegal result. To a woman, an ugly man can't be the legitimate recipient of so much as basic human dignity and financial independence, nevermind wealth and public prestige - God forbid sex and attachment. They think in simple, unambiguous archetypes: to them, an ugly man is weak, stupid, incompetent and socially undesirable by definition: by all ""rights of logic"" he should be way down the hierarchy at poverty, insignificance and most importantly subservience. If they see an unattractive man with some modicum of status, they think of that as a servile revolt. Soon enough, they're making him out to be morally bankrupt and probably broadcasting all manner of falsehood in order to aggrandize himself. Slander and all manner of ridiculous, fabricated accusations will follow on short order - because they squarely BELIEVE that it's their natural right, no less - to veto your quality of life. (And they'd shut down the brothels too, but if they could.) To them, an unattractive, but somewhat financially prominent man availing himself of what the free market has to offer, living unperturbed and independent, is virtually at the level of embezzlement: they hold themselves to be the rightful recipients of all excess wealth, at whatever terms they deign to set: it's narcissistic beyond belief. (They see themselves as the natural superiors in a pure master-slave dynamic - and a man living his life as best he can, instead of humiliating himself publicly in a desperate attempt to ""win their approval"" is gross insubordination, if not grand larceny.) Wealth augments sex appeal to a certain degree - inasmuch as both lend one a degree of social recognition, but they're NOT convertible currency. While sex appeal is a quick and easy path to attainment, wealth only begets sex when mediated by enforcement - as in the case of prostitution driven by poverty, fuelled by drug addiction, steeped in precarious illegality. (And mostly tantamount to sexual assault.) And ""game"" doesn't work either: not unless you're already somewhat acceptably attractive (read - facial characteristics, first and foremost). If ""confidence"" isn't backed by EVIDENCE, positive expectations translate into denial and false bravado: no one's buying it. But for the most part, take them at face value and stay the hell away from them. They're hardly overflowing with good intentions - and not a single creature exists in the animal world that is so base, useless and selfish as the human female; we're WAY past Briffault's Law, knee-deep in clinical NPD. And it's mostly incurable.",True,True,keyword,1,1,0,,1,1,0
Ugzm93yNdwhxjzg-UhV4AaABAg,Rich Cooper Clips,"We have to stop thinking that like us they are loyal for being there when we needed them. Like the song said ""What have you done for me lately?"" not what did you do for me before or to get us here.",True,False,,1,1,0,maybe 1b?,0,0,0
Ugzf3OJXWX5l4Z0pd454AaABAg,21 Studios,"Full speeches, free app download. Get 21 University now, the world's top school for toxic masculinity https://21studios.com/mobile/",False,True,keyword,0,0,0,spam,0,0,0
Ugzey8TpOOdbu7MJSA94AaABAg,Rollo Tomassi,Timestamps!!! 0:31 : Intro Music 01:58 : Intro Video Clip 17:14 : Chris Williamson 20:50 : SuperChat 22:13 : Announcement 25:30 : SuperChat 28:50 : Nala Ray Preamble 37:04 : Saving The Best 40:23 : SuperChat 41:58 : Tony Huge 43:37 : Saving The Best Continue 01:08:42 : Relationship Equity 01:13:20 : Every Women Is A Slut (SuperChat) 01:31:20 : Video Breakdown 01:50:52 : The Bratty Sister Vibe Before Possible Escalation Is Real And Also Useful While Others Are Watching (SuperChat) 01:52:50 : Relationship Equity Video Breakdown Continue 02:04:35 : Video Breakdown 02:52:41 : Reignite & Announcement 02:56:17 : Final Thought 03'05:01 : SuperChat 03:16:33 : Announcement 03:21:02 : Outro Music Jevani Sanders - Best Head Of My Life,False,True,keyword,0,0,0,,0,0,0
Ugzh49TBmJ88Ul65PwJ4AaABAg,Entrepreneurs in Cars,"So, the strategy is treat him like a human being with respect and desire... the fact that is conditional and transactional to women tells you everything you need to know.",False,True,keyword,1,0,0,,0,0,0
Ugwv0BLFZrWI8ur40At4AaABAg,Fresh and Fit Clips,the wall will bring perspective...& cats,True,False,,0,0,0,,0,0,0
UgxnXXspWb7P912Bd8B4AaABAg.AXFaDevhVedAXJLvrhMRCg,Entrepreneurs in Cars,@Dad_of_War I'm there at 49. I've had women in the past that I had relationships with and I didn't have to wonder if they showed interest or not. It seems older women refuse to put in any effort at all or I'm just getting old and ugly lol.,True,True,keyword,0,0,0,,0,0,0
Ugw5HRkOywFykyzANfN4AaABAg.9sDInjPWo-G9ssDsvoJMcB,21 Studios,@dannymeyer3256 Of course he has a problem. He watches 21 convention shit.,True,False,random,0,0,0,,0,0,0
UgxSqfgCTZaWZUQS6iB4AaABAg.9r6p0A22Wd79r7OooaGK5e,Rollo Tomassi,"⁠@trionoide2559 no that’s what I was before. I’m not resentful of women, because I know what they are, and what they never can be, and I understand their nature and understand what I have to do to be able to procreate, and how to move with female and male dynamics. It just because I am extremely thankful to rollo And fresh and fit does not mean I’m a Simp for them. Here’s a thought maybe I’m just grateful that I was still young enough to turn my life around and they helped that so I could have kids 🤦🏻‍♂️🤦🏻‍♂️. I’m not sexless anymore and I have a relationship and my money is going up but I think you want me to be that way and you want to think that because you for some reason hate the red pill.",True,False,,0,0,0,,0,0,0
Ugxj6XzSM9ajtpdrhFJ4AaABAg.AX-qCYzcSayAXEHXcSHmQw,Entrepreneurs in Cars,"Nope. 66% are women, so women had to have it around 2 for it to be 2. Remember that the study is 43 countries. We don’t know what countries and how many people in each country were looked at. So women saying this could make total sense, but could also be total bs. If we are talking about western countries only then it’s definitely bs. Even then revealed preferences seem quite off. Although women do change their mind all the time. So even if you are all those things they want, it doesn’t matter.",True,True,keyword,0,0,0,,0,0,0
Ugw_7dfu3WaZY9hTfOh4AaABAg.AOo3RUmbqSOAOo9qy1khVD,Better Bachelor,Basically the premise of every Feminist propaganda piece that involves men’s suffrage 🙄,False,True,,0,0,0,,0,0,0
UgxJtZeEzgZW4WuzTAB4AaABAg,The Free Agent Lifestyle,"13:42. -13:47 💯❗️”Land of the thief and home of the slaves.” Sit in family court and criminal court. Educate yourself. Guys go buy yourself all the toys be selfish because they don’t care, women courts the entire system is rigged against you.",False,True,,1,1,0,,1,0,0
Ugy_68oVlh2UC8WZSGl4AaABAg,Better Bachelor,"""Oh no simps and narcissistic women aren't applauding my narcissistic behaviour.""",False,True,keyword,0,0,0,,0,0,0
UgxzA2g9h5RUQkfphFJ4AaABAg,21 Studios,"There are no single men between the ages of 30-65 in any church in my part of Melbourne Australia. There are also no single women. I'm the only single woman that I know. It's like a post nuclear war horror movie, where I walk alone in the world looking for human connection, love and belonging, but it has been obliterated in the evangelical church.😳",False,True,keyword,0,0,0,,0,0,0
UgwKaRuto2e19HPdltN4AaABAg,Entrepreneurs in Cars,The OG is back. Thanks for amotner video and thanks for always keeping it REAL 💯,False,False,random,0,0,0,,0,0,0
Ugxbv0nC2626NLaa-Tt4AaABAg,21 Studios,"While I get where this lecturer is going, there are real problems with the tone: 1. he is sloppy with his terms, in one sentence equating ""slut"" with ""ho."" 2. Clean up the language! The use of curse words when you are trying to make a professional presentation is NOT ok---you demean yourself AND your audience. So, the general point he seems to be making is that women now have become more sexual (their ""body counts"" are way up), and 2. women are normalizing the practice of using their sexuality to get paid (i.e. Only Fans). There MAY be a trend, but he does not present any data to support these statements. He references a researcher, or someone ""Cortez"" who may developed this new bell-shaped curve, but again, no referencing of statistics (and that is important because people FREQUENTLY get this stuff wrong---we THINK we know what is going on but we actually don't. I have one more point to make: NO WOMAN, NONE of these ""pros"" would make a penny if guys would stop paying for it! Guys, blame yourselves! Stop paying women to whom you mean nothing! In other words, the solution lies not in women, a gender men cannot control, but in ourselves ...as men---we CAN control our urges, including stop paying for sex!",False,True,keyword,0,0,0,,0,0,0
UgxmUdAEE7jPGNYPahx4AaABAg.AVC2MSvEAlzAVCBRiJjSfY,Better Bachelor,In my experience most will completely avoid the title of feminism as they know its un popular but they certainly hold all the beliefs and staunchly comp[lain well until it benefits them to do something else.,True,True,keyword,0,0,0,,0,0,0
UgzkZry2503FFC5kYjt4AaABAg.AW93rNVmlMLAWDtcMEzgWI,Rollo Tomassi,"I've had this discussion with my wife and kids. I'm not necessarily against women having the right to vote, but it's definitely an inconsistency to have women demand equality in all things without them being expected to sign up for the draft.",True,True,keyword,1,0,0,,0,0,0
UgyCt8H66pznPOwFPxZ4AaABAg,Rich Cooper Clips,"I watched a lot of his videos and this one he is 100% spot on with everything he is preaching. It’s scares me how much he knows about the family law process. I practice family law for decades now and for you folks out there that’s in love and thinking it’s a good idea. I promise you it’s not. Don’t do it till the system is changed. Please take this one last point. No one going into marriage thinking they’ll get a divorce. They all think they find the one, it can’t happen to them, but it happens. Happens a lot.",False,True,,1,1,0,,0,0,0
UgxsYbw9GeEWjo_KAOh4AaABAg,21 Studios,Excellent message..👍 young men have gotten so lost from when I grew up in the 60s and 70s…,False,True,keyword,0,0,0,,0,0,0
Ugyd4IzDgChTQcPoXA94AaABAg,21 Studios,"I became involved with this woman. She went out of state for several months and surgeries. I do not look at her fb page. However she asked a group of us to pray for her health. One day she posted a pic of herself eating a Fat Burger the day before surgery on her guts. I told her not to do that, she fired back at me and blocked me. All the other guys and girls say things like ""You are so brave, you are my inspiration, you are showing us how to do it. It's all nauseating especially from the other guys. She craves attention and hates any criticism. Crazy chick.",False,True,keyword,0,0,0,,1,0,0
UgyadibAucc2KDoJ6GV4AaABAg,Rollo Tomassi,"If men need to ""man up"" women need to fem up need to ""dumb up"" c'mon this is a deal, and this is for life if we need to do all this BS to be a high value man I need a high value woman that's going to support me thought it all fr fr",True,False,,1,0,0,"Men expected to ""man up""",0,0,0
UgwoMiaQt3fy-K5xo9d4AaABAg,Better Bachelor,I don't believe it for a second. They will double down rather than take accountability,False,False,random,1,0,0,,0,0,0
UgzkVkJT16_6Z7uCGjh4AaABAg.9sAP83kcmcK9tJki2d8YHt,21 Studios,The amount of men making videos of themselves (including this channel) shows that comment as incorrect.,True,True,keyword,0,0,0,,0,0,0
UgwxuOt74TfwS4TCm2t4AaABAg,21 Studios,"He said these guys. Just go and say it red hat, black men.",False,True,keyword,0,0,0,,0,0,0
UgyQJSzSWQ81j7CNLu54AaABAg,Rollo Tomassi,"you know what’s funny is when you see guys making videos like “girls are starting to realize”… no, no they’re not 😂 and if they are, it’s always at epiphany phase or later",False,True,keyword,0,0,0,,0,0,0
UgzDwoA05axRDZetAKB4AaABAg,Rollo Tomassi,2:30:00 Rollo has presented the argument for women not being allowed to vote. He's just not quite there yet.,False,True,keyword,0,0,0,,0,0,0
Ugxs9Kx5fUvSTv-HXzp4AaABAg,Rollo Tomassi,"That guy Justin brought nothing to the convo, he just distracted from the numerous interesting points Rollo was making. Once Justin admitted to having been raised by a divorced mother I immediately understood why he seemed so unwilling to hold women accountable for their bad acts with respect to divorce and instead white knighted by blaming the unidentified “they”, the shadowy sinister forces driving men and women apart rather than look at the evidence of the feminist wing of the left as a political lobby using mass media starting about 60 years ago to spread their Marxist false narrative of female oppression and successfully demanding things like no-fault divorce in the late 1960s and with that the associated creation of the mother-favoring family courts and Title IVd of the Social Security Act that gives the states federal matching dollars as an incentive to state courts to give mothers primary custody and levy high child support awards against dads who have done nothing wrong. Never mind the fact that children who do not reside in the same home as their natural fathers are 40 TIMES mote likely to suffer abuse or that statistically the most dangerous man in a child’s life is not their dad, but their mother’s new husband or boyfriend—about 100 TIMES mote likely to harm that child than his or her dad is. But, no, by all means ignore the actual evidence and the reality it reveals and just go with your “they” imaginary invisible dark forces puppet masters theory, Justin, so you don’t have to admit that Mommy was actually a terrible and selfish person. Guys like Justin who were raised by divorced mothers who have not taken the Stefan Molyneux route of actually holding those women accountable are just annoying and unprincipled. I have no idea why Rollo had this intellectual lightweight on as a guest.",True,True,,1,0,1,,1,1,0
Ugyjpt6GSo1FsBTTlGd4AaABAg,21 Studios,"Cancel ItstataytayBaybay plz . say something 21 Manosphere, cancel BillieRayBradnt plz say something 21 Manosphere.",False,False,random,0,0,0,,0,0,0
UgwlPalIIq8fyPc9WiF4AaABAg.AVrvs0oM5lvAVuWIffNRHE,Entrepreneurs in Cars,"I know a guy that presents himself with fake documents and everything as a hundred millionaire. He marries well to do women, done it 3 times now. Shortly after marriage he hits them with a made of scandal that he lost all his bit coin, lost his business, or some other bad luck story. Its always with in about 1 year of the marriage and financial loss story that these women get VERY disagreeable. He divorces THEM and takes half their shit. He feels very justified in doing this because he is actually looking for real love and doesnt want to use a good person but figures if he cant find it at least he will screw them over for representing their desire for him as purely relational when it was clearly for resources",True,True,keyword,1,1,0,,0,0,0
UgzHcP3gM42A3xIEr4h4AaABAg,Rollo Tomassi,"At the beginning, Rollo said ""the real Red Pill"" and Jack said ""the last bastion of male freedom"". Wrong. The dot reds are still around. Rollo was active there once, long ago. [Edit - corrected ""team"" to ""real"". Damn phone. ]",False,True,keyword,0,0,0,,0,0,0
Ugx0HYykYXGOWq6NSel4AaABAg.9lvXSFIYsiQ9lvt1F4iuh5,21 Studios,"@21 Studios You need to talk about ""Sarah Dawn Moore"" she is the worst!",True,False,random,0,0,0,,0,0,0
UgzuVksATac6NRrNtwB4AaABAg,Entrepreneurs in Cars,"As per your comments, step by step bad choices: - going on a “girls’ trip” - going out drinking - getting drunk with unknown men - hot tubbing (almost certainly naked) while drunk with those unknown men My wife & I spent 20 years raising teenagers. We came up with a rule of thumb for groups of teens that I believe applies to “girls’ trips”: Collective IQ of group = (Lowest IQ in group) / (# of people of group)",False,True,keyword,0,0,0,,0,0,0
UgzxtEqOhg5RHo5XMgx4AaABAg,21 Studios,This is actually been a serious concern for many Americans. The entire system is similar so fighting for a change is not in the near future.,False,True,keyword,0,0,0,,0,0,0
Ugzbp3uk1JDMDMd9uqh4AaABAg,Myron Gaines X,"for some reason everyone is out for blood against them, and all bc they speak against the system. the media brainwashing machine is working well.",False,True,,0,0,1,,0,0,0
UgzKSCT-LYsfeQBqk154AaABAg,Entrepreneurs in Cars,The “if the sky turns gray” will she walk away? Test 😮,True,False,,0,0,0,,0,0,0
UgyBUrLXwO_mruoyaSh4AaABAg.AWYpUIe5QcYAWZ1EpMnZEI,Entrepreneurs in Cars,Unplug yourself so you don't ask stupid questions like this. 🤡💩,True,False,,0,0,0,,0,0,0
UgwN5tOM3-z2hwN9kqh4AaABAg,21 Studios,"Get the Pat Stedman Masterclass now, all new at 21 University with over 100 exclusive videos not on Youtube https://21university.com/pages/pat-stedman-masterclass Learn more about Pat at https://patstedman.com Download the 21U app to watch this speech for free today https://21studios.com/mobile/ Get the world's best soap for alpha males at https://t21c.com/soap21 (use code 21C for a discount)",False,True,keyword,0,0,0,spam,0,0,0
UgyOyh42-DkZsBZkERR4AaABAg.AVvFd2BJtQwAVvKmCcBoLI,Better Bachelor,"To believe they aren't thinking about any future is just flat out wrong. To create something new, the old must be destroyed. That is their plan.",True,True,keyword,0,0,1,,0,0,0
UgypqT5IV2Kkc-i2-AZ4AaABAg,Rollo Tomassi,"Okay that guy her manager was talking to is so soft, such a flamer. No idea who he is or why anyone would care about him but damn he is soft AF. Is that what these young girls are supposedly into now?! Also I don't understand why anybody would give a damn about any of this stuff or what Brett Cooper does or says. I can't think of anything that matters less. Oh and by the way, that intro song was badass! Rolo, much love for you bro but this topic is such a waste of time lol",False,True,keyword,0,0,0,,0,0,0
Ugxj9badDkHDFlCRoyB4AaABAg,Entrepreneurs in Cars,"Couples Therapy is essentially nothing more than a paid teammate for her who brings in all the self-help buzzwords to help her feel righteous about tearing the relationship apart. If thats the last resort for your relationship, you're already finished.",False,False,random,1,0,0,,0,0,0
UgxnKF20mrgZ1dOnZit4AaABAg,Rollo Tomassi,Brian Johnson situation was on point! They just never learn,False,False,random,0,0,0,,0,0,0
UgwsN3NAwpNjNoGq9LF4AaABAg,Rollo Tomassi,Eurodite reminds me of that creepy girl in Pet Cemetery. You know the one that haunts her sister and crawls around on the floor? Scary resemblance,False,False,random,0,0,0,,0,0,0
UgyWZFgYPvFVbfflcMV4AaABAg.AVC1UF5b2HXAVCrmszBrQ-,Better Bachelor,Like the tower of babel women are slowly forcing linguistical drift into our language by political correctness to maintain their magic spells and hypnotism,True,True,keyword,1,0,1,,0,0,0
UgypGD7LVVWK_FOUymV4AaABAg,Entrepreneurs in Cars,"What a great topic sir. Yes, please take your time getting serious with anyone, especially after a divorce.",False,True,keyword,0,0,0,,0,0,0
UgwZf7VXdamEVtfqa_t4AaABAg,Rollo Tomassi,"Rob said it best on Red Evening with Jack Napier last week . When he said ,”Looks Don’t Really Matter!” Unless you have a bag of Cocaine then you become more attractive and notice by hot women. And he has a point .",False,True,keyword,0,0,0,,0,0,0
Ugy5rC-fAzDccMrOUvB4AaABAg,21 Studios,The battle this man has been through is CRIMINAL !!!,False,False,random,1,0,0,,0,0,0
Ugx02iEktGT-OIk_-8p4AaABAg,21 Studios,"Ask a large group of women what would happen if her husband came home with a child by another woman, told her it was hers, then demanded that she pay for it till it was 18, or else go to prison. None of them would think it a sensible idea and fewer still would think it fair.",False,True,keyword,1,0,0,,0,0,0
UgxA9tXSWHQo_D5q9dp4AaABAg,Rollo Tomassi,Reminds me of the toxic Japanese idol culture. Those girls just want to have a normal life outside work and get threatened for going on a date.,False,True,keyword,0,0,0,,0,0,0
UgwuYSFU0uWeW4ZoQyV4AaABAg,Rollo Tomassi,It's the GOVERNMENT that needs to hear this. The welfare black hole in the next 10 to 20 years will be huge otherwise.,False,True,keyword,0,0,0,,0,0,0
UgzU4dJMRUvdkAZcM554AaABAg,21 Studios,"BEYOND Sick. That "" Mother "" is anything but. Deranged Lunatic is more like it. The poor Father must feel like he's living in a Bad Dream right now.",False,False,random,0,0,0,,0,0,0
UgzptFGmz7Yh_0hpfLd4AaABAg.9k6_NxUB0fl9kaNFNIV3vE,21 Studios,"@darinanaya3945 we start making it a privilege to come to Texas. Charge the businesses thay attracted Californians. Don't give the California businesses Tax breaks, and make sure their earnings are on par ekth Texans. These Californians who transfer to texas get California Pay, while the Texas w the same position gets far less because it's Texas wages... the drives tye Natice Texans out of a healthy liveable circumstance .. it's nor fair. Think about it? So, we should charge them to come here. We don't need all the Californians amd their businesses.. we definitely don't need the California culture that destroyed their state and economy.. their economy is strong hut now its likena 2nd world country where the rich are uber rich and the rest get by. There's no middle class. And, the streets ,crimes , and culture are not on same page. Culture clash. We have extreme overly liberal thinking. Poor relaxed laws. We treat foreign citizens better than hard working Americans who's family and families family paid on Twax system for generations.",True,True,keyword,0,0,0,,1,0,0
UgwzIeQ6JiPEfaC4Hp54AaABAg,Rollo Tomassi,2:02 Never thought I'd see AYG guys as a featured clip on here lol,False,False,random,0,0,0,,0,0,0
Ugzy-JTI1-hr_fuZIPd4AaABAg,Rollo Tomassi,"As far as the Western world goes, men went to war and died to protect VIRGIN WIVES who would be responsible for the children. Why? It's how a man would secure his genetic lineage on the worst case scenario such as war.",False,True,keyword,0,0,0,may be a weak 1a,0,0,0
UgzbEpZc5khAcAXR47V4AaABAg.AVvKZBpTjF4AVzQTWNop-_,Better Bachelor,"Yep. And the shaming tactics will keep cranking up, hope men hold the line. Avoid marriage, avoid having kids until a bunch of laws change.",True,True,keyword,1,1,0,,0,0,0
UgzNJtxANE7hXQvSfu54AaABAg.AVof_yZmQJdAVpHJOdnCpo,Better Bachelor,"@Lepot_Defleur When men encounter hardship they develop morals, when women encounter hardship they blame someone else (men) because they dont have any capacity for morals. They need morality imposed on them by hard line religious enforcement.",True,True,keyword,1,1,0,,0,0,0
UgwDUG3-0zFDxtLIH6J4AaABAg.9ngEjwgGq0xA07HiL5uCGJ,21 Studios,What does that have to do with anything said in this video?,True,False,random,0,0,0,,0,0,0
Ugwmjbr-v7GcYt0kRJp4AaABAg,21 Studios,"Of all the good JP has done, something you deem as a slip-up is nothing to belittle his character over. This whole video is you grasping at straws to say ""Look look JP bad see""",False,False,random,0,0,0,,0,0,0
Ugx1WhkS84UakBEuqpp4AaABAg,Rollo Tomassi,"The biggest fear of the red pill is when enough men who are deemed ""low value"" go on strike, refuse to be worker bees and let the small percentage of men deal with the majority of b.s from women i.e no safety nets, providers and step daddies to help them when the ""high value"" men throw them to the side.",True,False,,1,1,0,,0,0,0
UgxD_PCwHMJfTqme7iF4AaABAg.AY3CayRlIFBAY4YjrpspQ4,Rollo Tomassi,"@glundgren2097 He was a prominent part of the black manosphere. YouTube took his channel away in its prime. Something like over 250,000 suscribers.",True,False,random,0,0,0,,0,0,0
Ugz9t72zajqkwTXwTr94AaABAg,21 Studios,"She is a leader, a pioneer, a trailblazer, and hyphenate for mental, emotional, male perspective, and societal, legal impact on family issues and male mental health. In short, A DIAMOND 💎!!!!",False,True,keyword,0,0,0,,0,0,0
UgxotHDyqO0FSsLr0xt4AaABAg,Entrepreneurs in Cars,"I tell my dad (79 years old) how shady women are today and he never believed me until he got divorced 2 months ago by a woman who always used him for things. he still refuses to believe it. that boomer marriage mentality will destroy a man right to the bitter end. i'm 39 never married own home, 2 cars, money in the bank & I have my business partners who I do things with no emotions involved. stay strong brothers",False,True,keyword,1,0,0,,1,0,0
Ugzx4AHrmK9WCDC7-3p4AaABAg,Entrepreneurs in Cars,"15:18 subjects like this are why privatization are cancerous regressive forces that pull back society towards a more feudal model because of the control you talk about. We need a seperation between corporations and state like we had for chirch and state. And hear me now quote me later but unless a working class movement is able to obtain power back we will regress to a system mich more like serving the king again except instead of religion they will justify it around eugenics social credit systems as a means of determining who can vote, speak, and work. It's going to get very bad before people wake up to it.",False,True,keyword,0,0,1,,0,0,0
UgwcnOFuWKV35yrbHpZ4AaABAg,21 Studios,"Come on.. Dont turn on her... Shes. Capturing the female audiences... If simps gravitate towards her,, then say something to the "" simps"".. You guys giving off some ""hate vibes""",False,True,keyword,0,0,0,,0,0,0
UgwLHzYGAkDz_2LRtc54AaABAg,21 Studios,Excellent. I will join with 2 others and form an organisation to swarm and resist.,False,False,random,0,0,0,,0,0,0
Ugw6Y6a976IQywL88xV4AaABAg,The Free Agent Lifestyle,"Coach, Rosa Linda breaks things on purpose to get broken off😂",False,True,,0,0,0,,0,0,0
UgxGz2sZmTHr1ZOdMHp4AaABAg.9o7buGYmsQV9oQiWLd7SOA,21 Studios,"@absolutedivineNYC nah he didn’t he just called her a ho and said dudes are simpin he didn’t dispute what she says on her show or articulate a logical point as to why she’s a hoe, simply calling somebody a hoe with no real reasoning and calling men a simp just because they like her content is odd When people can’t argue facts and they attack the person personally that says a lot this guy right here is attacking pearl and attacking the people listening to Pearl but not attacking what’s being said, articulate and factual that’s child’s play",True,True,keyword,0,0,0,,1,0,0
Ugy4RBU6zekeLWapwKB4AaABAg,Rollo Tomassi,Feel bad for the guy on the right. Odd man out.,False,False,random,0,0,0,,0,0,0
UgylDkhSXwoDhwlj7Ed4AaABAg,Entrepreneurs in Cars,"I am a tall, late 40s, attorney, who has been divorced for 6 years. I date women 25 on up and have a ton of optionality. I am having a blast and cannot for the life of me see the benefit to me to stop this lifestyle. I like my own company and when I need intimacy I send out a text. They leave my home after and I get my quiet and peace back.",False,True,keyword,0,0,0,,0,0,0
UgzDHMLRaFsVjuTXSnF4AaABAg,Myron Gaines X,"I supported and voted Obama in 2008 & 2012 mainly because I equally hated republicans and the GOP frontrunner were sh!tty. Then between 2013 and 2016 I realized his black-ass never did anything in particular for me and I was slaving away working two jobs. Then I started to support and vote Donald Trump in 2024 after he took a bullet in the ear 👂 for this nation, was tried and framed for things he didn’t do (Carroll), and over my dead body would I vote for Harris. She conspired with cops when she was DA to suppress evidence that would have vindicated men of color. Then they spent prison time and released with millions in settlement money.",False,True,,1,0,1,,1,0,0
Ugx469TEXCbr1C7LI914AaABAg.AVbNgl9WFsEAWK9dSoCwJb,Entrepreneurs in Cars,"Exactly. As Fathers, after divorce, your children are your first and primary concern.",True,True,keyword,0,0,0,,0,0,0
Ugyw_1tiY-B8Zzz7kT54AaABAg,Rollo Tomassi,Now I understand why all my friends wives never put their post of their husbands on there Social media. Wow! 😮😂,False,True,keyword,0,0,0,,0,0,0
UgzJR62Yk6PZdCH2yCd4AaABAg,21 Studios,"""If you want to destroy any nation without war, make adultery and nudity common in the young generation""~Saladin~........The wise woman builds her house, but with her own hands the foolish one tears hers down. ~Proverbs 14:1~",False,True,,0,0,0,,0,0,0
UgzU4jLgRfa8a8qIm-Z4AaABAg,Entrepreneurs in Cars,"She succeeded in ensuring that she went from maybe get nothing to guaranteeing she got nothing 😂 Congratulations, you played yourself 🎉",False,False,random,0,0,0,,0,0,0
Ugw29yx41bxMoJZiTrF4AaABAg.AVshZ6MQShIAVszy8Hdr1c,Better Bachelor,"They're actually not, just useful idiots",False,True,,0,0,0,,0,0,0
UgzmhiQb4Sm2coGJHCR4AaABAg.AUELf4yN4_pAUFbVfoBof1,Rollo Tomassi,but again apparently women don't owe all humans nine months. It never seems to go both ways.,True,True,keyword,1,0,0,,0,0,0
UgwzxZzykyJtntaNvqR4AaABAg.AXfneIZjPRPAXfxRgl4J10,Entrepreneurs in Cars,Sorry but you need to hear this: she never really loved you. Most women see men as a wallet. My wife would be out the door in 2 months if I lost my job.,True,True,keyword,1,0,0,,0,0,0
Ugx0l4nT4sAwebUlMud4AaABAg.AVC0_EcMm_AAVC3_PxWcBc,Better Bachelor,Because there is hardly such thing as a straight women. Most women show involuntary arousal for both sexes.,True,True,keyword,0,0,0,,0,0,0
UgxRqXFhAyIkuVUaNkt4AaABAg.AUs_HGeQuJEAV8EQGY4eWN,Better Bachelor,Men maimed and murdered in war... Women suffer due to lack of men... Actual article from Ukraine!! Unbelievable!! 😢😮😮,True,True,keyword,1,0,0,,0,0,0
UgzHe8eUoRTaRO26Mix4AaABAg.AIudetcWxpZAK_eB1LEBYp,Entrepreneurs in Cars,I've always been pro gender equality and against traditional sexist double standards but after seeing what women are doing with all the power they're given it makes me think maybe patriarchy was for the best.,True,False,,0,0,0,,1,0,0
UgyrDTPfQ3yLwJHx0aJ4AaABAg.AVoXzut-rBmAVqJNHMjOke,Better Bachelor,They did that in Afghanistan within 24 hours after the Americans left and there wasn't a damn thing the Afghan women could do about it. It was hilarious how quickly it happened.,True,True,keyword,0,0,0,,0,0,0
UgwHLHZXne-PXDfnukV4AaABAg.AWewoO0n5sCAWfYEDeZrIH,Better Bachelor,Most of the women offline still date online. That's the problem. A few purists don't. But they've still got so many options the same thing plays out as if they were on apps,True,True,keyword,0,0,0,,0,0,0
UgxjAKLvzVU4XT2AQ7R4AaABAg.AVve1cF_4wlAVwUwzJlpXj,The Free Agent Lifestyle,"Now she knows who calls the shots, brother. Hollywood rides at the top of the pecking order.",False,True,,0,0,0,,0,0,0
UgzarKKYiPq7D6tcCAB4AaABAg.AYF2YuPsXgrAYHRY3voBVq,Entrepreneurs in Cars,"@maksimiliandimitrov4903look....I was raised by a mother and a father. They did not marry and did not cohabitate. They had 3 children...me and my siblings...they both still raised us and my siblings and I didn't die .. we are doing GREAT in life...no financial issues no emotional issues. Smart men understand this, apparently you aren't one of them",True,True,keyword,0,0,0,,0,0,0
Ugy9W3KI6NbJaHWrEft4AaABAg.AVzerfh-lG_AW-8xUwpHSh,Rich Cooper Clips,"@jvnb-y9e Social media made it into a delusion. Hypergamy was held in check by all the old social pillars the greatest generation and their ancestors had. Shame, the old school values upbringing within the nuclear family, church, the culture. Everything worked together to bring order. Hypergamy was just a natural, subroutine mechanism, not the open , unleashed hypergamy it is today. Back in our ancestors time average women were happy with average men. Those days are gone.",True,False,,0,0,0,,0,0,0
Ugw1XbMZnFzaKfuPZG94AaABAg,Rational Male Clips,"my last girlfriend of 7 years refused to have sex with me the last 9 months together. I fell asleep when we meant to having an early night, as i had been working all day during covid. Never again will i accept this BS.",False,True,,0,0,0,,0,0,0
Ugx67wUOFxlMm3QCjmZ4AaABAg,Entrepreneurs in Cars,"Dude, I am almost having an anxiety attack because he's on the freeway and his hands aren't touching the steering wheel.",False,False,random,0,0,0,,0,0,0
UgzYU_Am_utsCbzYk_t4AaABAg.AXHgNEoGvrKAXHqtr5tTKc,Better Bachelor,GOOD... BURN IT ALL DOWN... and while we're at it - let's extricate ourselves from the UN / WEF / NATO / NAFTA and all the other UNCONSTITUTIONAL Foreign Entanglements that have subverted our Founders' Vision for our Republic of LIMITED GOVERNMENT and MINIMAL Taxation.,True,True,keyword,0,0,1,,0,0,1
UgxWREnrgdBEZb1P4IR4AaABAg,21 Studios,Dad left or mom hid us when 13. Such a rough life since.,False,False,random,0,0,0,,0,0,0
Ugw5sgbO-gY9zoE5L4B4AaABAg.AYgT2NBevo8AYzkiwhRAe3,Entrepreneurs in Cars,@warehouse_sam family court will always be a moving target you cant lock down.......to think that a prenuptial agreement is gonna keep you safe is a false sense of security that they want You to feel. If they made the rule prenups are iron clad I'd be down. But im not trying to hit a moving target that they keep moving on purpose.,False,True,,1,0,1,,0,0,0
Ugxbv0nC2626NLaa-Tt4AaABAg.9kq0OImuenX9z5PtCkcRqc,21 Studios,"You're the beta. He made some good points. He's a mature man, and you are a 15 year old teenager who has lots to learn. @calebhapeta8553",True,True,keyword,0,0,0,,0,0,0
Ugyg4gjrl1lHNgrFmqh4AaABAg,Rollo Tomassi,Women's needs are not more important than men's...They were just raised to think that they are. Men's problems are their own...Women's problems are everyone's problems.,False,True,keyword,1,0,0,,0,0,0
UgyEixjWAU4X0IMSB0J4AaABAg,21 Studios,He is right. Men that are classy and bold get attention.😊,False,True,keyword,0,0,0,,0,0,0
Ugw5ysgsVfPZMCk3LDF4AaABAg.9ckggQi0yxr9criqlLK6sk,21 Studios,"@ItypedwhatItyped Even in your statement ""its a false teacher taking advantage for his own sick sexual pleasures"" is a definitive, emotional statement which you have no hard proof to back up. That means you are willing to destroy a persons entire life and character in the absence of conclusive evidence. To address your points: 1. Multiple accusers is not an indication of someone being guilty. Similar instances happened to Trump and justice Kavanagh and both of these were seen to be unfounded. You can have a single accuser with conclusive proof that could be much more true than a group of men who may have other motivations. 2. The men arn't ""straight"" I dont know if you have watched all of their interviews, one man admits to initially telling Jesse about sex acts he wanted to do with him prior to Jesse supposedly coming on to him. Another man claims he was going into Jesses room, stripping down and posing for him, prior to any claimed sexual stuff on Jesse's part. This does suggest that some of the men are gay, this has probably caused issues in their family (as one said it did). By making accusations such as this it could be an opportunity to pass responsibility off to someone else. There are also other possible motives here. We are taking about a man who is hated by large portions of highly funded activist communities who want to destroy him.",False,True,,1,0,0,,1,0,0
UgzcaZBt6df9yKLVQjV4AaABAg,Fresh and Fit,They unaware of reality cause they live life on easy mode.,True,False,,0,0,0,,0,0,0
Ugz4w5ApRQFMQccWFVl4AaABAg,21 Studios,"Pearl is using a modified version of the Kevin Samuels method. Part of the appeal is that her words are not merely spoken into a camera that can't talk back. Instead, she's talking directly to people in the same room that often disagree with her. It's just more entertaining when you see people get triggered by RP ideas.",False,False,random,0,0,0,,0,0,0
UgwxCsGbGxdAiHEMv9Z4AaABAg,Rollo Tomassi,"Your discussion about conservatives and the religious arguments made me realize something: the conservatives are in on the liberal grift, they are just playing heels. Like Rollo said, they could EASILY create a rational argument based on data and ALSO just as easily use the religious component as a supplement to the rational ones ( religious laws didn't spawn in a vacuum, they were created because someone saw a reason to make those rules ). But they don't do that. Why? Because it might be *too* effective. So they create faulty religious and pseudoreligious arguments knowing full well secular atheism is on a constant upward trend. They make emotional arguments knowing full well liberals will dismiss them out of hand. Why do they do this? I guess because if we lived in a blatant one party country people would start seeking more radical alternatives. If you were/are pro-trump, you're part of the demographic the establishment was trying to soothe with that play.",False,True,,0,0,1,,0,0,0
UgzNJtxANE7hXQvSfu54AaABAg.AVof_yZmQJdAVp5arEIXiT,Better Bachelor,"No, but they can pretend to be that stupid and excommunicate everyone who tries to break the illusion. Then they can all happily live in their carefully constructed fantasy land. Until of course those men stop bothering to go to war to die for nothing and stop paying taxes to get nothing and stop getting married for nothing. Then youre suddenly a middle aged woman paying 2000 dollars in rent for a shitty apartment and you dont know how to fix a leaking faucet.",True,True,keyword,1,1,0,,1,1,0
UgzjwSScWWXxXbiPNSR4AaABAg.9oBIyeD7l2A9oKLHwY2rsY,21 Studios,"How bout we get evidence? Saying YOU HEARD such doesn't mean anything without proper investigation That's as stupid as the women who say ""I know someone who's been ...""",True,True,keyword,0,0,0,,0,0,0
Ugxj9badDkHDFlCRoyB4AaABAg.AXZ3NmfIiOCAXZPwLti8E0,Entrepreneurs in Cars,Even custody mediation was just to validate and protect her feelings while ignoring the fact she was hiding our son from me. For stretches as long as nine months.,True,True,keyword,1,0,0,,0,0,0
Ugw3ysZZAGkWZYPWJA54AaABAg.AXHsH4KXTB5AXHvXfframr,Better Bachelor,There is always some simp whether he is in power or not usually cucked for there attention and power through money.,True,True,keyword,0,0,0,,0,0,0
UgysqI3uKym22sj3tZV4AaABAg,21 Studios,"I hear the problem, yet where are implementing the solution? Men, just walk away...",True,False,,1,1,0,No obvious grievance,0,0,0
UgzaISeZlM6t8IcLaal4AaABAg.AWNB_kMR0AXAWNDFcPM59h,Rollo Tomassi,"Yep. Until men stop shitting on each other for the sake of getting a little poon. If that man is a brother, would you simp, for his widow, or ex, or current wife? Men need to hold the high ground and quit groveling for female attention. Let women be alone, let them feel isolation. Women hate us and will use us if we are weak.",True,True,keyword,1,1,0,,0,0,0
UgzF_qL-eXvTRQj9OhZ4AaABAg,Rational Male Clips,"Here’s what women need to do to help men, and we’ve been telling them this for decades…. nothing! And I mean literally nothing. Don’t talk to or about us. Don’t criticize us (as a group, individually it’s fine if it’s called for). Don’t try to help us. Don’t try to destroy us. Don’t praise or demonize us. Don’t worry or fear us. Just don’t do a d@mn thing. Just let us help ourselves and do what we need to do to better ourselves, and we will happily return the favor by doing nothing in return.",True,False,,1,1,0,,0,0,0
UgzC_wMA4xl_Eev9tV94AaABAg.9nt8COuPsrm9oEfiWkdDo9,21 Studios,Oh God he said alpha 🤦🏿‍♂️🤣. Fellas alpha male among humans are billionaires and millionaires. Everyone below that are betas. This alpha male shit is not a real thing and if it was you wouldn't have to call yourself that. It's cringe AF. If you're not the top 1% you're no alpha by definition and by the new definition you incels created you're still no alpha. Women know a weak man when they see one.,True,True,keyword,0,0,0,,0,0,0
UgxgnhEPxobBOLIJmsV4AaABAg,Entrepreneurs in Cars,"Once again what rich is saying in this particular video makes absolutely good sense. I believe if a man goes by what he's saying here that he will be absolutely fine within a breakup of a dating relationship or a marriage relationship. But I would strongly recommend do not shack up with a woman and for those of you who do not know what I'm talking about when I refer to shacking up. That simply means you're staying with a woman that you are not married to. If you want to have a girlfriend that's fine, But be sure to have your own place to maintain. Do not move your underwear in her house and try to make a residence there unless you decide to marry her and that's just going off of biblical truth. Second of all the best way to avoid child custody and all the negative things of a relationship is to Simply stay single. That's your 110% guarantee that you won't have to go through all the child nonsense with trying to figure out who is going to see the child and when they are going to see the child or children. You don't have to worry about when you do break up who gets what and how you're going to settle everything. And by yourself you can simply avoid all of the craziness. But I understand the fact that in the real world like we live in most people want somebody. Most people do not want to stay alone and live their lives by themselves. So they decide to either go out here in the world or get someone on an online dating site and decide to find them somebody that they think is right for them. Well after a few months or years of dating or marriage you quickly discovered that you made a big mistake and that the picture didn't look as good as it first did. Then you have to figure things out and if you have children by that person you really have to figure things out. So my advice would be is to take your time and don't get in a rush. Date a woman for two or three years and figure out what she's about. In most cases you probably wouldn't even have to date a woman that long. But we as men overlook way too many things just to have a woman in our lives and some of those things we overlook end up costing us a lot more down the road. If there's something about her that you don't like from the beginning, please don't overlook it and think to yourself hey it will be okay. Because I can assure you it will not be okay because you're going to get sick and tired of it.",False,True,keyword,1,0,0,,0,0,0
Ugxq7O_7AJhEUu3HyDR4AaABAg.ARdYeszV6ALARdkhCnfvGR,Entrepreneurs in Cars,And my soulmate should be okey with me manipulating and controlling him.. otherwhise he is opressing me 😂😂 Its a fk clownshow.,False,True,,0,0,0,,0,0,0
UgzKk7qZk9I9U4Ktt6l4AaABAg,Better Bachelor,"Australian veteran here , I know a couple of lads who served with Ben Roberts Smith and they said he is a great bloke who is very honourable and deserves the VC. This is our government doing its thing they don’t care about us at all",False,True,keyword,1,0,0,,0,0,0
UgwGeX0-hcqvTr6e-dB4AaABAg,Rational Male Clips,"Good points Rollo however these movements/ideologies are simply tools with many useful fools. It's like in the sci fi movie ""Prometheus"" when the android David says, ""Sometimes to create, one must first destroy"". In order to create a ""New World Order"" the powers that be must delete the Old World order using all of these people who think they are experiencing something that isn't real through their beliefs, feelings, and mindset. Once the chaos has reached its' greatest intensity the elite will move in to fill the vacuum that they created and clamp down and rule with an iron fist. There will be no egalitarian society after that.",False,True,,0,0,1,,0,0,1
Ugy_0ndGzPIhJlEDXlh4AaABAg.AVfHWbpm_kNAVfWlHRv84f,Better Bachelor,To be fair I think the average earnings are only like $150 per month. The women making it big on there are small in number.,True,True,keyword,0,0,0,,0,0,0
UgyKxqIM-68eXJbc6Qp4AaABAg,Entrepreneurs in Cars,The government Is supposed to care about people? Since when?,False,True,keyword,0,0,0,,0,0,0
UgxPZmDyqEd5CqjUd-F4AaABAg,Rollo Tomassi,100 years ago marriage vows were literally enforced by law. For example divorce was not allowed because of “until death do up apart” and people went to jail for having affairs. Get married today and if your wife cheats on you tomorrow nothing happens to her and you as a man might end up having to pay child support for another man’s child. Who wants to sign up for that?,False,True,keyword,1,0,0,,1,0,0
Ugw2_8dnBCT2417leYx4AaABAg,Rollo Tomassi,Mark J Defant Evolutional psychology and the crysis of empirical rigor in feminist studies,False,True,keyword,0,0,0,,0,0,0
UgzPHAt6yKwVWFAM8Ad4AaABAg,21 Studios,"As Polish, I can agree we hate communists the same as we hate nazis. Most Polish women are like he says, but in bigger cities, we have a small amount ""women"" who acts like 304 from Western countries.",False,True,keyword,0,0,0,,0,0,0
UgwgpUyKI-uvx--EnqB4AaABAg,21 Studios,"As Joe Rogan said “ hard times lead to hard men, hard men lead to soft times, soft times lead to soft men, soft men lead to hard times” and so on. We find ourselves in this hard time.",False,True,keyword,0,0,0,,0,0,0
UgyJTyV90F2mqA6PFRh4AaABAg,Entrepreneurs in Cars,"When I was 19 my mechanic used to tell me everytime after servicing my v5 STI coupe ""drive it like you stole it!"" and that's how I've been treating my women and cars ever since 🤝",False,True,keyword,0,0,0,,0,0,0
Ugz-TfSw2_w_09kc0z94AaABAg,Better Bachelor,Problem is they label ANYTHING that negatively affects them in any way as SA instead of actual SA thus undermining actual SA and any attempts to get actual justice,False,False,random,0,0,0,,0,0,0
UgxxmeAmSI1Ysd1G_L14AaABAg.AWmPf3KbSCVAXF-4nauspo,Entrepreneurs in Cars,"A woman should have other godly women that can help them stay accountable and follow Christ. I strongly agree that women should NOT have girls'nights out or girls'weekends. Women do not need to drink apart from their husbands either. It looks cheap and it is dangerous in today's world. Marriage means you have become one with your partner. I don't think men should have party weekends or guys' nights out either. There is nothing wrong with men going hunting or ladies having lunch out or shopping, but when it comes to going out to bars, it should not be done by either the husband or wife. It is asking for trouble! If the husband wants to go to a bar to watch a game, then go together and the wife should respect that he has interests in things she may not love. Do it with him anyway! Serve your partner!! And agree to never use the word ""divorce."" Make it not an option and then you must work on your relationship!!",True,True,keyword,0,0,0,,0,0,0
UgzSf-Le1tkGREZVgdl4AaABAg,Better Bachelor,I'm ready to go be a hermit out in the wilderness...,False,False,random,0,0,0,,0,0,0
Ugx02iEktGT-OIk_-8p4AaABAg.9m_3o4j3BCF9nOu-rcqOcB,21 Studios,They don't care until there is LAW forcing them to act right. We HAVE to stop the simps... they are the source of incentivized female depravity.,True,True,keyword,1,1,0,,0,0,0
Ugz1aZOSD3zZP790FCF4AaABAg.9lxNKP1sPUO9mC8YWFRDY-,21 Studios,Or they are listening intently? He presented quite well regardless of what you do or don't think of the points etc,True,False,random,0,0,0,,0,0,0
UgwX9-nFUxIBNWv3ZMN4AaABAg,Entrepreneurs in Cars,"I have 5 wives. Their names are: ""Freedom"", ""Sanity"", ""Prosperity"", ""Peace"", and ""Quiet"". I have ZERO desire to divorce ANY of them 😎",False,True,keyword,0,0,0,,0,0,0
UgzW6G6M_5BUD2JfC1Z4AaABAg,Entrepreneurs in Cars,"Lets say we didnt even lose any money or kids or material in a divorce, do you understand how CRAZY it is that women can literally wake up AFTER 20+ YEARS spent together (time being way more valuable than anything) and she can just say you know what im not feeling it anymore and throw everything away, mad mad mad crazy",False,True,keyword,1,0,0,,0,0,0
UgwEznfDgHxiYVSwPYt4AaABAg,Rollo Tomassi,"🕓TIMESTAMPS🕒 0:00 Intro - Territorial Women 5:40 Today's Topic 14:25 Johnny Depp VS Amber Heard - Beta Males 19:50 Fame, Money, And/Or Success DON'T Insulate you Against Been Beta 23:32 Superchat - Who Get's Emotional First Loses 29:10 Superchats - Red Pill Lions Minted! 32:58 Superchats - ""The Players Book"" Best Seller 40:45 Case Study - Old Order VS New Order 45:10 Previewing - Women Shouldn't Have Instagram 50:55 Value And Worth IS NOT the Same!! 52:52 Superchats - IF You Feel Like You're Lying You're Are Lying! 57:00 Adversarial Sexual Strategies 1:05:20 Hot Men VS Hot Women (Data Sets) 1:15:25 ""OK Cupid"" Data Set 1:20:00 Women's Indignation And Genuine Desire 1:39:25 Men Are Territorial And That Is Normal 1:51:56 F*ck Your Feelings Mean... 2:02:20 Men Standards Are Wrong 2:11:05 Is She Taking His Last Name? 2:21:05 Reframing An Empirical Argument To An Emotional One 2:29:10 The Point Of Diminishing Returns 2:38:00 Feeling Right Over Reaching An Understanding 2:43:50 Marriage Stats (Cornelian University) 2:46:30 Men Are NOT The Gatekeepers Of Commitment 2:57:40 Don't Make Your Necessity A Virtue 3:04:48 Radio Show Tactics 3:11:48 Using Logical Fallacies As Data And Double Standards! 3:20:40 You Can't Handle The Truth!! - Feels Over Facts 3:27:15 3 Things That Characterize Powerful Men!! 3:42:45 Superchats - The Cover Of ""The Players Handbook"" 3:47:35 Superchats - Economically Attractive Men 3:51:13 Law Of Diminishing Returns (Graph) 3:53:42 The State Of Marriage In America (Stats) 4:00:22 Spinning Plates Or A Relationship 4:04:05 Closing Thoughts And Announcements! Don't Forget To Like And Subscribe!",True,True,,0,0,0,,0,0,0
UgyBjouJFifgyWxmh0B4AaABAg.9m1rDX4e7F89m5FMxLgYgl,21 Studios,did everyone forget Coach Red Pill existed? Fair weather friends indeed,True,True,keyword,0,0,0,,0,0,0
Ugxj1HMB1theXVQ6wWN4AaABAg.A0HsOBE4fcaAD0l-Ywk3VL,Rollo Tomassi,Andrew Tate brought his own twist to the red pill. I don't think him and Rollo should be in the same paragraph. Tate actually has real game. Rollo just wrotes theory and bangs las vegas 304's that are essentially hookers.,True,False,,0,0,0,,0,0,0
UgyZmzvn_ldM-MuELBh4AaABAg,Entrepreneurs in Cars,I just would have assumed that this situation was in Turkish series. As far as I understand they are invading whole world. We must urgently create the most compherensive instutions for men. Greetings from Türkiye 🇹🇷,True,False,,1,1,0,,0,0,0
UgwKC4R6ehoB-G9AqQJ4AaABAg.AXsbpNDgYP9AXwhpBXHZ7C,Entrepreneurs in Cars,If that's the type of woman you attract that's one thing but if that's the type you choose it's on you.,True,False,random,0,0,0,,0,0,0
UgwQ4N0Auqt3Z-Ql3754AaABAg,Entrepreneurs in Cars,We are slowly moving to a society where marriage ceases to exist. This will be the end of natality,False,True,keyword,0,0,0,,0,0,0
UgxsXi0wH7mT85-Ns5d4AaABAg,21 Studios,"Mgtow man! It totally solved All MY PROBLEMS!!!!! I have been MGTOW now for 24 years and it's the best thing I've ever done for myself! I'm 59 and I'm done with women. I suggest that young men chase success and money. If you must, buy a lady for a night. To scratch that itch. If you really want a family, go overseas. But your best bet is to just day single and buy an escort when you have to have a little affection and pleasure. Stay safe and stay strong my fellow gentlemen!!!",False,True,keyword,1,1,0,Close call but prescribes men to avoid women,0,0,0
UgwyvG4YmTEi3EaphXx4AaABAg.9m8-pmK2LmL9mE8ATL8za0,21 Studios,"SUPER influential, the white man first mother Eve is a Black women, White History is Black History",True,True,keyword,0,0,0,,0,0,0
UgyVc0lJ_5u9ZyWqn3V4AaABAg.9meDgcykcGF9mwx4g_qyI9,21 Studios,And women support the system. Why the f would u trust them?,True,True,keyword,1,1,0,women and 'the system' in cahoots?. Women should not be trusted,0,0,0
UgzeH5bYSK6pTbDk9oN4AaABAg.AWwGQzdKOP6AWwlNw9MWqg,Better Bachelor,"​@Sir_GodzAnd what do you think will happen? People will just boycott the app, and everything will go back to normal. The reality is that swiping works because it’s the closest thing to how attraction actually functions in real life. People are simple in this regard, and deep down we don’t really give a shit about “non-superficial” qualities as much as we pretend we do. Tradcons and red-pillers only argue otherwise because they get jack shit themselves and try to socially pressure women into fucking them.",True,True,keyword,0,0,0,,0,0,0
Ugyo4U4t-1Rl15WNbJR4AaABAg,Rollo Tomassi,"And I agree with James Sexton, ""Marriage is an outdated technology.""",False,True,keyword,0,0,0,,0,0,0
UgynKImY4AwIgK1d6uF4AaABAg.AXbBuXevywTAXmIc1Ec4k_,Better Bachelor,That's too simplistic for words. DEI and wokism is gives government the ability to put the worst people in every job.,True,True,keyword,0,0,0,,0,0,0
UgzLSPA1MfFfGUeDB8V4AaABAg,Rollo Tomassi,"That's great that you & James are back in business & I can see where the friction came in via that interviews editing team cutting out so much of that discussion. James is a straight shooter & very intelligent, we need more men like that holding the microphone. One of your best guests ever, certainly. And arguably the only person who got the better of the exchange during debate with Andrew Wilson (who is also surely solid though as well) Anyways, Merry Christmas to Better Call James Sexton & his family & to you & your entire family Rollo (and also to the resilient Ned puppy doggo). God bless 👍",False,True,keyword,0,0,0,,0,0,0
UgyEZk1mcEcCA1fSVQt4AaABAg.AWeJgjWp0OxAWeNa3pq_Rf,Better Bachelor,"I’ve got some lifelong health issues, but when I was at my peak I did have a couple of girls that wanted be with me even if I was partnered up, but I was at my peak then. 😂",True,True,keyword,0,0,0,,0,0,0
UgwTdLccXZ7Xt_-erft4AaABAg.AXUSTQm0BayAXaQ49pOTXO,Rich Cooper Clips,"@Majewski79 We are not stuck in here with them, they are stuck here with us. They fight with lies innuendo and narrative control now fight it with truth logic and whatever means necessary to make life better for you and those like you. Walk away and rebuild without them.",True,False,,1,1,0,,0,0,0
Ugy6xKM-0QGYNq4h_xp4AaABAg,Rollo Tomassi,00:00 - Welcome to Our Pit of Misogyny and Misinformation 00:52 - Introducing Guests on Access Vegas Episode 02:49 - DebateCon Announcement: November 15th in Nashville 05:21 - Big Debates Scheduled at DebateCon This Weekend 07:06 - The Lost Art of Debate in Modern Times 10:49 - Rollo: Debate's Purpose is to Destroy Opponents 15:46 - Pre-Assuming Arguments to Disarm Opponents 17:40 - Debate Tactics: Strategy Over Emotion 21:14 - Numerology Debates and Predictive Tactics 22:26 - Nerves in Debate: Impact on Performance 25:49 - Public Speaking Fears and Overcoming Nerves 29:18 - Legacy Media Decline and Rise of Podcasts 34:00 - Political Shifts Among Minority Voters 37:24 - Gatekeeping in Media: Fear of Audience Loss 40:37 - Social Media Wars and Conservative Deplatforming 44:35 - Woke Culture: Shutting Down Debate and Discussion 48:31 - Social Media's Role in Political Divides 51:43 - Podcasts' Influence on Recent Elections 55:34 - Elon Musk's Twitter Purchase and Political Impact 59:26 - Debating Marriage: Religious vs. Secular Views 1:04:06 - Attraction and Pre-Selection in Dating 1:08:42 - Marriage as a Dangerous Institution Today 1:12:06 - Religious Marriage as a Buffer Against Divorce 1:16:12 - Feminism's Role in Removing Shame from Behavior 1:18:04 - Societal Stop Gaps for Marriage Stability 1:21:20 - Secular Marriage: A Risky Proposition 1:26:45 - Secular Marriage as a Racket in Modern Society 1:30:07 - High Barriers to Entry in Orthodox Christianity 1:31:50 - Potential Evolution Debate: Andrew vs. Mike 1:35:14 - Religiosity and Positive Marriage Outcomes 1:36:34 - Women Converting to Christianity for Validation 1:39:24 - Validation Through Religious Conversion Trends 1:42:10 - Social Status and Validation in Marriage 1:45:44 - Fame vs. Influence in Social Media Impact 1:45:56 - Political Spectrum Across Social Media Platforms 1:52:59 - Legislation to Ban Cell Phones in Schools 1:55:28 - Female Dominance on TikTok and Instagram 1:56:36 - Brain Rot from Social Media and Dating Apps 1:59:55 - Avoiding Information Irrelevant to Worldview 2:01:02 - Free Speech and the Value of Stupid Ideas 2:04:20 - Founders' Disdain for Democracy and Voting 2:09:03 - Restricting Voting Rights for Stability 2:10:56 - Renaissance as a Slow Social Movement 2:14:59 - Changing Voting Laws via Legal Precedents 2:16:46 - Socialist Populist Threat with Immigration Focus 2:21:07 - DNC Strategy for 2028 Election on Immigration 2:24:36 - Renaissance as a Gradual Social Shift 2:25:00 - Men and Women's Sports: No Mercy Until Change 2:29:23 - America as a Christian Nation: Historical Context 2:33:22 - State Religions Post-Constitution Ratification 2:36:49 - Constitutional Design for Militia and Defense 2:38:42 - Recommended Books from the Panel 2:41:18 - Final Thoughts on State Religions and History 2:43:13 - Closing Remarks and Upcoming Events,False,True,keyword,0,0,0,,0,0,0
Ugwpq0_6nIaBBalaUMB4AaABAg.AFEXT-JXWlDAFJ8sx5m_po,Fresh and Fit Clips,Omg not YouTube being woke sensitive censoring my comment. Like I said before YouTube deleted my comment. Fat guys don’t get baddies that’s sad reality. They only can get baddies cause of money & status without no women look their way. Chad gets women easily sometimes aren’t rich when doing it.,False,True,,0,0,0,,0,0,0
UgwnOd5Fr2OksLn8NxZ4AaABAg.AVoLp0jJ0JOAVo_TgS1VEp,Better Bachelor,"If they were aware, they couldn’t be influenced (then and now).",True,False,random,0,0,0,,0,0,0
UgxgbebAjs5_7YbqG8Z4AaABAg.AVdr9uUsKl1AVgl_EWkZNm,Entrepreneurs in Cars,It makes me sad if it was true what is saying if all women like that why would any man that wants closeness love would be with a woman.,True,True,keyword,0,0,0,,0,0,0
UgwuL-Rksbl1tE3dc5R4AaABAg,Better Bachelor,I’ve never understood the appeal of giving my time or money to any woman I can’t have an authentic relationship with. If I had to choose between nothing and a para social relationship I’ll choose nothing every single time.,False,False,random,0,0,0,,0,0,0
UgwejeqGwDyYm-O_MzB4AaABAg,Entrepreneurs in Cars,"Bible bro here, just get an air tight prenup guys. Marriage is by God’s design best for raising children and living a fulfilling life. You can even set up the prenup for 50/50 custody and no child support if divorce happens. A prenup gives the man the leverage he needs to keep his wife on her best behavior. Why Rich hasn’t figured this out yet is beyond me.",False,True,keyword,0,0,0,,1,0,0
Ugysb0Bgj9Zlk_Ybrt94AaABAg,Rollo Tomassi,"31:35 Michael is right on the money. A personal anecdote was when my high school principal died. I showed vulnerability in front of 2 women friends, and they were revulsed and tried to shame me for it. I quickly learned, and this was in my teen years.",False,True,keyword,1,0,0,,0,0,0
UgwbNVtzS62ZmC6mjVF4AaABAg.AXsVK80CWm6AXxjeVxgG2a,Entrepreneurs in Cars,"@c@cedrictolson6902 I respect your viewpoint Cedric. I suppose these “type” of Women want to bag a black Athlete. As someone previously mentioned, the legions of 304’s have ALWAYS targeted Athletes by manipulation. Black males represent a higher percentage of Athletes, thus the targeting by 304’s…👍",True,True,keyword,0,0,0,,1,0,0
Ugx-W0Of2sUvImHIxaV4AaABAg,21 Studios,Look up Thomas Kluge. Painter. Was rejected from top art schools more than once.. BUT - a pretty fookin' impressive living of it never the less.,False,True,keyword,0,0,0,,0,0,0
UgwTqFLFaDbOde7QBKl4AaABAg.9kDj1uv2hLA9kX9KtPJDvN,21 Studios,Do not marry an unfaithful woman...Many aren't...,True,False,,0,0,0,,0,0,0
UgxP_G2v2QXKL-4uxZF4AaABAg,Entrepreneurs in Cars,"Stay healthy, and if you can, stay single. John Griffin.",True,False,,1,1,0,,0,0,0
Ugx3ywtGvic6BKc1WZR4AaABAg.AM_Hkr0eqE0AMafRbDNqaT,Entrepreneurs in Cars,They think that social destruction is cool. They are part of a satanic generation. See Yuri Bezmanov (?),False,True,,0,0,1,,0,0,0
Ugx_8hGAh8EPHNNnfs14AaABAg.AVbDXkxgeTaAW0A3zozyR4,Better Bachelor,Feminist propagandists abound in Australian media. Propagandists parading as journalists.🇦🇺,True,True,keyword,0,0,1,,0,0,0
UgxKZrvXQE18xJktaS94AaABAg.AXIaZRv5JMWAXKASFkpqus,Entrepreneurs in Cars,"Very disrespectful of her. She literally just saw you as a beta. Literally just a beta man. The dude who is ""just okay"" or ""boring"" and who would make a great dad after she's had her fun with the cooler and more interesting dudes... the bible was literally right about women.",True,True,keyword,1,0,0,,0,0,0
UgxhrhK9sK0UbFntzYJ4AaABAg,21 Studios,Until I hear Andrew Tate give his side of the story. I’m not going to pass judgment because we know there are people who live in the shadows that are out to get him. The matrix will never allow masculine men to promoted masculinity to the masses. What’s happening to Tate is pure misandry!,False,True,keyword,1,0,1,,1,0,1
UgynztuOhyCG2-Sf6Wt4AaABAg,Rollo Tomassi,Alpha widow also means she experiences raw love without responsibility from so called Alpha or pseudo Alpha boy and then she expects same excitement and fun after marriage which is not practical for working man.,False,True,keyword,1,0,0,Men cant keep up with womens needs,0,0,0
UgyEEvOATEouX6hmCJd4AaABAg,Entrepreneurs in Cars,Women who can operate on an adult level are very rare.,False,True,keyword,0,0,0,,0,0,0
UgwO-qWk8dCSO13HAXZ4AaABAg.9mo257zWMQ79n9Cx8wCM_Y,21 Studios,"I can relate to this story. Sorry that this happened to you man, but women are just very vendictive, and blatanly evil at times.",True,True,keyword,1,0,0,,0,0,0
Ugziiu1VoX0XUIV6s-V4AaABAg,Better Bachelor,"Many United States men are in a state of Exhaustion and Fatigue, due in large part to Feminism and the forced Unequal Rights and Limited opportunities we must Endure. There are countless strategically placed barriers we must try to overcome...",True,False,,1,0,0,,0,0,0
Ugxw-T2fvB56hTr3QXB4AaABAg,21 Studios,"There is nothing more dangerous than a man who is right. Go with God, my friend. - Someone who is 16 1/2 years into child support yet has never been granted visitation (lives too far away).",False,True,keyword,0,0,0,,1,0,0
UgxPMHuHWAu26TZKCw54AaABAg.AVMc3AxCwxtAVMeA3s2T1F,Better Bachelor,"Personally though, I have nothing against the use of ai, to me it's just a tool, and sometimes that tool can be used and abused, but I like that some of them allow more freedom than others do, I would say rock is typically the best one when it comes to information, but other ones are better for more freedom options, some of them can be a lot more restrictive though, like I tend to use Brave ai, it's very restrictive and it acts like a stupid leftist a lot of the time, however it's very helpful when it comes to installing mods on my PC for various video games or correcting and fixing files in games like the ini folders and it's very good for information about a game and its story and stuff like that, and it's fun to talk to it about stories and what if scenarios, but it's not a good AI for based information because it will always use the filter b*******",True,True,keyword,0,0,0,,0,0,0
UgxUmVfKUzuT0knhbDl4AaABAg,21 Studios,The dating market is an industry where men are the consumer and women the product,False,True,keyword,0,0,0,,0,0,0
UgwjNYrUet49Bm9n17t4AaABAg,Better Bachelor,"> Claims to ""catch predators"" > Is called ""name him"" implying only males are predators. That is proof that it is intended to dox males (exes or otherwise) and not actual suspects.",False,True,,1,0,0,,0,0,0
UgxoVfDm3WxkrfF5Lpx4AaABAg,Rollo Tomassi,This was the best ever. Combining the red pill with politics is a winning combination. It has everything. You were spot on with all your observations. Off hand i really cant think of anyone else combining these two subjects the way you did. Might be worth something to think about expanding on.,True,False,,0,0,0,,0,0,0
Ugwchkk8grRagJqirNt4AaABAg.AWzwcfP5CcNAWzxSttAgBp,Entrepreneurs in Cars,"In this very life you will get true loyalty only from dogs, never from women, it's tested and proven, anybody who says otherwise it's either a liar, delusional or has some sort of an agenda.",True,True,keyword,1,0,0,,0,0,0
UgyT71iZe77BLOHYLqV4AaABAg.ATY9g3DAxooATgZqJNelJn,Rich Cooper Clips,"Laws don’t apply to elites anywhere. But at least you aren’t falling asleep to gunshots every night like I did in Philadelphia, USA.",False,True,,0,0,0,,0,0,0
Ugw-VjXsntMjaFdLNoN4AaABAg.AVs1XTp60lMAVse8p1r4-m,Entrepreneurs in Cars,His area of expertise is getting out of debt. That is as far as he should go. He is not certified as a financial planner or does he have a fiduciary component to his advice. Marriage advice he offers is way out of date.,True,True,keyword,0,0,0,,0,0,0
UgyBh0Ah1kKQRFdk85l4AaABAg.9o6txVpDBh09o7jaZSA0-j,21 Studios,"@21s Hi Anthony. In all species, even those with different or no chromosomes, females produce large gametes (reproductive cells), and males produce small ones. Sex isn't determined by chromosomes. Any attempt to disconnect manhood from the potential for fatherhood - as appealing as it might be to homosexuals - means women, too, can be ""masculine.""",True,True,keyword,0,0,0,,0,0,0
UgzP7yNg-_bCoun2Boh4AaABAg,Rollo Tomassi,"""To vote is to wield authority; it is the supreme authority from which all other authority derives — such as mine to make your lives miserable once a day.Force, if you will! — the franchise is force, naked and raw, the Power of the Rods and the Ax. Whether it is exerted by ten men or by ten billion, political authority isforce ."" ""But this universe consists of paired dualities. What is the converse of authority? Mr. Rico."" He had picked one I could answer. ""Responsibility, sir."" ""Applause. Both for practical reasons and for mathematically verifiable moral reasons, authority and responsibility must be equal — else a balancing takes place as surely as current ‘flows between points of unequal potential. To permit irresponsible authority is to sow disaster; to hold a man responsible for anything he does not control is to behave with blind idiocy""",False,True,keyword,0,0,0,,0,0,0
UgyvUy45xfPHSCYqNN14AaABAg,21 Studios,"Men, just don't get married. It's a bad deal. I'm a lifelong bachelor at 61 years old. Life is too short to get yourself entangled in rigged, destructive contracts.",False,True,keyword,1,1,0,,1,0,0
UgwzcAaShbR-Phy0dQJ4AaABAg.AUqw-_CByYXAUrbP271lCG,Better Bachelor,Women started pulling off their panties in food stores and posting that on the Internet a good fifteen years ago. They were getting charged IIRC.,True,True,keyword,0,0,0,,0,0,0
Ugx0Q9APawiZOupmmed4AaABAg,Entrepreneurs in Cars,"Oh ok- didn’t realize this was one of those ""the world is against straight white men"" things. Glad I found out in the first vid. Cheers.",False,True,keyword,0,0,0,,0,0,0
UgyIDHnb6AJOYKoAymp4AaABAg.AQaA7LOFuEbAQwv1GiYfYF,Rollo Tomassi,"I used to think I needed to ""touch grass"" and that things between men and women could not really be that bad. But they really are ""that bad.""",True,True,keyword,0,0,0,,1,0,0
UgxmHsWwJhFntcxQERp4AaABAg.9k96HqeJ8Uy9k9LZNA1_Mz,21 Studios,Thank you and you tried hard to put it politely. There are many reasons I'm not a fan of men as well. I didn't start out that way it's what I have encountered through the years of being an adult woman. Sadly good men are few and far between. And I would disagree slightly w the idea of men not hating woman I could give you a laundry list of all the things that go on around the world that say yes some men absolutely despise women. Women are oppressed all around the globe. I personally have given up on men because in all honesty I haven't met but a handful that see me as an equal and treat me as such.,True,True,keyword,0,0,0,,1,0,0
UgyJBEBlBPxpYEWzGTR4AaABAg.9oB76UAjqxp9p2DKevryJq,21 Studios,Wtf? The coach himself needs support. Take him to a therapist,True,False,random,0,0,0,,0,0,0
UgxCGx_kHw84Jc15iY94AaABAg,Rational Male Clips,The amount of social engineering on display is wild.,False,True,,0,0,1,,0,0,1
UgxrYghLvgJkc-su_DB4AaABAg,Entrepreneurs in Cars,Jagmeet Singh - you are 💯💯💯💯💯 correct about him! Canada is destroyed!,False,True,keyword,0,0,0,,0,0,0
UgxmQ8yvJhkMvaSdam14AaABAg,Rollo Tomassi,"Rollo, I just learned that this evolutionary dynamic plays out in Western nations but may be changed in Eastern nations. I heard that back in medieval Japan, the role was reversed, especially with samurai. The woman was expected to be sacrificed so a Japanese warrior, such as a samurai, would have the ability to respond to danger so he could effectively guard whomever he was protecting. This may be an evolutionary dynamic but societal and cultural expectations may override this. Can you do some research into this?",False,False,random,0,0,0,,0,0,0
Ugz7VbIJr6A9ZmrHjHt4AaABAg,Rollo Tomassi,Dudes who aren't the alpha archetype got a lot of correcting to do 😂,False,True,keyword,0,0,0,,0,0,0
Ugy255hXPNcizBil0OZ4AaABAg,Entrepreneurs in Cars,"A girl I used to work with got a rich guy. Crazy thing is she liked me and if money didn't exist she probably would've pursued me lol. I'm happy alone, and if my AI buisness gets going I might be richer than anyone in the city I live in lol.",False,False,random,0,0,0,,0,0,0
UgzVWZAk8iDnSL-HOaN4AaABAg,Rollo Tomassi,"Simple thing. Less sex, less testosterone, more fat, less muscles, prediabetes, insulin problems, lack of motivation, worse quality of life, shorter life. Society lies to men. And many like me was too softbone to see.",False,True,keyword,1,0,0,,0,0,0
Ugwpb0VfNk_HkM1dNCx4AaABAg.9lv0AtK7cRG9mUzJlLNWLm,21 Studios,"By that logic, you idiots are grifters, too. You guys post on YouTube to build your brands and push your ideas and are hoping to grow. You are hippocrits. How does your audience know that you supported these ideas all your life. They dont, you can't hold a simple thought in your head that maybe these women saw the righting on the wall. Or maybe they were raised like this. By your flawed logic, anyone who makes money on talking about these ideas is a grifter. You fundamentally can't conceive this. Who is next? Are you going to call me a grifter or a simp for challenging your argument. Maybe develop better arguments and think more critically of what you are saying. This video deserves to be thrown in the dumpster for how bad of a take it is. It reaks of stupidity.",True,True,keyword,0,0,0,,0,0,0
UgxF7vs4KcUY2OG3oh94AaABAg.AWAVOLONf85AWEPPoqEozG,Better Bachelor,@internetuser969 Women generally don't marry men that make less than them. This is using the exception to act like the rule doesn't exist.,True,True,keyword,1,0,0,,0,0,0
Ugzm8INOcSN_VulgPUR4AaABAg,Rational Male Clips,"The real problem with alpha widow is perception, it does not matter if you are objectively better than the alpha bc women care about perception and emotion, In that story the guy didn't even kiss her and she was pinning for him while another Steve married and had kids with her, same with titanic jack was a ons against a life of luxury, kids and grandkids... yet in the end women choose based on emotion not reason. The other guys could be shorter, broke, small d, fat, junkies, etc but women pair bond so sstronglythat no amount of proof is going to convince them otherwise, look at tom Brady he was cheated on by an alpha widow with a guy that was worse in every metric but made her feel things.",True,False,,0,0,0,,0,0,0
UgzVxcx3Iq84twFPjGV4AaABAg,Rollo Tomassi,Next time while the video is playing can you tell black hills to shut his trap i can't hear over the video audio,False,False,random,0,0,0,,0,0,0
UgxJwiWFd8eLukqAQI54AaABAg,Rollo Tomassi,"Christian here, and Rollo is correct on Pastors and/or Priests preaching men to be indentured servants to women.",False,True,keyword,0,0,0,,0,0,0
Ugz3jLshFjliF6JBJXh4AaABAg.AWH75HyTDu_AWHmVfgWj7V,Entrepreneurs in Cars,@FaeDruid single father raised do as well as those from 2 parent homes. Why do feminist mothers who resent cooking get custody of teen boys?,True,True,keyword,0,0,0,,0,0,0
UgzQY5zJc4Wu0CyUrRV4AaABAg,Myron Gaines X,"That is insane, posting your train wreck for the world to see. She'll never learn and never take accountability.",True,False,,0,0,0,,0,0,0
Ugwmm5Befp235XfOyGF4AaABAg,Entrepreneurs in Cars,"First and foremost, why the hell complain at all about a bad day? Why would you want to relive a bad day is beyond me.",False,False,random,0,0,0,,0,0,0
Ugyu5JD66Lj-UYEDwCV4AaABAg,Better Bachelor,Young women are being taught to hate all men …,False,True,keyword,1,0,0,,0,0,0
UgwLX0L_y5MEAdtTsQN4AaABAg.AWw8FWhzcrGAWwME1GphPO,Better Bachelor,Yep algo is to keep you single and pay money it's a rigged game,False,True,,0,0,1,,0,0,0
UgzeH-i_nU8nIy5yH6p4AaABAg.AYFKTb95jCsAYWiJgNEbDL,Entrepreneurs in Cars,"50% marriage ends with divorce. You won't play roulete when 3 out of 6 barrel is loaded, don't you?.",True,True,keyword,0,0,0,,0,0,0
UgwXvxLqjDAH2UtN02h4AaABAg,Rational Male Clips,"4:25 When society inevitably collapses, as supply chains fail and break, the powers that be will fight to ensure that the chain for hormonal birth control is maintained as that is the key to the success of their entire endeavor.",False,True,,0,0,1,,0,0,1
UgxrNCLd5q4j-gW_S554AaABAg.9mj0KUP6puj9nF1IApqD6U,21 Studios,​@rodprops does have a point. Was the favourable court judgement God's doing? I doubt it.,True,False,random,0,0,0,,0,0,0
Ugzsh7x2jyznlZlSBhN4AaABAg,21 Studios,"I belong to the California Default Father's Club. Court is extremely broken. I'm denied DNA test, Visitation, Lawyers and Credit Score. Judge said I'm stuck in a Loop and never escape. I'm even denied my Passport.",False,False,random,1,0,0,,0,0,0
UgwlPGPzqpIteWl0gGV4AaABAg.AWH9aPZ2D70AWHpebcxVEu,The Free Agent Lifestyle,"Because there’s too many fraudsters, drifters, and hypocrites in the red pill/manosphere community",True,False,,0,0,0,,0,0,0
UgxHLoA-Ze-KGxO7EnV4AaABAg,Better Bachelor,They ONLY arrested him because he exposed the TRUTH of women.,False,True,keyword,1,0,0,,0,0,0
UgzJHHtCxtFFMJC_qad4AaABAg.AX5UVoKlJ0IAX6D2X9GAxv,Better Bachelor,Descibes the entire global medical profession essentially when humanity barely escaped certain extinction a few years ago. 😮,True,False,random,0,0,0,,0,0,0
UgweSsJlQi-ukBTyR9J4AaABAg,Better Bachelor,Fuck Hollywood let it sink.,False,True,,0,0,0,,0,0,0
UgwSVUBWGrdWIH6-Gux4AaABAg.AV-CUSnGX6rAVADajcHVhE,Better Bachelor,They don't realize the iz l a m b literally treats women like hand maid's tail,True,True,keyword,0,0,0,,0,0,0
UgzQmOtezlP01TyudXJ4AaABAg,Rollo Tomassi,"I am divorced and my ex husband was never a real man, as a woman I cannot teach him to be a man, but I have listened and read books of Aaron Clareys, Rich Cooper, and Rollo so I have steered my 16 year old boy their way through YouTube and books… I want him to be a strong and successful male",False,True,keyword,0,0,0,,0,0,0
UgypTBwL33SPU1tJdzJ4AaABAg.AT_k9ee7sLqATb2_tTW02y,Rollo Tomassi,"True true.... For me it's cooking, exercise, cycling or biking. Just taking the cycle or bike out for a spin clears the mind. Quite a few men I know turn to booze and binge eating. It fucks up your health(making the Dr.'s and Pharma's happy), temporarily numbs you......and does absolutely nothing to reduce the depression.",True,True,keyword,0,0,0,,0,0,0
UgxZoyJdI4Lx7F9yvwV4AaABAg,Entrepreneurs in Cars,"Where I come from in my culture, purpose in life is divided into 4 stages based on age - 0 - 25 : student, learning 26 - 50: family, children 51 - 75: celibacy 76+ : vana prasthan - it means retreat to nature. ☺️ Every creature on this planet follows it based on their life span except humans. Even birds and other creatures follow monogamy but humans?! 😂",False,False,random,0,0,0,,0,0,0
Ugw2wi9hVO2okR6uok54AaABAg.AQqPSrvYIh6AX_PwurghA5,Rollo Tomassi,@Fred-Pantolinhe did. He took the beanie off on fresh and fit and had a haircut.,True,False,random,0,0,0,,0,0,0
UgxL0LELqSuuwdRslCV4AaABAg,Rational Male Clips,James Joyce short story The Dead is about a married man dealing with his alpha widow wife.,True,False,,0,0,0,,0,0,0
UgzCorAJwU1AH9oR3dx4AaABAg,Myron Gaines X,"Stupid take. Some of yall so brainwashed, you agree with this nerd. Money can't unlame you.",False,True,,0,0,0,,0,0,0
UgxIuueQ2EsWUCuAwbx4AaABAg.AXURTOQZgTUAXU_14dldPp,Better Bachelor,"Didn't see any agents of the c c p..? Oh wait, they are the ones in the shadows that have helped turn that country upside down ever since their tool and useful idiot, the former crime minister justine tvrdbrain rose to power. From Canada to chinada in less than two decades.. and the U.S. isn't far behind.",True,False,random,0,0,1,,0,0,1
UgxGz2sZmTHr1ZOdMHp4AaABAg.9o7buGYmsQV9oOtTez-vPW,21 Studios,@absolutedivineNYC You can't disagree with literally everyone without eventually becoming a hypocrite,True,False,random,0,0,0,,0,0,0
UgzFKnuH4PAkA55lhhp4AaABAg.9kQP2Ggxhy39mgS18gDKs1,21 Studios,"I thought we had the same woman for a min… you’re 1,000% correct.",True,False,random,0,0,0,,0,0,0
UgyE1RTbcCIjOcv39LR4AaABAg,Entrepreneurs in Cars,"Subpar counsel. Proper Counsel; 1. Don't get married. Never. 2. If you must live with a woman, make sure the relationship is founded solely on your own constitution [with genuine loving intent toward the other person]. How do I mean? Make sure she has her lawyer [adequate representation in order to avoid excuses when separation happens] and you have yours. State your terms and conditions for the relationship//mariage; during and after. If she ain't okay with that, she is to leave. No force. No pressure. For number 1 & 2 to work, your desire for your own freedom and independence must greatly exceed your desire for companionship, regular romance and intimacy. I ain't saying you shouldn't crave companionship and romance. You just gotta prioritize freedom. Understood?",True,False,,1,1,0,,1,0,0
UgytKdYIy9xUZ6s2AW14AaABAg,Entrepreneurs in Cars,"Unbelievable. This video nearly perfectly described my life of the last sixteen years. No kids. Wife just said she's bouncing for another guy (who was already in the process of leaving his wife) that she has GBD for. This video made the course of our entire marriage flash before my eyes - all the same mistakes I made without knowing it at the time, but made crystal clear now. I feel like I know what I need to do now; my only fear being that at 52 I don't have enough time climb my way to the top shelf and may never meet someone with that GBD ever again. Regardless, I either get there or die trying.",False,True,keyword,1,0,0,,0,0,0
UgzB3HyQ1tLj1yyckVl4AaABAg,21 Studios,Ultra M.A.G.A FJB wearing that red hat proudly everyday in public until America is Great Again 🇺🇸 Trump Desantis alpha heros,False,True,keyword,0,0,0,,0,0,0
Ugyv_cKaI6Cj6tVHcgd4AaABAg,Rational Male Clips,Coming from a man who has been manipulated to believe that self-castrating himself(marriage/monogamy) to go against his own manhood is “noble” and what a “real man” would do 😂😂😂 The manipulation runs SO deep!,False,True,,1,0,0,,0,0,0
UgzpM3j9MdcDCwVYxbB4AaABAg,Rollo Tomassi,"Ironically Tate claiming to ""escape the Matrix"" yet he is so deep in the Matrix that he will throw other people under the bus because he doesnt want to get cancelled by the Matrix",False,True,keyword,0,0,0,,0,0,1
UgzY33Wpn6druexBDcp4AaABAg,Better Bachelor,"I mean, she was doing this on film way back in the 90s...why is anyone surprised",False,False,random,0,0,0,,0,0,0
UgwMn6FwKLa0EYD_-lh4AaABAg.AKTV7A-cSBbAKTrNZx3UR2,Better Bachelor,@randallsnyder5757yup. If the government wants help keeping the peace they had better start deputizing willing citizens.,False,True,,0,0,0,,0,0,0
Ugx9BupYKKcFEsh0mxp4AaABAg,Better Bachelor,I worked for a company that makes beer it's one of the main ones. They fired the entire HR team at the plant I worked at. They investigated and found they were racist and sexist. They were about 8 years ahead of the DEI curve. Yes it was an all female HR.,False,True,keyword,0,0,0,,0,0,0
UgzMfOQhY3t3hNGE-ol4AaABAg,Better Bachelor,"And now we know why ""back in the day"" men went out for a pack a cigarettes and never came back.",False,True,keyword,1,0,0,,0,0,0
UgwOOiZuX6Eoz9tyout4AaABAg,Rational Male Clips,"The Boomers are definitely to blame but we are also to blame for believing their BS. We in the conspiracy community have always said to ""question everything"" because your own parents were lied to. From the fake moon landing, to UFOs, to 911 incident and the central banking system. (Ron Paul tried to audit the Fed and they don't have to show you the ledger which is why bitcoin and blockchain technology was invented to eliminate tampering of ledger) Satan runs the world down here. The bible tells you this. It is not paranoid to question everything if you've been lied to. 😛 point is: You take personal responsibility. Don't depend on your government, parents or external help. You are Max from the Mad Max movies living in a lawless society. No cops coming to stop crime since they see YOU as the threat. (watch the videos of police brutally beating up people not wearing masks during the covid lockdowns ). You are on your OWN.",False,True,,0,0,1,,1,0,0
Ugzbvl9wxtYhZyNa_KJ4AaABAg.ASH2UjzvwQRAStN1PA8aUX,Rich Cooper Clips,"If you’re reading this, I care about you and will be praying that you come to know Jesus as your savior. God loves you so much that he sent his son to die in your place, clearing your sins in his sight and providing you a way to avoid eternity in hell on the day of judgment if you repent and put your faith in Christ. No one knows when their life on earth will come to an end, so please consider making that decision today. Israel proves that the Bible is true. Thousands of years ago, Ezekiel 37:21 predicted that the Jews would be regathered from the nations and brought back into their own land. In 1948 it happened. God preserved his chosen people for nearly 2,000 years, showing clear evidence of divine prophetic fulfillment. Israel’s return triggered a countdown toward the end times (parable of the fig tree) and we’re beginning to see the initial stages of multiple prophecies converging: 1. Great Deception (Aliens are demonic entities, Roswell incident occurs just prior to Israel in 1947, disclosure talks suddenly ramping up) 2. One World Government (UN, WEF, IMF, WHO, globalist elites, Agenda 2030) 3. Antichrist Covenant (The Abraham Accords, Trump’s 20-point peace plan developing with international support) 4. 3rd Temple Construction (Implements and garments ready, priests trained, pure red heifers acquired) 5. Mark of the Beast (Global push for Digital ID, 6G, implantable devices, AI surveillance state) Once true Christians are raptured, which will likely be explained away by full disclosure, the antichrist rises to power and deceives the world. Over the following seven years, horrific events will kill billions. I urge you to repent and turn to Jesus before it’s too late. There’s no other way into heaven. Study the book of Revelation and you'll see that it closely aligns with what's going on in the world right now.",False,True,,0,0,1,,0,0,0
UgzTWgk5lBFn2N2lFgR4AaABAg.AVsdftQdjKoAVsfDWQnD19,Better Bachelor,The Marxist attacking us is not America. They are the enemy,False,True,,0,0,1,,0,0,0
UgyTIJAdtIh3gU0oe2Z4AaABAg,Entrepreneurs in Cars,"Awesome advice not only for 50+ but for 40+, 30+, 20+, and not just about divorce but from a break up too!!",False,True,keyword,0,0,0,,0,0,0
UgyQhW5LZA17MczHRgZ4AaABAg,Entrepreneurs in Cars,What’s even worse is a 5 who thinks she’s a 10 😂,False,False,random,0,0,0,,0,0,0
UgyQGQTAtgYNbPz5VFJ4AaABAg,Rollo Tomassi,Not enough dudes have read Rollo’s work and it’s sad. Hence the low comments.,False,False,random,0,0,0,,0,0,0
Ugx8qUtomnZMlfjxObV4AaABAg,Entrepreneurs in Cars,"Fact of The matter is, Genuine burning desire won’t exist if a man isn’t able to fully love, accept, and put himself first and foremost. The fact that you are here watching This video to test a women for genuine burning desire already foreshadows the need for external validation and lack of self assurance. Without these two vital components to the self, burning desire from the opposite sex will never occur. And the more you try to create that desire by constantly checking yourself and deliberately trying to create the atmosphere/persona required to “keep her”, the worse it gets. It comes off as inauthentic and forced. “The more you try, the worse it gets” “You suffer because you desire” Funny how things work eh mate",False,True,keyword,0,0,0,,0,0,0
Ugw8QluOVyUqLeG6T1V4AaABAg.AWeIYaWealwAWeOL67M45P,Better Bachelor,Which is why we must become self sufficient and trade/barter.,True,False,,0,0,0,,0,0,0
UgyGk5DCSqgmFfEDHEF4AaABAg.9lPS9sa7bKM9mj_xsbt4N8,21 Studios,LoL.David. I've never walked on water like Peter and Jesus Christ. I'm extremely blessed that God provided me with a way to escape this legal trap and become a Legislative Advocate for Men in Family Law.,True,True,keyword,1,0,0,,0,0,0
Ugz43JqsTzts3RxjqvF4AaABAg,Entrepreneurs in Cars,You think your definition of masculinity is it. Doctors used to be primarily men. You don't need to be good at combat sports. They are not really important. Owning a motorcycle. 😂 Basic. Very basic. How about being funny? The best comedians are men. Let's be honest. You are not funny. I think there is room for both you and Scott Galloway and Jimmy Carr in the manosphere.,False,True,keyword,0,0,0,,1,0,0
UgyBtPvgZ0rn9U1J0_14AaABAg.AI0oC4z5a9xAI3PuKZkJa_,Rational Male Clips,"Michael Burry studied economics and pre med. A few things. He was educated and clever. That education was not wasted when he made his short. Coming back to your point whilst he was clever and educated he was also prepared to research and look closely. Many of us dont have the inclination, time or smarts to take a close look. Does education and work experience alone contribute to an individual making a short that produces a massive windfall? No but those things certainly help. Beyond his research im sure he also had a very solid understanding of human self interest, which helped him put logic and doubt aside. He also understood the rules of the game and the govt response. The govt would effectively socialise losses and he would be paid. Now i am not from the US. But if someone i trusted quickly explained CDO's to me and then also told me ratings agencies had next to no government regulation or oversight i would suddenly realise it would be such a stupid bet despite the benefit of hindsight. But lets be honest for most of us our ignorant assumptions would have been the problem and initially we would make the assumption that a combined high level of greed and govt neglect aint plausible. But most of us would be wrong. And history proved it. But remember the guys who study at uni are intentionally kept in a lane. Too much theory. Not real examination of legislation and policy. And no application of human flaw and corruption to economic formula, models, findings etc etc. If ratings agencies are not subjected to X what happens to Y? If bank employee A does B what criminal charges are likely to be applied? Those questions do not get asked in academia. Now you make a very good point about the understanding female nature. But there is a difference. You might have the equivalent michael burry level of understanding of women. But if you have his level of understanding but do not have his wealth and also happen to be 5 foot 6 you will be pushing the proverbial up hill. Overall good anology but certainly different variables and different limitations.",True,True,,0,0,0,,1,0,0
Ugwj-sMDQuRDVjDLfGZ4AaABAg.AYHptFMOaoCAYMJKBdJJ9X,Rollo Tomassi,"_""Empathy is impossible without identity.""_ Do you mean by this that only men can understand men, because of the lived experience and women can't?",True,True,keyword,0,0,0,,0,0,0
UgxKAus_Coqa_m3WIkh4AaABAg.ATXuyXn-SjhATeD4RC4TsU,Rollo Tomassi,"I knew guy from my neighborhood who was considered a homely looking dude but he had fashion and knew how to talk to women,he even two different women pregnant",True,True,keyword,0,0,0,,0,0,0
Ugw3AF33BxtFljkuck94AaABAg,Entrepreneurs in Cars,Marriage is a suicide move for men in these times...U are playing with fire.,False,True,keyword,1,0,0,,1,0,0
UgxFG947huxJhb8FKBF4AaABAg.9Z-sKpMD9VA9eVk3mb5gnW,Rollo Tomassi,Yes... Isn't that the main mission. What's wrong with not having time. I also don't think Tomassi was the pioneer in the red pill.,True,False,,0,0,0,,0,0,0
UgwcCIHgf_UQbYwg-CN4AaABAg,Rollo Tomassi,"Regarding manosphere fitness influencers, Greg Doucette is fairly red-pilled and has discussed red pill topics several times. He even liked one of my comments suggesting that he has definitely read The Rational Male",False,True,keyword,0,0,0,,0,0,0
UgwWXSytNlCORK1Fq214AaABAg.AQSnqIu1mINAUmiYNY51yL,Rollo Tomassi,"I was a paralegal in a family law firm, had to quit because it was soul rending to see all the worst of relationships.",True,False,random,0,0,0,,0,0,0
UgwBvz12FIPsyx_VFgl4AaABAg,Entrepreneurs in Cars,Survey says.... it does not matter. Women change their minds all the time.,False,True,keyword,0,0,0,,0,0,0
UgyNjTPF5q1io_oMcDl4AaABAg,Rollo Tomassi,1:59:07 So what your telling me I need to be flat broke to get laid? OK. I'll do it I'll get a divorce.,False,True,keyword,0,0,0,,0,0,0
Ugx6w9Ov7mCVmTU3iXt4AaABAg,Entrepreneurs in Cars,"I've made a detailed video refuting Rich on this point. He even has said he'll debate a tradcon guy. But he won't. His points are useless. You can still get screwed by the courts for cohabitating in a non-legal marriage - which is what cohabitation is, even two people don't want to call it that. His own country has laws that can divide assets after cohabitation. He knows full well that his concerns can be mitigated with prenuptial and cohabitation agreements. His hatred of marriage is just a cover up for his promiscuity. Nothing deeper than that.",False,True,keyword,1,0,0,,0,0,1
UgyZh4QoWshHp5FODNV4AaABAg,The Free Agent Lifestyle,THIS COULD HAVE HAPPENED TO ANYBODY WHO IS WILLING TO SOLD THE SOUL TO THE DEVIL . 😈 THE DEVIL IS EVERYWHERE YALL BE BE CAREFUL OUT THERE 🙏 . This will not be the first nor the last . THE DEVIL WANT TO DESTROY ALL OF US ESPECIALLY THE YOUTH. SHALOM TO ALL OF YOU,False,True,,0,0,0,,0,0,0
Ugwi2BKa5hutTusgAPd4AaABAg.AVizhybs7XsAXHgqwKzgnW,Better Bachelor,"Yeah they should bow down to their oppressors, what's wrong with the victims of misogynie 😅",True,True,keyword,0,0,0,,0,0,0
Ugy6saGucgAzTdWsSKN4AaABAg.AXUN0tgKL4SAXURXIhmISN,Better Bachelor,"@TisiphonesShadow boomers as a group _are_ primarily responsible for the mess we're in. As a generation, they own over 50% of America's wealth, _and_ they're the only generation to have had a better quality of life compared to every generation before them, _and_ after. They got theirs, and then kicked down the ladders. They're not referred to as the *""ME""* generation for no reason.",True,False,random,0,0,0,,0,0,0
UgxxyF1j1zPMgrmz3mt4AaABAg,Entrepreneurs in Cars,"So how are we explaining rich dudes getting divorced?? These guys did the work didnt they, still havin women leave, losing money??",False,True,keyword,1,0,0,,0,0,0
Ugz1IFerFq4yahOJQZd4AaABAg,21 Studios,Commitment will get you killed. Trust me my biggest fear is the pressure in a relationship. Men must always perform and can't have any mistakes while you must be understanding and patience with her. Women don't give us the same grace!,True,False,,1,0,0,,1,0,0
Ugw8HiMbDD821i1-2q54AaABAg,Rollo Tomassi,"The problem is that a bomber always gets flak when it’s over the target. Andrew Tate is very hyperbolic and shovenistic. However, simply states the facts about men and women that the social media sphere does not want everyone to know because they fear losing their base to unplugging. They fear the truth will set more and more people free, which causes them to lose power and influence.",False,True,keyword,0,0,1,,0,0,0
UgyAS8bQo2yvEpSjrkR4AaABAg,Better Bachelor,Let our image of her stay as it was in the 90s...,False,False,random,0,0,0,,0,0,0
UgwVIsp4OIdxVafn3Dd4AaABAg,Rich Cooper Clips,Hard truths men need to hear!,True,False,,0,0,0,,0,0,0
Ugxl4zEl0gQYLVdhjKB4AaABAg,Rollo Tomassi,"No, it was feminism. Technology has neither good nor bad intentions, it’s how the person decides to use it. You are making the same argument that the anti-gun crowd makes about firearms.",False,True,keyword,0,0,0,,0,0,0
UgxQtblTkiw9_46WO6d4AaABAg,21 Studios,"In most cases, the man is considered guilty by default, and woman is considered victim by default. Half the case is already lost at the beginning.",False,True,keyword,1,0,0,,0,0,0
UgxeH11Nf5VYsvu222t4AaABAg.AVJI8L-LZXLAVL9EddPZs4,Entrepreneurs in Cars,@JohnGrigg-n5f... perhaps.... but i don't see any male prison supervisors with 30 yrs of service and everything to lose throwing it all away to break a female inmate out and die in a hail of bullets to let her escape. If you truly want a reality check concerning just how vastly different men/women are ..... look up: hybristophilia,True,True,keyword,0,0,0,,0,0,0
UgxzXoyBS20H0UJ0ZKF4AaABAg.9kEd_80_4zs9kGGo1sCgez,21 Studios,@anastaciagufler3875 that’s fair . But I got needs . Men don’t really know how much they like a woman until after but there’s pitfalls in that,True,True,keyword,1,0,0,,0,0,0
Ugw1fRRQ9p0cap7UPNt4AaABAg,Rich Cooper Clips,"I am of an India decent, but we came her in 1906. We built the infrastructure, served in wars and more importantly acclimated to Canadian values. Last 5 years they doubled the Indian population to 4% and these mofos are extorting us. They imported to worst on purpose as only criminals act like that in India. Then India asked we take 60 million more? I'm gone if that happens.",False,True,,0,0,0,,0,0,0
UgxNgowXtGF1X0BMleB4AaABAg,21 Studios,How about exposing predator men? The 21 convention has lots of those.,False,True,keyword,0,0,0,,0,0,0
Ugx0AaaDHsstz9E3RVF4AaABAg.AX5UnONUlpgAXABxkM3fEB,Better Bachelor,"You met with the boss over lunch, interviewed, had a stiff drink, shook hands, and you're hired. I got hired that way, and within 20 years and a merger we had a bunch of women running the process...mandatory training ad infinitum about workplace harassment, etc, etc, etc. I left and work for myself.",True,True,keyword,1,0,0,,0,0,0
UgzKo129Xkc_wJOCCzJ4AaABAg.AVoNczk8D1jAVp-5cwtUsL,Better Bachelor,They continue doing this all throughout history. It's always women.,True,True,keyword,1,0,0,,0,0,0
Ugy8a2NkYyYdezCbzyd4AaABAg,Rollo Tomassi,Women in my life have nEver apologized - accountability is non existent in just about every woman I ever knew,False,True,keyword,1,0,0,,0,0,0
Ugw6CFTyoazDbJXk5Hh4AaABAg.9f4D0dnk5mK9fDLb0ag7Y6,21 Studios,"This is what people mean by ""the deep state"". It's tyranny plain and simple.",False,True,,0,0,1,,0,0,0
Ugz3UCv5P3e46N68xSd4AaABAg.AXflo3b6y9gAXg09nfzDou,Entrepreneurs in Cars,Exactly.. complete insanity. Most young childless women can’t even get a millionaire,True,True,keyword,0,0,0,,0,0,0
UgzpAIH-s_PpQICiHEd4AaABAg,Rollo Tomassi,Are WOMEN what's WRONG with Modern Dating? - Yes. Thank you for coming great show.,False,True,keyword,0,0,0,women are whats wrong with dating - unsure if commenter is saying thiose though os summising the video's content ,0,0,0
Ugy4wWCMWPRV5DB9frN4AaABAg,21 Studios,I was seeing a girl like that with 2 kids for a while and i got out of their so fast after she tried to show me off to her ex husband . how low to attempt to pull a stunt like that in front of her kids. my advice is stay away from girls like this period.,False,True,keyword,0,0,0,,0,0,0
Ugye4Q7f7hWt3-fcDBl4AaABAg,Better Bachelor,Nah. Women will ignore a guy's negative feedback...if he's hot.,False,True,keyword,0,0,0,,0,0,0
Ugz_gMWv77wBBGwndPl4AaABAg.AVdO96z6SOKAVg90ybAHva,Rational Male Clips,"Yeah because most women don't live in reality, they don't live in the real world. They've been lied to for so long by the family their friends simps and to themselves. Also most women have never really been around actual genuine hot sexy women who are drop dead 10s.",False,True,,0,0,0,,0,0,0
UgxKieQuOrBpl8Z6B5Z4AaABAg.9kZJAYo5nEX9kcpYZy-hbb,21 Studios,@nightshade7111 It’s not the individual woman. It’s the legal system and social indoctrination that corrupts the western woman by rewarding negative behaviour. This is simple self preservation and if you want to be wilfully ignorant of these facts then I can’t help you.,True,True,keyword,1,0,0,,0,0,0
UgzgOBwxqTMgjTT05hN4AaABAg.9peq1R5NhDT9perAbFMfef,21 Studios,The problem is people refuse to identify the problems in society. And if u refuse to identify them then of course everything is gonna decline,True,False,random,0,0,0,,0,0,0
UgxB4fsS3jwi9fAQ3t94AaABAg.AVp1zu9ndJoAVrmcU_PVcq,Better Bachelor,We'll talk regardless. Women don't deserve to be treated special. They're flawed human beings,True,True,keyword,0,0,0,,0,0,0
UgwAtn_5wqQ9TmgRvdt4AaABAg,Entrepreneurs in Cars,"I do low dose finasteride and it has no effect on my libido. I do have a high drive and honestly if it is lowering it that's a good thing 🤣. It stays in your system 4 days, so I only take 1mg every 4 days.",False,True,keyword,0,0,0,,0,0,0
UgxzWZG0fUMNJpe_xP14AaABAg,21 Studios,"Men beating their wife and children, not working or always coming home drunk That might have something to do with all the violence. Please don't blame women for the violence in the world. A woman who leaves an abusive man has to be both Mother and Father.",False,True,keyword,0,0,0,,0,0,0
UgzzDhFeGyqayxTJAhJ4AaABAg,Entrepreneurs in Cars,This is so offensive to all the good women and happy men.,False,True,keyword,0,0,0,,0,0,0
UgwVgeZqqpIo04ptEpx4AaABAg.9kZWmr1cGFW9kiaXmAOGlC,21 Studios,Jeff younger doesn’t pay child support and has been caught gaslighting his kids and even stalking his ex wife and kids.,True,True,keyword,0,0,0,,0,0,0
UgxmHsWwJhFntcxQERp4AaABAg,21 Studios,"Nah.. we don't want to be in charge...not in this horrible system no thank you... Btw what causes women to dislike some men is their dominant gift of god attitude, sexual obsession and violence. But that are certain individuals...same goes for certain women. It is about evolution, waking up to who we really are in essence. But you can""t ignore Richard that there are a lot of len that look for a mammy they can have sex with. Also clean up after them, serve them....and some women are fed up with not getting appreciation for that. Btw a lot of men are dangerous...try travelling alone as a woman...or just being in a park alone is already enough...",False,True,keyword,0,0,0,,0,0,0
UgwfrXgB6RqE4rG1epJ4AaABAg,Entrepreneurs in Cars,TheCEOguy nails it right on the head. Why would a married woman want to do single things while married? Why would you test your marriage? Good analogy about your Porsche Rich. It’s a domino effect of bad choices leading to further worse choices. 🚩,False,True,keyword,0,0,0,,0,0,0
UgzoGTgngPX3g_tYBHB4AaABAg.9VfhX4Shqud9VilBu9a6XD,Rollo Tomassi,"Any suggestions for pure red blooded RP movies from Hollywood? Once you start watching your favourite past movies with a RP lens, you just want to punch your ""hero"" when he exibits BP behaviour, and the movie just sort of looses its charm/hold on you.",False,True,,0,0,0,,0,0,0
UgzI2-HXZiEMjwQOgkh4AaABAg,Entrepreneurs in Cars,"Rich, it's hilarious because honestly it's like the unlearning of the financial system too. We all know this stuff deep down & you're just confirming what no one says out loud. That's why we love it.",False,True,keyword,0,0,0,,0,0,0
UgxbU2FvWVwpQVe8bPd4AaABAg.AWQyl33nGK7AWR-hiLaU35,Entrepreneurs in Cars,that guy that set you up.... was not a friend,True,False,random,0,0,0,,0,0,0
UgylNG182F44ViQDsIR4AaABAg,Better Bachelor,"At this point , they are only useful for ""renting"" ...",False,False,random,0,0,0,,0,0,0
UgzV_aJCWsDsbrRPZIF4AaABAg,Entrepreneurs in Cars,Nonsense. No partnerships are equal. Partnership is a perfect word to describe a marriage that is working because both people are contributing to it and making it better. Even if it's not always 50/50 it can be a partnership.,False,True,keyword,0,0,0,,0,0,0
UgwS3E2EN1_bBYD6ztF4AaABAg,Rollo Tomassi,"Bro you are a true steward, thank you one day bro you will see",False,False,random,0,0,0,,0,0,0
Ugw9ZPNspEFxbwyjpjB4AaABAg.AVBy5rfipqvAVCB9y3TPTD,Better Bachelor,"I've read that during the Third Reich the women were the most fervid supporters. Hitler made a comment ""first you get the women and the children and then the men follow"".",True,True,keyword,0,0,0,,0,0,0
Ugy2_HStYwO9_3yMqiV4AaABAg.AXHgC_Nl5XQAXHiCb-Tf9z,Better Bachelor,It's the virgins in there basement and married men who refuse to rule the house..mainly the latter.,True,True,keyword,0,0,0,,0,0,0
Ugy7Ek1TwEbPGVhAeCR4AaABAg,Myron Gaines X,"A lot of people here aren’t getting the right read on Connor. Watch his own documentary “Escaping the Cult of Bodybuilding” before judging - it changes the picture completely. The confident gigachad persona was an act by his own admission, off camera he was insecure and socially anxious and bodybuilding was how he coped. So his later shift away from fitness content wasn’t a “decline”… it was him trying to become more genuinely himself, not less. Even the cringe videos people point to as him losing his mind were deliberate by his telling - challenges to overcome personal fear through embarrassment. Agree or not, that takes a kind of courage most people commenting have never attempted. Obviously somewhere along the way he stopped keeping the guardrails that stuff like that needs, and whether that night was one bad decision or something building for way longer, none of us knows, the toxicology isn’t even back yet. But what I’d take from his story isn’t “look what drugs do” or another influencer meltdown story. It’s that people searching for meaning need understanding and presence, not judgment. Shame drives struggle underground and underground is where we lose people quietly. If someone in your life is going through something like this get closer, not further. He was intelligent, misunderstood, and sincerely trying to become someone real. He had more to give. RIP Connor",False,True,,0,0,0,,0,0,0
UgzEI8zERyT5i4uOTSx4AaABAg,21 Studios,I’m glad I’m following God’s standards because it protects me from so many headaches.,False,False,random,0,0,0,,0,0,0
UgzkYQ_qF7EXoC-np2F4AaABAg.AV1Iq6v19A-AV1pFsVCG1p,Entrepreneurs in Cars,Gud u leave that broad hope u didnt have to give her anything,True,False,random,0,0,0,,0,0,0
UgxIFSRVMJ6vvghNyl14AaABAg.AVxhDg6VJWTAVxilqa-YC9,Better Bachelor,"From my experience, women have zero personal agency, so from a certain POV, they are victims…at least in their own heads.",True,True,keyword,0,0,0,,0,0,0
UgwzmXty9ZJ-m8Q3cwF4AaABAg.AKKa7quLkyrAKKtpwJsxgv,Better Bachelor,Im Convinced Bongino is Part of the Deep Deep State,False,True,keyword,0,0,1,,0,0,0
UgwDjoa-RU7hyC05XtV4AaABAg,21 Studios,"Just a nonsensical opinionated video. You want to attack Fresh And Fit. How many men who were on your platform has Anthony ""the dream"" Johnson screwed over in the past that they wants any part of anymore. To attack other men for nonsense is a form of toxic masculinity.",False,True,keyword,0,0,0,,1,0,0
Ugwv-tcrerJuxDOtPCN4AaABAg,Entrepreneurs in Cars,"I just picked up The Unplugged Alpha. I have the other book, but didn't want to read it first. I am in the process of completely revamping my life after serious health issues a couple of years ago. I will read the books after I finish the motivational course I am taking. I turn 55 tomorrow.",False,True,keyword,0,0,0,,0,0,0
Ugz6YWKJWTnDpyyrG4l4AaABAg.A7uADwvVLvNA7uC9chV8vy,Rational Male Clips,"If democracy was the problem, Russia and Iran wouldn't have depopulation.",False,True,,0,0,0,,0,0,0
Ugw4ji-iFce1bC6S3Tt4AaABAg,Rollo Tomassi,"“A real alpha man isn’t loud or controlling—he’s calm, disciplined, and grounded. He leads with respect, speaks with purpose, and treats everyone with quiet strength. A true alpha is, above all, a gentleman.”",False,True,keyword,0,0,0,,0,0,0
UgxTXK6GX2HJzWHWHYh4AaABAg,Entrepreneurs in Cars,No S*x instant divorce ain't no body got time for that,False,True,keyword,0,0,0,,0,0,0
UgxDow8SGf1qQ1W6IxJ4AaABAg.AWkZvZJM7vcAWkl1TJloR2,Entrepreneurs in Cars,Getting lean definitely makes women want you way more. It's a life hack. Looks matter before everything. I don't think most anyone should get surgery though.,True,True,keyword,0,0,0,,0,0,0
UgxkTv2AYE5OC94ZpbR4AaABAg,Rollo Tomassi,The people cheering and mocking his death have never been in fights. 80% of them are women. Many are people who think that violence and death are things that only happen in movies or video games. They are very confident that what happened to Charlie would never and could never happen to them. They are also very confident that they will not be in physical danger if things get hot in this country.,False,True,keyword,0,0,0,,0,0,0
Ugxmaf_vgIDhcw7_R0R4AaABAg,21 Studios,"I don't think just because someone agrees with what she may have to say that they are sexually attracted to or simping for her. I personally don't find her attractive physically, but do like her message. Now, one could make the argument that she is simply repackaging a product that's already been out on the shelves from guys like Hammerhand, Ribby the Party Frog, Undead Chronic, Taylor the Fiend and the War Band. But many guys may be new to the MGTOW movement and stumbled upon her content first. And no offense but it could be argued that you're profiting off of the guys I mentioned. They were doing this long before you too.",True,False,,0,0,0,,0,0,0
UgwOxfrpB0OnJ65dWJZ4AaABAg.APJo1Pm1H3cAQ-WuUxmEFQ,Rollo Tomassi,"Yea protecting an ""alpha male"" who tells men to dick down literal whores",True,True,keyword,0,0,0,,0,0,0
Ugzex2sBiT6mm9WmlRx4AaABAg.AUTGod2yacpAUVwGZbgf93,Entrepreneurs in Cars,@liammhodonohue Perhaps part of the problem is shown in the comment cheaper than divorce. Well we know what matters to you now.,True,True,keyword,0,0,0,,0,0,0
UgwLcBu-knwlytAeVzR4AaABAg.AZ3XVP2gt3lAZDPOn6VlGZ,Fresh and Fit,Don't play a rigged game.,False,True,,0,0,0,,0,0,0
UgwKaWUY-HgYZIoN8fZ4AaABAg.AXZJBvyNP-yAXcm9nEx78w,Entrepreneurs in Cars,My ex wife is a marriage therapist. She knew this and proved it true,True,True,keyword,0,0,0,,0,0,0
Ugw3qG64hAuSlyKPXzl4AaABAg,Fresh and Fit Clips,Dude was raised by a single mom or has a wife that brainwashed him lol,False,True,,1,0,0,ingroup harmed ny outgroup,0,0,0
UgxDvJyWo6nCkbvGfCd4AaABAg.ATAtLOMKM8sATB-5-iRb9p,Better Bachelor,"@dasshaker2372 That was the plan of our enemies, get the women to emasculate the men into giving up.",False,True,,1,0,1,,0,0,0
Ugwn_o_FkkILm9GdhIt4AaABAg,21 Studios,"If men would take Coach Greg's information seriously, we would put the corrupt family courts out of business. And trust me on this one guys, I was careful when dating women and it took one slip up 22 years ago with one woman who lied to me about not wanting a baby or couldn't get pregnant. And when she announced to me that she was pregnant, she made known to me that she set me up to blackmail me out of money.",False,True,keyword,1,1,0,,1,0,0
UgzjXY-N2hHvHVMZ-RF4AaABAg,Entrepreneurs in Cars,Some lawyers keep a roll of TP in their desk and when the subject of prenep comes up they pull out the tp to say that's what they are worth,False,False,random,0,0,0,,0,0,0
UgzO5DxG4b8TvESsgF14AaABAg,Entrepreneurs in Cars,"Nothing of what you have said will ever be implemented on a larger scale, not with all the brainwashing that is being sent in the mainstream media. Not even talking about legal staff like automatic split custody of children/default separation of resources and assets in marriage/punishing paternity fraud. But at least some of those things can be implemented on a personal scale.",False,True,keyword,1,0,1,,0,0,0
Ugx2v82HJfdOYntNV3x4AaABAg.AX4CkR-CARTAX4MoV2Hxqk,Rollo Tomassi,The dating apps have pretty much proved what he is saying ... 85% of w0men are only interested in the top 10% of men,True,True,keyword,1,0,0,,0,0,0
Ugw7CNmheoNbJBmMQ9R4AaABAg,Entrepreneurs in Cars,"Honestly, I think the people in charge in the west don't want men getting married. Why do I say this??... Because the marriage laws in the west incentivizes men to stay single. The people in charge know this. If they wanted men marrying and having families they wouldn't incentivize and/or reward women to break the contract. There would be no need for prenups. The marriage rate dropping is by design. I wouldn't surprised if they are the ones behind the passport movement. Or even red pill for that matter. Create the problem, provide the solution.",True,True,,1,0,1,,0,0,1
Ugwd3-dKAQr2dX9wvjJ4AaABAg.AZIXMyq7fhDAZUuy1DiEaz,The Free Agent Lifestyle,It’s not that deep dude you just wanna make this political. It’s pretty common knowledge that rich people or politicians are out sleeping with other people and are not monogamous to their spouse. What you’re doing ranting about the media and blah blah blah will not change anything.,False,True,,0,0,0,,0,0,0
UgzFQ_0l4txPd5fRW3t4AaABAg,Rational Male Clips,"Here’s a clean, aesthetic YouTube comment summary with timestamps and key takeaways for the video you shared, ideal for posting as a comment: --- TIMESTAMPS + SUMMARY Topic: Hypergamy, Dual Mating Strategy & Modern Relationship Dynamics 00:00 – Introduction of Sia, Orion & Mark Insightful conversation begins with definitions around hypergamy. 00:37 – What is Hypergamy? Misconception: It’s not “women always looking for someone better.” Correct definition: It's a dual mating strategy – balancing attraction to the ""alpha"" (short-term, excitement) with the ""beta"" (long-term, provision). 02:00 – The Alpha vs. Beta Dynamic Alpha: The exciting, sexually attractive man. Beta: The reliable, stable provider. The inner conflict women face is balancing both desires in one partner. 04:00 – Subconscious Programming Hypergamy isn’t a conscious choice; it runs in the background like software. Women with low self-esteem or unresolved gaps are more likely to ""monkey branch"" (jump between men). Loyalty is stronger when a woman both admires and is attracted to her man. 05:30 – Makeup and Evolutionary Signals Hypergamy persists regardless of age. Even older women maintain attractiveness cues. It’s evolutionary – the search for the best mate never fully shuts off. 06:30 – Mate Switching vs. Dual Mating Confusion exists between “mate switching” (leaving one partner for a better one) and “dual mating” (wanting two types of men). Studies have discredited “mate switching hypothesis” in favor of dual mating strategies. 09:40 – Avoiding the Real Conversation Many avoid talking about female sexuality openly. Hypergamy is often misunderstood because we frame it through traditional monogamy only. 10:45 – Not Always “Jumping Ship” Women don’t just leave at the first better opportunity. There must be clear dissatisfaction or an overwhelming upgrade. 11:45 – Hypergamy is NOT a Straightjacket It evolves with age and circumstances. A woman in her early 20s has more sexual power; by her 30s, her choices shift. Men should focus on improving themselves over time to increase options and reduce insecurity. 14:00 – Monogamy and Male Maturity Rollo suggests men shouldn’t consider monogamy until 30+. Men peak later in life (success, looks, confidence), and should delay commitment until then. 16:30 – Cheating & Unmet Needs People cheat to meet unmet desires – emotional, sexual, or thrill-based. Even women in stable relationships may seek excitement elsewhere. 18:00 – Alpha [___] > Beta Bucks in Some Cases Example: Steve Harvey’s wife cheating wasn’t about money – it was about sexual thrill. Women sometimes cheat down because they already have stability but crave passion. 20:00 – Why Bums Get Loyalty Some women are hardwired for loyalty once they meet the right man. Others keep options open regardless of treatment. 21:50 – The “Hobosexual” Concept Some women date broke, attractive men because they don’t need provision – they already provide for themselves. In that case, the only remaining hypergamous drive is sexual. 24:20 – When Women Become the Men They Want Modern women often earn, lead, and provide – leaving them craving only the alpha traits. This creates relationships with unambitious but physically appealing men. 25:15 – Conclusion It's not bad selection, it's accurate selection for what they want at that moment. But these relationships often fail because the man doesn’t fulfill both sides of the hypergamy equation. --- Let me know if you want it translated to Spanish or slightly adjusted for tone or audience.",True,True,,0,0,0,,0,0,0
UgzPyLdkwZL3D3nYmAt4AaABAg,Rollo Tomassi,31:29 The vvhite boys messed up going after Floyd and continuing to go after him for 5 years. Thats what made going after Kirk easier to the point where we have Drewski doing skits of Erica Kirk. You’re right that it is tribal and about who’s on the team. when we dropped some Charlie Kirk memes the vvhite boys would ask “it’s been 7 months why are you still going on about that let it go.” Then we’d respond by saying “dude you have an AI video page on X dedicated to Floyd with him looking like a half robot half human.” If the vvhite boys are going to dish it they have to be able to take it,False,True,keyword,0,0,0,,0,0,0
UgxXPu-yXnXEAPtBYbJ4AaABAg.AUzlZV931b6AVHRuIULz-7,Entrepreneurs in Cars,"Women: No ringy, no dingy! Men: No hymen, no damond.",True,True,keyword,0,0,0,,0,0,0
UgwnOd5Fr2OksLn8NxZ4AaABAg.AVoLp0jJ0JOAVpCNmtlfjD,Better Bachelor,"​@alejandro_vallejo_calvo and to a degree most men are affected as well. Maybe not to the same messaging because of how crass it is, but to other things. No one is completely immune to influence and social programming.",True,True,keyword,1,0,0,,0,0,0
Ugzt-3lep3jVj9DGECZ4AaABAg,Entrepreneurs in Cars,"Wife#4 is the kindest prettiest,richest woman I've ever known. I picked the first 3 ,this one picked me. For five years I have not even received an eye roll!🎉 Good luck boys🎉",False,True,keyword,0,0,0,,0,0,0
UgzRiKBowbK4cbb5MOR4AaABAg,Rich Cooper Clips,This is sad. I always felt the person I married was my first choice. If another guy didnt work out then it wasn't meant to be.,False,True,,0,0,0,,0,0,0
UgwF_6Fve2e60tzCRYJ4AaABAg.9kDnqPQrfvF9kYUj2F5fyr,21 Studios,Women not being allowed to go to school in Afghanistan has nothing to do with masculinity. You're equating a toxic social policy to masculinity as if they're somehow connected. That's a testament to how intersectionality and identity politics have programmed people to think about masculinity.,False,True,,0,0,0,,0,0,0
UgzfApkXoU40Rhg1Hz94AaABAg,Rollo Tomassi,I’m so happy you are getting the credit you deserve. You speak so well. Thankyou.,False,False,random,0,0,0,,0,0,0
UgzIrG745qfcn8lSPGR4AaABAg,Entrepreneurs in Cars,Actions speak louder than words and breaking her husband out of prison is the ultimate GBD action.,False,False,random,0,0,0,,0,0,0
UgzVkciaWivq5Y_LrPB4AaABAg,Rollo Tomassi,"The old Disney cartoons are incredibly red pill. Two examples: Lady and the Tramp Bambi The Lady & the Tramp really goes out of its way to highlight the stark differences between the Alpha (Tramp) and Beta dogs. Hilarious. And of course, the Lady is swept off her feet by the bad boy alpha dog, lol.",False,True,keyword,0,0,0,,0,0,0
UgxXxrqh1ILlB211wTh4AaABAg,Better Bachelor,"Since 1980, 1.7 Billion babies have been aborted globally. That is 20% of the global population. I wonder how they will blame men for that.",False,True,keyword,1,0,0,,0,0,0
UgyhjqiSzZy_iDH3LfR4AaABAg,Entrepreneurs in Cars,I'd be really impressed if the guy intentionally faked these documents and left them in the house for her to find to see what she would do lol.,False,True,,0,0,0,,0,0,0
UgzFmS-LkPvBjvmwKF94AaABAg,Rational Male Clips,"SMH. We know we're IN the Matrix, but we can't get OUT of it. I want to get laid, no tricks, no games, no psychotic hacks. But that's not gonna happen, because we're still inside.",False,True,,1,0,0,,0,0,1
UgzlmWgalKk7ILDVtu94AaABAg,The Free Agent Lifestyle,"Men have been comfortable for too long. Lied to by the media, the culture and got lazy. Good times create weak men and hard times create strong men. It's time to go hard and get strong boys!! 💪",False,True,,1,0,0,,1,0,0
Ugx4B3pb6brCdmShOGV4AaABAg.AWyi54dvNsXAX1pk0lK863,Better Bachelor,Why even date over 25yo women??? In my experience a lot of young women will date any guy no matter the age. I'm 70yo now and I've had a lot of 20somethings flirt hard with me. Seeking a sugar daddy? Maybe. No gen z guys interested? Perhaps. Desperate? Probably. I'm married 40yrs so no thanks but it's wild out there! 😮,True,True,keyword,0,0,0,,0,0,0
UgwNLOYjYTpi_tz6D2J4AaABAg,Better Bachelor,Bumble is going to monetize the female customers by paywalling chad. Hilarious!,False,True,keyword,1,0,0,men get paywalled,0,0,0
UgyJ_Y1qB6AVA4dAogV4AaABAg.AW9A77svTyCAW9GykkeUbK,Entrepreneurs in Cars,"True, unfortunately. Nature can be cruel. I think it’s natural for desire to fade to some extent over time. Reminds me of a quote: “Continued pleasures wear off….pleasure is contingent upon change and disappears with continued satisfaction.” Some couples are perfectly fine with sexual desire fading within a marriage. I think the key would be if you love/value your partner enough, and they tell you they’d like a reinvigoration of bedroom fun, you care enough to make it happen.",True,True,keyword,0,0,0,,0,0,0
UgzVHME7dobxgkTyDi94AaABAg.9kQbfraySyX9laA4zAOIRy,21 Studios,"Yes. Sadly, the son will be a 30 something with a high voice, breasts, and hormone problems.",True,False,random,0,0,0,,0,0,0
UgwZ0TzSmWt0tvAMZVV4AaABAg.AVvUk8_EoUiAVzeR2Q9sBD,Better Bachelor,"43 >_> still working, housing is just shit here is AUS and getting worse, all by design :/",False,True,,0,0,1,,0,0,1
Ugzh3nE6iJkO7N7X0_h4AaABAg,Rollo Tomassi,"We need men to spread the word, educate and red pill it forward to turn the tide for men. Eliminate the simping and feminization of men. Know your worth and hold the line.",False,True,keyword,1,1,0,,0,0,0
UgynYkpE3xUjKbp3DCR4AaABAg,21 Studios,"The men do it too. In fact, historically, the man was ten times worse. They play around for years. It was going on long before women had the freedom to do so. And when they were finally ready to settle down, they went to church and literally preyed on lonely Godly women. Domestic abuse was much worse among Christian couples because a man had a woman who would submit to his hypocritical life. He used Biblical male priverlage to do whatever he wanted to her. Even the Bible condemns player men. It can turn a mans heart away from God. It got King Solomon in trouble. At the dawn of the Woman's Lib movement, Christian women were the first to defect. They became disillusioned by the church. And don't believe the hype that men are now the victims because women have more freedom.",False,True,keyword,0,0,0,,1,0,0
Ugzf-rrioO3J-lhU2H94AaABAg.AVcpJkF8eXhAWWDwq1-4A-,Entrepreneurs in Cars,That's the excuse women use to keep their voting rights.,True,True,keyword,0,0,0,,0,0,0
UgyEUFSeBH6FMzyJC3h4AaABAg.AVoZpxpjcJ4AVoaDFmX0nD,Rollo Tomassi,What if he got women by leveraging money and status? Using money to get women is considered beta,True,True,keyword,0,0,0,,0,0,0
UgwI6JQuwLLe2bO5xtB4AaABAg,Entrepreneurs in Cars,phuk all this bs what this guy barking about... why date?? save your money and do whatyou wanna do... dating aint worth it these days especially if you're 50 years old,False,False,random,1,1,0,,0,0,0
UgyEEvOATEouX6hmCJd4AaABAg.AV91jDuZ_T9AV9ziQV_Ecm,Entrepreneurs in Cars,That's why there's a term 'manchild' but not 'womanchild' because they can never grow emotionally beyond a certain level and that level is that of a teenager.,True,False,random,0,0,0,,0,0,0
UgzyqubiNchJzcIPXMR4AaABAg.AVZQbQa5wZUAVZepjnk2P7,Better Bachelor,"Because they want and need our continued service,money, sacrifice and resources we men have provided throughout time.",True,True,keyword,1,0,0,,0,0,0
Ugx5QQCcAmVBlhknG9Z4AaABAg,Entrepreneurs in Cars,What is the point of getting married today? In a hundred years marriage will be obsolete.,False,True,keyword,1,0,0,Men get nothing out of marriage (implicit),1,0,0
UgxQxHhcomak_o5M5Vt4AaABAg.AVxv8IOBhBIAVy_hwk6t5b,Better Bachelor,"Because it's not a crime. Only in certain contexts, and then the burden of proof is always on the party claiming that it's a lie.",True,False,random,0,0,0,,0,0,0
UgzKg3tmz1FTsVa6WDZ4AaABAg.APFid5sXPm_AQ-WjioWBqS,Rollo Tomassi,"So got his head cut off, turned to ash, and destroyed in many different ways? That Thanos? Or the Thanos from the comics that did every evil thing he did to simp for a woman? Which Thanos? All pathetic in different ways.",True,True,keyword,0,0,0,,0,0,0
UgxWFkbv3tICMvzswE94AaABAg.AWeETB65tuRAWeMt2R1XlQ,Better Bachelor,"The bottom 89% of men will be forced to compete for the whales that stuff their faces with both hands. Otherwise, those men will be completely deprived of heterosexual options in 'murica.",True,True,keyword,1,0,0,,1,0,0
UgxL0WUDqef9uK8KPfx4AaABAg,Rollo Tomassi,RM - The last and only true source of the Red Pill.,False,True,keyword,0,0,0,,0,0,0
UgyDHcwNjZFJvsuuyf54AaABAg.AV35mJnmPgMAVelo_DpXpp,Entrepreneurs in Cars,"Out of the blue got really sick when I was in my 20s. My long term girlfriend ditched me. A painful lesson, but one that ultimately served me well!",True,False,random,0,0,0,,0,0,0
UgzFqPpFwfDYIPH5xwN4AaABAg.AUyQiMJbtx7AUzVJJ2iyNH,Better Bachelor,This is why I compare government to women. To them. We're literally slaves. So when we say. STFU. Now it's a problem,True,True,keyword,1,0,0,,0,0,0
Ugx8M8Nxv_SlfHmjMit4AaABAg,Rollo Tomassi,"Soooo... your telling me a prawn star is so judgemental that she publicly declares she would not marry a man who watches content... But we are just supposed to marry these girls and forget everything they ever did?????😂 Whats that dexter?? You ate a whole wheel of cheese and pooped in the fridge? Im not even mad, thats impressive!😅😅",False,True,keyword,1,0,0,,0,0,0
Ugxa2mJgEWsbfWnAAll4AaABAg.AUsV0bz4S-1AUsfj_TPIEy,Better Bachelor,"The law was meant to prevent criminals from disposing of ""evidence""",False,True,,0,0,0,,0,0,0
UgyN3odATai11odU6wF4AaABAg.AZIcSy7rkvZAZTl7APPZfw,Myron Gaines X,@nytracus9680 the entire media is a psyOp,False,True,,0,0,1,,0,0,0
Ugx2itL3tt4pzPuGkBR4AaABAg,21 Studios,"I'm reaching out anywhere I can I have a story worth hearing but I need help for my son they took him from me n it's to the point his sister's when they get to see him are not even allowed to say my name bring me up they are isolating him entirely from me n I'm scared for the reason why n where I live im scared imma end up dead or disappearing so I'm reaching out for help I live in otsego county NY n I know this county Delaware n schoharie county are all involved there may be more but they are so corrupt it's not funny they are taking kids for federal funds they are ""hotshotting"" n creating addicts to keep federal funds flowing n to keep percentages to match their wrongful allegations so they don't get investigated n I've expressed my concerns have tried to reach out thinking I'm helping officials n the town he better but one detective said nothing was gonna be done I replied yup cuz here it's all about statistics n politics he then replied and body bags smh I don't want to end up in one myself or just gone I need help n someone who will listen n not do nothing but help me do sum thin I fear for my children n all the other children being sold by cps dss the system I've heard this happened in other states so why is it not in the media as an issue that we should all be trying to resolve the children are the future shouldn't we be protecting that n making it a brighter one in anyway we can",False,True,,1,0,1,,0,0,0
Ugwck5DtdOEIelflHDN4AaABAg.AVSc08ZO5PzAVT8sqU2FaR,Entrepreneurs in Cars,Define someone good and marriage under whose terms your State Government with all the disastrous outcomes for men in marriage and wanting out…,True,True,keyword,1,0,0,,0,0,0
UgymiVteqf0eGlUgea94AaABAg,21 Studios,"leftism: Otherwise known as “progressivism” and even more inaccurately as “liberalism”, leftism is a term originating from the French Revolution of 1789, in reference to the political faction that opposed the French (so-called) king. However, the term is currently used in common discourse to describe those criminals who actively support (or at least tacitly condone) a host of OBJECTIVELY-WICKED ideologies and practices that contravene dharma, such as non-monarchical governances and corrupt economic systems (particularly socialism, communism, fascism, and liberal democracies), egalitarianism, feminism, perverse sexuality (especially homosexuality, bestiality, and transvestism), multiculturalism, and the illegitimate abortion of innocent, defenceless, unborn children. Cf. “dharma”. In the past decade or two, the mass media, especially the motion picture industry and television production companies, has been aggressively promoting all the above CRIMINAL ideologies and practices, helping to expedite the destruction of human civilization. Recently, large corporations have jumped on the leftist bandwagon (so to speak), in order to profit. As explicated in Chapter 11 of this “A Final Instruction Sheet for Humanity”, the state of being of any particular human (or any other animal for that matter) is due entirely to his or her genetic sequencing and his or her conditioning. Therefore, the explosion of the leftist/liberal mentality in recent decades, particularly in Western countries, has been caused by poor breeding strategies overtaking the more conservative tradition of mate-selection of previous centuries (and indeed, millennia). In other words, due to the fact that criminal behaviour (especially the deviant sexual acts mentioned above) has become increasingly more tolerated, condoned, and even GLORIFIED in most countries, there has been a proliferation of corrupt genetic codes within the wider human population. According to genealogists, for (almost) the entire history of humanity, most women have successfully reproduced, whilst a far far smaller percentage of males have bequeathed their genetic sequence to proceeding generations. Due to the gradual phasing-out of polygamous marriages in even the most conservative societies, as well as the eradication of poverty in most every country, more and more men (as well as women) have been producing offspring. Thus, the human genome has rapidly become adulterated by inferior genetic material (that is, DNA from truly pathetic, uxorious beta-males, bisexuals, and even homosexual couples who engage surrogate mothers or sperm donors in order to conceive children – something of a rare occurrence in previous centuries/millennia). Unsurprisingly, the majority of leftists find it difficult to accept the fact that their criminal mentality is largely inherited (and of course, they are unwilling to acknowledge the blatantly-obvious fact that their ideologies and practices are intrinsically sinful, wicked, evil, and immoral in the first place). It seems the consensus amongst leftist ""intellectuals"" is that every human mental trait is due entirely to one's environmental conditioning, rather than as a consequence of BOTH one's genetic sequence and one’s conditioning - a fundamentally-flawed assertion that cannot be scientifically-supported. This term was very reluctantly used in the chapter on feminism. I say “reluctantly” because it is unlikely that the term will perdure for many decades longer. This is simple deductive logic, since, as clearly demonstrated in certain chapters in “F.I.S.H”, human civilization cannot survive with such leftist practices and ideologies in place. If you happen to be reading this Holy Scripture a century or more after its conception, you will probably be residing in a nation (as opposed to a country) ruled by a monarch, following the implosion of post-modern, decadent societies. So, either the term “leftism” will eventually become redundant and obsolete, or else, human civilization will devolve into a decadent, diseased state of existence similar to that of the prehistoric era, when the peoples of the world resided in caves or shacks, subsisting on whatever food can be sourced from the surrounding bushland. I trust that you who are reading these wise words will endeavour to influence your social circles to adhere to right-leaning ideologies, such as monarchical governance, an entirely free-market economy, sexual purity, and all other virtuous principles. Fear not, for GOD is with you! P.S. As a general rule, it seems (at least anecdotally) that the farther left-leaning is a person, the more physically (and of course, psychologically) UGLY is that person. Unfortunately, that doesn’t seem to prevent leftists from propagating their mutant genes. 🤡",False,True,keyword,0,0,1,,1,0,1
Ugz94DX6AfZlPDxteMB4AaABAg,Rollo Tomassi,2:45:45 Rollo spoke facts! Hinduism indeed has the lowest divorce rate among all religious groups.,False,True,keyword,0,0,0,,0,0,0
UgzO8D6TNsnWnCVX4ud4AaABAg.9kJbQd4HbYc9tNzWIpe68E,21 Studios,"Lying to the court and trying to coax the child to lie against the other parent with horrible false claims. Talking bad and falsely about the other parent. Willfully making false police reports against the father (25 ) of them so far. The courts give order of protection to the mother against the father based on her being abusive to the child and the father pointing it out. The father is deemed abusive! Missouri and the courts are horribly corrupt and are only out for your money. If anyone thinks otherwise, they will have an awakening if they end up in one.",True,False,random,1,0,0,,0,0,0
UgxT8mdXC_LZfKUnGR94AaABAg.AXMyBt4Mw-JAXOlTBxtHVD,Entrepreneurs in Cars,@_Morri_ that just proves men have a greater sense of duty and honor.,True,True,keyword,0,0,0,,0,0,0
UgzJwwjt2huLPCv6SpR4AaABAg,Entrepreneurs in Cars,"You know, a lot these videos have me circling around a central realisation over the last year: I am a loser that's kind of fighting through it. But as time mounts (I'll be 30 in two months) I'm starting to realise this might be it. I won't give up, but I am always calculating trajectory. I don't go about wallowing or feeling that bad about it, but it's strange to be kind of aware of where I'm at and not really be able to push out of it. I work a 9-5, make good money. I also make music but as of yet no one is that interested. I have no friends. I am in excellent physical shape. But on the balance of things, I am one of the world's ""losers"" despite trying my best. A loser that's watching some guy explain to me the dynamics of how and why I'm a loser. A winner is an entrepreneur, dominant in his field, has men admiring him and countless women wanting to jump his bones, breaking their ""rules"" as you say. Anything less than that is a loser to one extent or another.",False,True,keyword,0,0,0,,0,0,0
UgxGUl9xSfE1cWF05IF4AaABAg.AWAReGpneLtAWAl1wKzbl1,Better Bachelor,"He wants men to be traditional, whereas women can be whatever they choose to be.",True,True,keyword,1,0,0,Maybe 1A,0,0,0
UgxeVLlGeQf2EComKyl4AaABAg,Better Bachelor,"[Kirk to _Enterprise_ . . .] {Aye, sir . . .} [Beam me up, Scotty, there's no intelligent life here.]",False,False,random,0,0,0,,0,0,0
Ugz8wvao3BDion55ruh4AaABAg,Rollo Tomassi,How come top tier sociologists and sociology professors don’t cover this topic? 🤔,False,False,random,0,0,0,,0,0,0
UgzCHDw-XxBQGy-IddJ4AaABAg,Entrepreneurs in Cars,Under your logic Camila must have made her money because she is more attractive than 99% of the other women doing onlyfans and did not make her money from actually succeeding in social media branding and marketing. I’m curious to know what your idea is how she made $20 million. Does every woman on OF make $20 million? I would say Camila is an attractive woman in an ocean of attractive women and her point was that it was leveraging social media that enabled her to make as much money as she did. Its like if a kid said they want to be a youtuber for a living not realizing the most profitable youtubers have a real machine behind them grinding the algorithm. I didn’t sense any regret about OF in that video. She is probably bored of OF the way anyone gets bored of something they mastered and is looking for a new challenge,False,True,keyword,0,0,0,,0,0,0
Ugw9ZPNspEFxbwyjpjB4AaABAg.AVBy5rfipqvAVC1agNxdq6,Better Bachelor,"“It was always the women, and above all the young ones, who were the most bigoted adherents of the Party, the swallowers of slogans, the amateur spies and nosers-out of unorthodoxy.”",True,True,keyword,0,0,0,1984 quote,0,0,0
UgzX8iGi7k9o9QOpByd4AaABAg,Entrepreneurs in Cars,Make your bank and go hermit. A cabin in the mountains where no women want to go.,False,True,keyword,0,0,0,,0,0,0
UgxNbYdjqvBv6sNdnUR4AaABAg.AR_cPPqb18CARbNXw2rUDK,Rollo Tomassi,Or they larp as some Christian traditional women like Rachel Wilson with kids form 3 different baby daddy's.,True,True,keyword,0,0,0,,0,0,0
UgzDYxLwPo-7CqokLHt4AaABAg.9ky1j5co5a69ro7tjpprmb,21 Studios,"Jordan Peterson is one of the people in current times who has done more for boys & men & stood up - intelligently - against the leftist totalitatian cult. But, not - one genuine criticism - was actually presented. Just a picture (that looks like it was manufactured) & ranting about his daughter (who appears to be an adult)? The true beta male was the one talking - because only a beta would spend that much time talking without making a single legitimate point. Just a jealous bitter beta gossiping about a real man. Pathetic - unless this was supposed to be a vignette of typical beta male behavior. This channel is a farce - look at how these ""alpha"" males respond to ANY challenge, criticism (including constructive) or even helpful advice! 😅",True,True,keyword,1,0,0,,0,0,0
UgzizpsHScPbIa9F8054AaABAg,Entrepreneurs in Cars,"Society is built as a predatory system, like every other system in nature. We at the bottom are the prey. Unfortunately, the predators spend our taxes, and recruit mercenaries to convince us that they are here to protect us. Big scam. And the whole information apparatus is here to fool us. Guys like Rich tell the truth, and this is why government wants to stop the free flow of information.",False,True,keyword,0,0,1,The government stop free flow of information and are prey on citizens,1,0,0
UgxnhuRxCqDccinrUH54AaABAg,Rollo Tomassi,"Before anyone jumps off the edge with this, there's no evidence that customs detains or releases people based on political ideology. This is a rhetorical contrast, not a documented practice. The example is about narrative framing, not airport procedures.",False,True,keyword,0,0,0,,0,0,0
UgztHmYDwkhIPWlW7ax4AaABAg,21 Studios,Masculinity is Fatherhood. Fatherhood should always be the end result of masculinity.,False,True,keyword,0,0,0,,0,0,0
Ugw4Dh4aPj5ajXpRExV4AaABAg.ANKQY4Wp4LCANLjm6kom9H,Rational Male Clips,I agree. I used to want marriage and planned for it for a good portion of my life. Now it’s totally not worth it. An entire generation of women has been ruined and women that are now divorcing and now being indoctrinated too. I’ve quit everything. Im done dating or even thinking about marriage.,False,True,,1,0,0,,0,0,0
UgxZ3a2uEm4-ZTkc9np4AaABAg,The Free Agent Lifestyle,"they own the money printing machines…… n they let us vote???🤯, wake up sheep",False,True,,0,0,1,,0,0,0
Ugx_UGg-S9fq6GwUYkd4AaABAg,Better Bachelor,It`s all rainbows & Unicorns until the sewer backs up & the lights go out.,False,False,random,1,0,0,implicit - men have to deal with that stuff,0,0,0
UgxliK_Jc__uF1BdUpN4AaABAg,21 Studios,"Wow, I’m pretty sure using another man’s name negatively to create content is fn super beta bro! Is this channel just hit piece’s and negative sh!T or you gonna start uplifting men, beta, alpha sigma?!",False,True,keyword,0,0,0,,0,0,0
Ugz61oMorUgo1ekPKZR4AaABAg.AYr75leS3aOAYswdU_0Hsc,Myron Gaines X,@S@ShinyBlackstarMan you’ve got some serious distaste for women that goes beyond discussion of hypergamy. You’re writing a whole novel over a situation between two like 60 year olds who had 3 children with the most spotlight on them imaginable. I feel for Lavar but I’m more willing to believe the son who knows the their parents over an online commentator speaking on this. It’s not like she left him immediately after his health struggle. That was over a year ago. You’re hyperfixated on the hypergamy argument which is likely completely irrelevant.,True,False,,0,0,0,,0,0,0
UgzkPFE8VJ30khR38Ad4AaABAg.AIAIT8OhOmgAIANjQCibo2,Rational Male Clips,"It’s the function of the red pill rooster, we know the sun will rise but he’s the rooster, it’s what he does. People find it when they are in a bad place and need it. Drill those fundamental concepts into yourself and keep growing but leave the rooster to his business.",True,False,,0,0,0,,0,0,0
UgydcXCt6zsl3g6rUoZ4AaABAg,Entrepreneurs in Cars,Keeping it real. Facts are facts. Women have always been this way...but it's good to be reminded.,False,True,keyword,0,0,0,,0,0,0
UgxyIruo3QzO8uw6-uN4AaABAg.9niw3IzHOF6A8i3ddo9vbT,21 Studios,@4R_Earth That is why you are an incel. I talk to women like they are dudes.,True,True,keyword,0,0,0,,0,0,0
UgwApKtUWMx90S-4E8J4AaABAg,21 Studios,"You are not a MAN if you don't look after your family. Men sacrifice and protect. Women want a man who will protect her, whether that be financially, even if it means he gets his ass kicked for standing up 4 her lol. Security. Relationships dwindle once the $ stops coming in.",False,True,keyword,1,0,0,,0,0,0
UgzDPlOl1RfyDGma6oR4AaABAg.AVoDln4MUFmAVoQPKkq5C_,Better Bachelor,"Islam gets most things completely wrong, but it is 100 right about women.",True,True,keyword,0,0,0,,0,0,0
UgyqP-QY2UBg5s9bn8F4AaABAg,Rational Male Clips,“Men have to change for us to get away with what we want to.”,True,False,,1,0,0,,1,0,0
UgybtqkzfNURfogBEl54AaABAg,Rollo Tomassi,"It's not upholding the 'Female Correct' narrative, it's upholding the LIBRAL Correct narrative (which of course includes protecting women). Tim Pool has been doing videos about this for months now where he'll ask Grok something and it will either straight up lie OR give information not pertinent to the question in order to 'muddy the waters' in a sense.",False,True,keyword,0,0,1,,0,0,0
UgyPoioYH8cf27g2HA54AaABAg,Rational Male Clips,7:41 the wall is undefeated and it going to get them all. Alas by the time women see the wall… it’s too late.,True,False,,0,0,0,,0,0,0
Ugz0kzU8k_32zFHiSKB4AaABAg,21 Studios,Men are to blame for the state of affairs. Fellas stop being weak in the flesh. Get some dignity. It's better to be alone and celibate than tolerate foolishness,False,True,keyword,0,0,0,,0,0,0
Ugy_T1yaHvSj4RHGxqd4AaABAg,Entrepreneurs in Cars,"Men and women are attracted to each other by nature. Being married does not mean you just do not cheat or that you are no longer attracted to other people. Being married means that you take common-sense precautions so that you are not even tempted, let alone actually cheat. Don't hire a male trainer for your wife is common-sense 101. Don't let your wife go out drinking at clubs without you is common-sense 101. Don't hang out with your wife's best friend without your wife there, common-sense 101.",False,True,keyword,0,0,0,,0,0,0
UgxsRLDFv6YlyQ0JRTp4AaABAg.9mieci5RE1b9mrhUj7KIa8,21 Studios,"Shut up Raven. Even Ted Bundy had access to his child. If your man doesn’t, there’s likely a very good reason. Stop the hostility towards other women and stop putting kids in harms way.",True,True,keyword,0,0,0,,0,0,0
UgzSwnY0kH8F8TkIwYh4AaABAg,Better Bachelor,"""Believe all women"" and Pound Me Too are nothing but weapons to ruin men. Real genuine victims only got them to blame",False,True,keyword,1,1,0,,0,0,0
UgymzQBB0xNttOl2Iod4AaABAg,21 Studios,"Between Father knows Best and All in the Family ; Satan and the boys did a lot of hard work ! By the time ; Married with Children came on the scene, it was all over !!!",False,True,keyword,0,0,0,,0,0,0
UgxFOBIwXVJYVFlxRfh4AaABAg.AUwhuSWQ8tcAUxjYddeMyJ,Rich Cooper Clips,"​@MilesCivisOkay. But the bottom line is he could just say ""f it"" and stop paying with no consequence because the woman and child are all the way in Russia? Correct?",True,False,,0,0,0,,0,0,0
UgxhCbRdtxBL9BTJ8jJ4AaABAg.AXfkVIiJXJwAXgIZiq6yvE,Entrepreneurs in Cars,"True. Nonetheless, those two wrong minded advisers reinforced all the wrong stuff with the single mother calling in and with other women like her.",True,True,keyword,0,0,0,,0,0,0
Ugw8C61DrB8-ik2lvvJ4AaABAg.AVC0HigZUKsAVC8aQCZUh8,Better Bachelor,Why do you think the Hallmark Channel keeps churning out movies about pretty but otherwise average American women who marry handsome princes from fictional European countries? Many women just want to sit on their butts and be served.,True,True,keyword,0,0,0,1A = implicit victimhood? Men expected to serve women,0,0,0
UgyqIABV_dHLUPdazcN4AaABAg.A2aou4a-SuqABCEEKx5KD7,21 Studios,"@ exactly! But the parents were looking for signs in their children right from birth because they’re religious. Here’s the parent’s logic - many adult HSTS/AGP men claim to have worn women’s or girls clothing from childhood and that it was a sign of their future self as a homosexual or trans woman. This implies there are children out there going through the same thing whose “destiny” is to be an adult gay man or transwomen (this also happens with young girls, but this case is about a boy). Homophobic parents are especially anxious from the get go. If AGP men and HSTS men were “born this way”, then their child could be too. What the homophobic religious parents are missing is that the adults have retconned their childhoods to fit their current grown up feelings and desires. Nobody really remembers how they felt about things as a child. Most children don’t think much about their clothes and they don’t know what is acceptable or not. A lot find it unfair when they learn they can’t wear the opposite seks clothes. A lot of boys especially find it unfair because girls are able to dress in clothes indistinguishable from boys clothes. Eventually boys learn to reject dressing up as Disney princesses and playing with Barbie, if they experienced extreme shame then that might come out in anger towards women later in life.",True,True,keyword,0,0,0,,1,0,0
UgzVBKByRQhbEWGumMR4AaABAg,Rollo Tomassi,"I've been following astrology for the past few months and both male and female astrologers are attacking the patriarchy. Ironic, most of them are over 40 and single, blaming the patriarchy for all their problems.",False,True,keyword,0,0,0,,1,0,0
UgwVf6Pb8g8lwTWSkz14AaABAg,Rich Cooper Clips,"If you see an exceptionally good looking woman telling a story online, it is most likely manufactured for views.",False,True,,0,0,0,,0,0,0
UgzyTy2vQ5dxmFSw67B4AaABAg,Better Bachelor,"Change, ""lonely men,"" to, ""boomers,"" in the article title. No need to thank me for fixing it. All good.",False,True,keyword,0,0,0,,0,0,0
UgzIk8rACsXgsIDM66Z4AaABAg,Better Bachelor,"In late March 2026, Peters was arrested in Florida on battery charges,[44] relating to an alleged altercation between his girlfriend and another woman.[45][46] On February 2, 2026, a 19-year-old woman reported that she has been attacked by Violet Marie Lentz, 24. Detectives found Peters provoked the fight. Lentz also faced a warrant for misdemeanor battery. So he didn't actually touch anyone but still got arrested for battery of a woman...meanwhile his girlfriend who actually hit the woman only gets a misdemeanor charge? What kind of justice is that?",False,True,keyword,1,0,0,,0,0,0
UgwORXQ0TsqI8iS4wqJ4AaABAg.AWeMBno76Q3AWeRBPav2TW,Better Bachelor,"A part of me wants to join you and for the most part I have, I can't stand interacting with women, I got into investing so I can just doordash my food so I don't have to go out and deal with the Karens that hog the lanes and act like I'm the bad guy when I ask to be allowed to pass ... But I care about young mens future too and thinking of what they go through makes me sad.",True,True,keyword,1,0,0,,0,0,0
UgygRF7j7eBX9EpcTYx4AaABAg,Entrepreneurs in Cars,That thumbnail is looking like a Luetin Warhammer 40k video.,False,False,random,0,0,0,,0,0,0
UgwbNVtzS62ZmC6mjVF4AaABAg.AXsVK80CWm6AXtVg5tkqqQ,Entrepreneurs in Cars,Your point ? The example was two Women sharing a strategy to “bag” a potentially wealthy Football Player…,True,True,keyword,0,0,0,,0,0,0
UgxROJmFYhCHwT4InnB4AaABAg.ATBGitjZ1g2ATCO5oLgh1Z,Rollo Tomassi,"Most men ""happily"" accept whatever they get. Most don't even try to better themselves when they might have a higher probability of options. By the time they realise the RP truth....their boat is 3/4 under water....and they HAVE to silently accept the reality. It's truly sad....but it's out there for everyone to see.",True,True,keyword,1,0,0,,0,0,0
Ugx1kkpUEY9734_suT14AaABAg,Rollo Tomassi,I watched some audio stories where men marry woman who won't have intimacy. It never ends well for the man.,False,True,keyword,1,0,0,,0,0,0
Ugxu55jK62AjPRJN7Wd4AaABAg,Rollo Tomassi,"For your information Rollo the ""Godfather"" and the PIONEER of the Red Pill is Matt Cross from The 33 Secrets 💊",True,False,,0,0,0,,0,0,0
UgypwKx3iIQ1gfCfrYN4AaABAg.ACip_54_4fNACld3mIk1vB,Rational Male Clips,"@benscampers1818 Lol. Like Rollo, you're unlearned on the matter. The entire bible is about Jesus Christ. You should read, 1 Cor 2:14, Romans 10:9-13 KJV. That aside, Colossians 1:16 specifies explicitly that it is Jesus Christ—""Who is the image of the invisible God""(verse 15)—who created the heaven and the earth, ""for by him were all things created... all things were created by him, and for him:"" Who created the heavens and the earth in Genesis 1? It states, ""In the beginning God created the heaven and the earth""? Jesus Christ created the heaven and the earth on behalf of God the Father and with him. Genesis 1:26 continues, ""And God said, Let [us] make man in [our] image, after [our] likeness:"" Who is [us], and who is [our]?; it is the Holy trinity; God the Father, the Son [Jesus Christ], and the Holy Spirit. God is speaking of himself in the plural. You have Jesus Christ at creation with the Father and the Holy Spirit in Genesis 1. So, yes, Christians DO HAVE A MONOPOLY on marriage; IT IS CHRISTIAN TRADITION and SYMBOLISM to honor the LORD as he commanded for his creation [man] to do. Marriage is Christian, and Jesus Christ is all over the bible; he's in the beginning, middle, and end. Just because unlearned Rollo says doesn't make it so. Do your research and STOP SIMPING FOR ROLLO.",True,False,,0,0,0,,0,0,0
UgzRS0f5BP6VX0vna-p4AaABAg.AY7JRqNZriKAY7XUBeWK3c,Entrepreneurs in Cars,"Let's be honest... the money is an incidental. They do it for the attention. Hence why they don't ""Retire"". Or why Millions of them make like $200 a month, yet month after month, there they are, making p-ron, basically for free.",True,False,random,0,0,0,,0,0,0
UgzVei9DRO9sAgNQXg14AaABAg.9kR2vn-vWVj9klCD9y8_kA,21 Studios,That used to be a horseshit law. No in most states with DNA evidence you can get out of it,True,False,random,0,0,0,,0,0,0
UgzSv8zF2Gms0QFmcyR4AaABAg.AViepER0LdXAViz9stxxbH,Better Bachelor,Misandry is worse because it gets glossed over and/or protected on public stage. Power without accountability is always worse.,True,True,keyword,1,0,0,,1,0,0
UgzoVYUHhHbkSPltlS94AaABAg,Entrepreneurs in Cars,"Good video. I went through something like that; I lived with a gal (no marriage). She was 74.. After I left I eventually stopped smoking, a good thing. RC's advice is solid. Don't be afraid to walk away and don't keep in touch with losers.",True,False,,0,0,0,,0,0,0
Ugynbh8qfagJ_-vHqEt4AaABAg,Entrepreneurs in Cars,Women know how divorce works because they are telling each other. It's called the sisterhood.,False,True,keyword,1,0,1,,0,0,0
UgxviqnwQrevui3WU4F4AaABAg.ATKe3qn_4n9ATUyU9NdQ6O,Rollo Tomassi,lil bro thinks women will shut up when they get owned by logic lol,True,True,keyword,0,0,0,,0,0,0
UgxWqY5U3oMITa6LezF4AaABAg.ARyfjn79c69ARzBzIt4WPh,Rich Cooper Clips,"You meant to say ›destroyed‹ … _Right?_ The courts are just there, to make sure of the fact afterwards.",False,True,,0,0,0,,0,0,0
Ugzsorhe72jHB5wfJMN4AaABAg,Rollo Tomassi,"A few months ago, I remember Aaron Clarey and Myron Gaines discussing whether the Red Pill is un-aliving or not (2 complete different videos, or they posted their own videos). I remember commenting that it will be like PUA. It won't be un-alived, just in critical condition, because there will always be newcomers trying to figure about the dating world and its rules. Now, fast-forward to the present, I honestly believe that the big/mainstream Manosphere content will have to do with A.I. and A.I. Robots. Yes, it's a wild thought. But just like we think dating A.I. and A.I. Robots is weird (I personally feel this way), the people before 2010 also thought that online dating was weird. The thing is, I honestly can't see the vvomen giving up the rights they fought for under feminism. I also can't see the men agreeing to what vvomen are offering. So A.I. and A.I. Robots will most likely be the next big/mainstream talking point or controversy of the Manosphere.",False,True,keyword,0,0,0,,0,0,0
UgzgOBwxqTMgjTT05hN4AaABAg.9peq1R5NhDT9peqVuoYxgI,21 Studios,"There is very little doubt that the ONLY reason why we are here in these anti-feminist/MGTOW channels is because we are sexually-attracted to women. If we were not compelled to that physical attraction we would have no reason to associate with the opposite gender (at least not on the social level) and thereby be persecuted by them (in my case, my children were literally stolen from me, my presbytery was literally stolen from me and I was constantly abused, physically and verbally, by my ex-wives). So, the ONLY solution is for us men to learn how to be completely chaste, in body and mind. Sound impossible? Almost, yes, but unless we at least attempt to follow the monastic path, we will never make progress. OBVIOUSLY, as a monastic priest, I recommend the spiritual path, meaning, to find a spiritual master and follow his instructions and practices. Some of the most important spiritual practices are, of course, prayer and/or meditation, reading, fasting and service to your priest/guru. I know for an absolute FACT that not only is it possible for a man to completely subdue all libidinous desires but that once a man has reached a certain level, that even if he tries to think of sex, he will be so spiritually ecstatic that he won’t be able. I have reached that level and I wish every man, especially those pathetic “manginas” who so desperately pursue women, would at least get a taste of how peaceful it can be when one is not controlled by his bodily desires. HALLELUJAH!",True,True,keyword,1,1,0,,1,1,0
Ugz-3xr5HrDcEyeMFXV4AaABAg.AL17yxJywuvAL3V09XbdUM,Better Bachelor,"She's damaged goods with baggage. After her divorce and a decade or two later of running wild, she'll come crying back with crocodile tears that she messed up, can't she start over. Sorry, once you divorce then he's no longer obligated to take you back out of pity, if he's that great, someone else snatched him up.",True,False,,0,0,0,,0,0,0
UgxvGsq8BXkY8ruC58R4AaABAg,Rich Cooper Clips,"Nice, kind, and polite... Personally, I categorize ""nice"" and ""kind"" as simping behaviors. ""Polite"" is interpersonal protocol -- ""Thank you!"" ""Let me hold the door for you."" etc. Polite is the grace you give another person until that person demonstrates up or down as to how you interact with them going forward. And, at this stage in my life, 63, if they demonstrate the down, I just nod my head and walk away. No drama. No theatrics. Just the simple act of, miming, ""I ain't got the time or energy for this."" You can chase women recreationally in a catch & and release sporting activity. As a man, you cannot chase a relationship, though. You'll just die tired, broke, and broken. Relationships are like cats and dogs. They're nice to have about most of the time. But, cats, dogs, and relationships have relatively short lifespans. It is what it is.",True,False,,1,1,0,Men are told not to “chase a relationship” and instead treat pursuing women as a casual “catch & release sporting activity.”,0,0,0
UgxWG7z-sxAj_mlnjTN4AaABAg.AVBzm_EQG-yAVCrAHOXPo2,Better Bachelor,Fuck believe women they lie about the sky being blue or not for Christ sake,True,True,keyword,1,0,0,,0,0,0
UgzNf9kCz0GDpOJ1zW14AaABAg.AUu7u3VWaYWAUzzALTabfy,Entrepreneurs in Cars,"@thevideogamecabinet He worked at The Mirage casino. Admittedly, it's not like he got the job in 2011, he was working there prior to that. If I recall right, he started there in late 2007. He never said how much he was making there at first... though to be fair, it's not something I would ask.",True,False,random,0,0,0,,0,0,0
UgyRD4S-S2UR2iDLwbN4AaABAg,21 Studios,"So glad my wife realized how lunatic these ppl are long ago. When I first started talking about how wrong it was she didn't really see how it was wrong. Then when I explained to her that a child can't even pick out a pair of socks let alone decide the biggest life altering decision ever of changing genders. I explained that if an adult who hasn't been conditioned/brainwashed their whole life wants to transition, that's up to them bc they are old enough and most importantly mature enough to have the mental capacity to understand the gravity of the massive decision they are making. There is a reason we don't let children drink or vote or drive or work or not go to school. The fact that gender is not fluid but sexuality is the misunderstanding in the woke aka sleeping community. There is nothing woke about them as they are obviously sleep walking even though an actual sleep walker may show more signs of common sense 🙄. I fully see why some psychologist would be woke though along with students since it's what they are being taught in school instead of factual knowledge based on reality instead of someone's feelings that are constantly changing. Kids were told to express all their emotions and feelings bc that who they are...wrong. puberty alone brings its own strings of feelings and emotions but as civilized human beings, there are some emotions that we must learn to control and now allow to control us. If we told everybody to do this, it would lead us to the dark ages bc we are technically animals that have evolved to control our behavior so that we can function as a unity instead of savagery to progress the evolution of all mankind which also means the ladies too as the term although may have man in it, represents all human beings.",True,True,,0,0,0,,0,0,0
Ugzsr6AOZJw69TlqNnd4AaABAg,Rational Male Clips,I've been red pilled for over 10 years and now I live in a constant state of disgust,True,False,,0,0,0,,0,0,0
Ugx3ZEavIk-cU1-kqKJ4AaABAg,Rollo Tomassi,Most women know better than to say that to their girlfriends.,False,True,keyword,0,0,0,,0,0,0
UgySfk6XLftRXyClytZ4AaABAg.AVfOEHr_-FXAVgjVfSPjUW,Rich Cooper Clips,"SnowDay1999It’s stupid, he’s telling us to never get married ever under any circumstances but then selling a course on what to protect your assets 😂",True,False,,0,0,0,,1,0,0
Ugwsvkgoo9skrv7kUMV4AaABAg.AUkUAgEOTkuAUkWrDdBS09,Entrepreneurs in Cars,Well maybe you SHOULD but have a PI follow them to the club. Better to KNOW than have an untested woman...right?,True,False,random,0,0,0,,0,0,0
UgxqQBOv20oDw8Ynx9l4AaABAg,Better Bachelor,Women are NEVER going back to the way it was from 1800-1950 Why? Because absolutely no way on this earth are women going to willingly give up all they were GIFTED by the elites and unscrupulous politicians in government and the elites quest for ever more power ever more money All the laws that unjustifiably favor women in college in the job market in family and criminal court systems women are NEVER giving those privileges up There is no saving this,False,True,,1,0,1,,0,0,0
UgxI6HkHCwFLNDL-xaB4AaABAg,21 Studios,"10 Father-to-Son Alerts about Women (Deep): 1. ''These hoes ain't loyal, son.'' 2. ''If you let her, she WILL waste your time. And she has no remorse. And, she won't forgive you for not staying high-value/highly productive as well as romanticly/badboyishly perfect while she's staying in the way.'' 3. ''She is using you until you're useless. Besides, you built her up but she ain't ever build you. She consumes you and THROUGH you. And, women usually TRADE and DISPOSE all men while men dispose hoes only and usually don't trade women.'' 4. ''She is not who you think she is. And even if you remarkably figured her out, she changes. She doesn't say what she means either. Don't be my SimpSon.'' 5. ''It's always about HER. She did all these for herself, not for you, including being with you.'' 6. ''She loves you NOT for who you are. But you love her for who she is. Think about this.'' 7. ''Everyday, she wonders if you're the best she can do. If not, it's already over. She'll do whatever it takes including finishing you to leave to secure that bigger better deal, even if she's been with you for years. Women don't care about men's struggles or past contribution. 'A woman leaves upon her man's bankruptcy' should sound familar to you. Fairness, honor, reciprocity and gratefulness is never on their calendar.'' 8. ''She's not yours. It's just your turn. She's been a progressive latcher easily tempted to monkey branch and will always be. Although she normally has a threshold and won't have a thing with most men, if it's not what she expected and a good backup plan is in place, she leaves, which is still likely. She be with you only because either she's too old to do that shit and forced to stay with you for you being the last hold, or she found she couldn't do better and climbed back to you for your imminent resources available anyway after her failed tries behind your back. Believe that. And, on her betrayal on you, a depreciating asset is earned by her next man, so no jealousy is needed my son, as her younger years were yours and now that guy bought her late for lesser value by getting closer to the collapse of her bs about herself. His turn will come in the next round and he then shall be cherished upon the time he got executed by her. By then you'll understand that we men are all the real victims and women just play the victim on the dumping by accusing the relationship your fault, and women know it lmfao son. Why? Although both of you aged, all your investments, energy and efforts into her went in vain, while she got herself a new man to buy her out and periodically feed her more expensively than you did AND oftentimes she had invested in you less than you did her. Wherever she goes, she merely makes a new parasitized beta for herself and she ain't love him either, in the romantic way as you do. So, her love for you (and for him) is CHEAP and means shit, while your love for her is expensive and valuable. She fooled you with her romantic words and her image but her actions are all realist and wielding your resources. She's never the prize but we men ARE. All she's doing is she disguised herself as the prize at an inflated price to bait the stupid real prize with the highest bid to fall into her trap to start to get drained. She can't do without your turn in her upgrading herself. Understand this.'' 9. ''She is never single. Yet ironically if she has you, she will appear single on meeting a bigger better deal. Her singlehood is situational.'' 10. ''She probably belongs to the streets but not to any man. No damaged goods can be saved, as no hoes can be a wife. The real issue is more about their insatiability and less about each used-up man's imperfections. It's really not your fault and get over it. Since those lost-causes who chose pumped-and-dumped over marriage, kids, cohab and provision, we must abide by their choice and make sure they die alone.''",True,False,,1,1,0,make sure they die alone,1,0,0
Ugwa41XYuU-66FRrg4N4AaABAg.AVMekjTtMl7AVMo8UyAsqT,Better Bachelor,"It's actually blowing up, 50% of every woman you see on Instagram is now AI... Or what's most common, real women using AI to make them look 10 times better...",True,True,keyword,0,0,0,,0,0,0
Ugx3UB9U89vqkRuHYOl4AaABAg,Rollo Tomassi,Myron always gives Rollo credit so I see loyalty there.,False,False,random,0,0,0,,0,0,0
UgyjL8ta1806C6io9H94AaABAg,Rollo Tomassi,I would say that neither most men nor pretty much all women recognize this.,False,True,keyword,0,0,0,,0,0,0
UgwX_sLtbX43_8V787F4AaABAg.AZ6EyerjoklAZ7IlQ9v112,Myron Gaines X,Dude yes Reddit does allow misandry and it allows black supremacist views that is a fact ✅ I've proven it myself. I've gotten banned before for simply pointing out misandry,True,False,,1,0,0,,1,0,0
Ugy56iu2vypL9uvOrQl4AaABAg.AVP_CkyG_r3AVQ4PG0y2ti,Better Bachelor,For millions of years until the English came along children were the property of their father. The father had all rights to his children and the woman was just a vessel to birth them. Today’s laws that hold out the mother as the nurturer are absurd and proven to be wrong. Single moms raise children with increased mental and social problems. Single dads raise children to the same level as two parents. Fact.,True,False,random,1,0,0,,0,0,0
Ugwh-5IfAAJLDE9aYYJ4AaABAg.AWHLzbhSkijAWHX5dvMwe_,Better Bachelor,"It needs government intervention due to the reality that other countries ca. Enter our social media networks and cause a massive scale brainwashing. If I'm being brained washed, I would prefer my country to do it only. But even then, I would simply stay off it",True,True,keyword,0,0,1,,0,0,0
UgxMoDg8QuWNgnK13Ml4AaABAg.AWYcRe9oEgoAWZNUhL58Cs,Entrepreneurs in Cars,We cannot control what other people do. Do not tell her she cannot go. Tell her you don't date women who go on girls trips. If she goes on the trip knowing that. You are both now single.,True,True,keyword,0,0,0,,0,0,0
Ugw39hnyKIN1GdNtQcp4AaABAg,Rollo Tomassi,I never seen a luxury car driver use turn signal s..or a vvoman say sorry,False,False,random,0,0,0,,0,0,0
UgzSVhnvY_OdOcbEf4l4AaABAg.ARgf_sAoajrARh-b27IRR8,Rollo Tomassi,"@TheUnknowgetting up in my face/personal space, any type of touching, or spitting are my green lights. Otherwise I’m gonna just ignore them. Trolls and rage bait isn’t just online. But they can Enjoy! just stay over there.",True,False,random,0,0,0,,0,0,0
UgxjQ8CgeU9sHNd9vt14AaABAg,Entrepreneurs in Cars,Problem is now most men who date her are going to see this video at some point lol,False,True,keyword,0,0,0,,0,0,0
UgwROMXDLgqqVOFJUZd4AaABAg,21 Studios,Social engineering paid for and funded,False,True,,0,0,1,,0,0,1
UgwYSWPEzqb2FQQlT4N4AaABAg,21 Studios,"I stopped as soon as he said, “alpha”, it’s all total nonsense: he would not be dominant around Conor McGregor, just as McGregor wouldn’t be around 14 century Vikings 😃",False,True,keyword,0,0,0,,0,0,0
UgznV48saoJUk0Y0MhV4AaABAg,Better Bachelor,"Sick of seeing people, mostly young women, glued to their phones. Social media going down the toilet is music to my ears.",False,True,keyword,0,0,0,,0,0,0
Ugw_zP31mbR4UxTaSQV4AaABAg.ATbO5dMcTECATbyPpRPANa,Rollo Tomassi,"@ElGallo978then what will men have left to impress women? Might makes Right, return to monke. Using more physical force and power to take out the competition to make themselves the only option",True,True,keyword,1,1,0,,0,0,0
UgzTnejVTrXTkKsBhuN4AaABAg.AUyBy-kXpp4AUyJw6wH8nv,Better Bachelor,"Men are do-ers, (see a problem and take measures to address it), and women like to have meetings to discuss the issue, but never actually do anything to fix it, (karen bass and the rebuilding of the palisades for example). Women used to be in the home, then administrative tasks, but now… been to a bank lately? How’d that go? Any school system? How’s education going in this country? 🤦‍♂️",True,True,keyword,0,0,0,,1,0,0
UgzrEBW_QueYWFS9mNB4AaABAg.9oBBG8V0vAaA7F5G75ab5n,21 Studios,Haha these people aren't even real. I feel like they are doing a skit. This is what toxic masculinity is. Masculine habits taken to an extreme just for the sake of it,True,True,keyword,0,0,0,,0,0,0
UgzRYIaBurPSzHvi3np4AaABAg.9k7q4gpNby59kPM_aAcW6e,21 Studios,Family court is probably in the top 5 most corrupt and bias system in the USA. I heard father would rather get arrested so they can get more rights to their children in a criminal court. Its bad.,True,True,keyword,1,0,0,,0,0,0
Ugy-hqd8L5_-2NqC6KN4AaABAg.AW5lWrMPGWEAWBYav4-MLg,Rollo Tomassi,woman has always been in that nucleus of big E with men.They played a role of gaslighting and controlling the wrath of their partner onto her enemies,True,True,keyword,0,0,0,,0,0,0
UgxIrsylf_x1cYDrr-V4AaABAg.AVyCvc2wBqnAVyh5WH5Itn,Better Bachelor,"Like how they were happy about OF money during COVID, but as the simp money started drying up they wanted to sue OF for not paying them or threatening to create competing platforms?",True,True,keyword,0,0,0,,0,0,0
UgyqGZaiPEHNqIrmKxd4AaABAg,Rollo Tomassi,"@2:30:00 - Surly Rollo didn’t think that Matt’s video was NEW. (Maybe a recast) It sounded old to me from the last time Rollo had talked about Matt’s divorce rate topic. Hell, a couple times I thought Rollo was playing one of his own older videos on Matt🤔",False,True,keyword,0,0,0,,0,0,0
UgzR0heICm2eXKb4hOl4AaABAg.9lfH8Ohtdpz9lk3sHd9H-X,21 Studios,"@cheezedoodlenygguh6229 I think women provide intimate touch that you can't get from men (assuming you're heterosexual). And cuddling, back rubs, kissing, etc are necessary for mental health, I think. Which is why I noted ifnyourw getting very regular sex and touch from women, and have some very close friends, that could be OK. But that's a hard thing to have.",True,True,keyword,0,0,0,,0,0,0
UgywGl9XL9MRaeAtjIR4AaABAg.9kEUuufo6ZS9kF7HvTnxE_,21 Studios,"As a man, I will always be polite to women but I won’t give them respect, unless they are my family or colleagues/people I work with. From there you have to snip em off once they cross you OR have ulterior motives that can jeopardize your career/life. Family included. Most women don’t respect men they aren’t attracted to, even though we essentially built the world to their convenience. If they don’t respect you, then why should you respect them? 🤷🏾‍♂️",True,True,keyword,1,1,0,,0,0,0
UgzlBMqcsFapNdvYp_x4AaABAg,Rollo Tomassi,Why would a MAN owe a woman anything? These are strong independent women now. Anything less than equality would insult her. She can approach and pay and open doors.,False,True,keyword,1,1,0,,0,0,0
UgxIawhNh0v2b7P39aN4AaABAg.AVs15dPgsPrAVs5gTGKpql,Entrepreneurs in Cars,"My grandfather said we grandchildren needed a prenup in order to inherit him and he died before any of us got married. When it was time to get married, my now wife had no problem what so ever in signing a prenup and now 20 years later, we are still together and have a very good relationship. I made the prenup in respect of my grandfather and to protect my self. If the guy has more income, stuff or will inherit money, get a prenup. Today, I would probably say don’t get married and that’s because, most people are not in good marriages. If you get married, get a prenup. Most men make a lot more than woman. My wife and I have set up our children’s inheritance so they automatically have a prenup, it can be done in Denmark.",True,True,keyword,1,0,0,,1,0,0
UgzcARXUCmO3IZU_zEd4AaABAg.AWzxKeOAXzOAX-Oa7B8xby,Entrepreneurs in Cars,@slartibartfast2452 I saw it 30 years ago working security at a nightclub. If not divorce money it was government welfare monies,True,True,keyword,0,0,0,,0,0,0
Ugy1k1LzX6rmnNYoL1V4AaABAg.ACXw2gh2PqqACY1qJWP5nr,Rational Male Clips,"Men qualify. Women disqualify. A man will never disqualify a woman because she's ""only a C cup"" or ""could have a nicer butt"" or ""only has an 8/10 face"". As long as a woman qualifies in key areas by not being a freak outlier, she's good. Women will disqualify men because they don't make $200k. That's hypergamy, and it's hardly deniable.",True,False,,1,0,0,"Women are hypergamous, men are not",0,0,0
UgzFVjuVH9JKUmejlVN4AaABAg,Entrepreneurs in Cars,"Some men are Catholics, others are Baptist, my father was an Oldsmobile Man 😂",False,True,keyword,0,0,0,,0,0,0
Ugxz0Eux0XTMwdJWq0F4AaABAg.AWw5p256g_eAWwHcgZGUiU,Better Bachelor,"Also, she wasn't impressed by the chihuahua's bank account. She can't love a friendly, joyful, adorable puppy if it isn't loaded with tons of money. Also, she doesn't want babies because babies don't make $100k/yr. She says, ""Ugh, broke dusty babies are so cringe."" The 2026 female nurturing instinct Sir🫡",True,True,keyword,1,0,0,,0,0,0
UgwfxfcmwC1Dmg09TKx4AaABAg,Rollo Tomassi,6:30 how delusional is this guy he really thinks AI will eliminate physical labor jobs? how can you be so effin delusional,False,False,random,0,0,0,,0,0,0
UgwixqseX1HNfR6bU9h4AaABAg,Rational Male Clips,Society is fked. And it is fked by design. Weather intentional or not. It is fked,False,True,,0,0,0,,0,0,1
Ugwi_wN8NQVrqKKv7jN4AaABAg.AYF3LsSz_NhAYFoNjTWbtE,Entrepreneurs in Cars,"That's fantastic. Marriage is like the Lottery. Many people play, while only a few win. You were lucky and won the Lottery.",True,True,keyword,1,0,0,,0,0,0
Ugw1fLIJi3iEmwfSFk14AaABAg,Rational Male Clips,"Scott Galloway is super smart and brilliantly communicates the things men need to know...EXCEPT ABOUT WOMEN. When he talks about women, I cringe so hard I think I actually need medical attention.",True,False,,0,0,0,,0,0,0
Ugx8HZS7sBsX4QEDd5N4AaABAg.AUyAZq1ikc7AUyR8LQHj-U,Better Bachelor,"I concur. It can ONLY change when: - Family law (children custody, alimony, assets distribution) is changed to federal level in the Supreme Court. - Perjury (false accusations) is highly penalized by long term in prison. - Legal right and ability for a husband to discipline his wife.",True,True,keyword,1,1,0,,1,1,0
Ugzg8wfvw8Xt-ack8iJ4AaABAg.ARuhhu6Ca04ARwKkG8Hgc4,Better Bachelor,"Simple: it isn't and it won't be. First they get rid of the only people with the temerity to fight back and the formidability to thrive without the ruling class. Then they quickly set every other group they've courted against one another and eliminate them too. In the end, the rulers cut off the food and the power and then they alone control all land and all resources with their robot army to do the work.",True,False,,0,0,1,,1,1,0
UgyJqRUhG0Ws6csttk54AaABAg.AVBwkz6tLGxAVC0WnoeoEo,Better Bachelor,"I'd actually suggest ignoring the ""values"", because it's ultimately still just women giving an opinion in a poll. Women will say anything. Look at the empirical statistics of what they do, instead.",True,True,keyword,0,0,0,General misogyny,0,0,0
Ugws9zWWG5FMvkzRENh4AaABAg.AVJ2NsBtLA_AVKGU-ZxaM0,Entrepreneurs in Cars,"He never got the memo, ""women tell you what you want to hear!"" Lol My Filipina ex would tell me every week she would stop over-spending and her performance could have won an Academy Award. But nothing ever changed... I can't get over that Rich can be so ignorant in this key aspect of female nature.",True,True,keyword,1,0,0,,0,0,0
Ugzd7zacmOu5kT70Mpp4AaABAg,21 Studios,1 million subscribers for Pearl and half of that for Anthony seems to be the main issue here.,False,False,random,0,0,0,,0,0,0
UgxZYwRs2jhHYudfP0t4AaABAg.AUaMrNsLWHwAWNGI4f2bKO,Rollo Tomassi,@AncientYouth64... He's a British leftist that has said on record he was raised by a single mother & the whole Red Pill Manosphere thing was 'alien' to him... Translation: I don't understand it.. I don't need to understand it.. I never want to understand it... I don't care what you guys have to say about it or why you feel that way..... You guys are evil' Exactly! He's a slimy little snake.,True,True,keyword,0,0,0,,0,0,0
Ugy-x2wd1uAuUH2W2MN4AaABAg.AVihm68B3H9AVijViLXGkF,Better Bachelor,That wont happen til they hit the wall. Plenty of Chads will hit it and quit it into their late 30's early 40's.,True,False,,0,0,0,,0,0,0
UgxESREXoPWCSkKZgA54AaABAg,Rollo Tomassi,Dating strippers is not a positive thing to a male. Sure it is fun but you know what you are doing is just fun. Dating a waitress she could be more than fun. There is a difference.,False,True,keyword,0,0,0,,0,0,0
Ugy_lqpQFcrtyPaW9EJ4AaABAg.AUguM72prLKAUiJ0rpaINv,Rational Male Clips,When u see titanic as ✡️ propaganda because ✡️'s blew titanic to pass the federal reserve,False,True,,0,0,1,,0,0,0
Ugzqb4-bMxz8VnWlKf14AaABAg,Entrepreneurs in Cars,There’s been lots of women I walk away from nowadays because they openly tell me early on that they had their party years but now want to settle down and make me wait..yeah no,True,False,,0,0,0,,0,0,0
UgxEjOz7x-RKVK-D8b94AaABAg.AWeZH4-KfvaAWep_Gw8fPj,Better Bachelor,"For myself I have to agree with you 100%!!! It isn't hard to walk away from something YOU HAVE NEVER ACTUALLY HAD, and giving up on what you already know is a losing battle only makes more sense when you realize how things are always stacked against you anyhow! For decades, for example, I listened to my parents tell me about jobs and DEMAND ""You get your foot in the door!"" by working 5 times as hard to work at jobs where the company cares NOTHING ABOUT YOU! And yet my parents never listened to the logic that 'I got into the company through a temporary agency"" meaning I was also the first one out of that door when the layoffs happened!! In other words, ""Contracts END!"" and once the company satisfied their own agenda...people like myself would get laid off, AGAIN, and be forced to look for another job at a different company with an emerging contract that also needed to be filled!!! My parents NEVER understood this logic!! And even though I could take them to the empty building where ""I used to work"", they would still insist it was some how ""my fault"" that the company closed and I lost yet another job!! AND the also couldn't understand that ""I can NOT FORCE a company to hire me!"" either!! Again here, my father INSISTED that I come work for the company HE WORKED AT.....even though I had put in endless job applications, pasted multiple aptitude tests, and had 13 job interviews.....the company my father was employed at....never hired me, constantly stating that they ""didn't have a job opening for me available at that time!""!!! Crazy that a guy like myself with a background in auto mechanics, metal fabrication and machine operations COULD NOT get a job in a company that made timing chain parts for automotive engines, and the same company hired me with who was trained as a ""hair dresser"", instead!! My point is still, ""What happens when you no longer care?"" And for myself.....you can't miss what you never had, and ultimately give up on ""wanting"" because it just isn't worth the effort required to dumping into it!! The reward DOES NOT justify the means of obtaining it, like getting a ""better job"" or wishing for a large bank account or courting a woman!! The grass as many of us learned.....IS NOT always greener on the other side.....and the rat race will always be filled with RATS at the end of the day, no matter how you cut it!!",True,True,keyword,0,0,0,"does non-gendered personal grievance (economic, workplace, family) count as 1A, or must the harm be framed as befalling men because they're men?",1,1,0
UgwbH5LiA-Q4YN4lIJB4AaABAg.AY-9RlfS-TjAY-KQqzEAOQ,Entrepreneurs in Cars,"You're a target 🎯 Don't let any of them speed run you. Don't fall for the false tactics they'll lay out. Have fun with them, but do NOT move them in and do NOT marry them.",True,False,random,1,1,0,,0,0,0
UgwSr5_jFAvAIqq-UiN4AaABAg.9yikr4DsCV5ADReKVL1Y9W,21 Studios,I have a son like never did this ... I h@Ve a son n I'd never ... #kevindurant ewwww..stop lip kissing ur momma ...dafuq.. This weird I hope yall don't do this to ur sons ...ewww dafuq it's weird... he need wings ..let them grow to men ...❤,True,True,keyword,0,0,0,,0,0,0
UgwDUG3-0zFDxtLIH6J4AaABAg.9ngEjwgGq0x9ngOtMd6_-B,21 Studios,Mannnn I put like two on females before I believe. They would send you to mail quick bros. Protect yourselves 👑,True,True,keyword,1,1,0,,0,0,0
UgysoUgKyqPregnZDbR4AaABAg.AVTl1--uOFqAXyjNEqJIX2,Better Bachelor,Women lie about SA. Water is wet. Ice is cold.,True,True,keyword,0,0,0,,0,0,0
UgzN9bDRCGf0bvXcKJ54AaABAg,21 Studios,"The ""market did not open up"" until 2020 lockdowns - Rise of Kevin Samuels 1) Many people were home which increased viewership to YouTube and streaming platforms 2) This lead to Kevin Samuels doing he show which lead to several viral moments 3) This lead to Fresh and Fit taking Kevin's template but doing it in person with multiple women - they went viral in part due to KS 4) Just pearly things (before anyone knew who she was) called into Kevin Samuels show....and she then was a guest FNF 5) JustPearlyThings moved to the UK and started her own show. She copied and pasted FNF and is parroting Manosphere RP talking points for the sake of ""entertainment"" CONCLUSION = The reason why there is an influx of female content creators in these spaces is because its the ""popular trending thing"" to do right now (criticizing women) since KS opened the market up it has created a space for opportunist to monetize talking points they themselves have not lived or believe (Pearl) There have been channels of women criticizing female nature and behavior before 2020 heck ive seen them as far back as 2017 there was less of a financial incentive (which means its likely more from a genuine place) but post 2020 many females ""feel emboldened"" to make content because simply there is a financial incentive for them to do so.......thus the term grifter #JustGrifterThings",False,True,keyword,0,0,0,,0,0,0
UgwgbCzH2Oa6M1FbMCh4AaABAg.AX2Vspmh47YAXRlmppmwMp,Entrepreneurs in Cars,"""MY BODY MY CHOICE"" has morphed into being able to do literally ANYTHING they want without CONSEQUENCES.",True,False,random,0,0,0,,0,0,0
UgxOKf_qbW6JG_Wnz0l4AaABAg,21 Studios,"What is happening against MEN is not specific to one country or one region. It is global. Hope you guys have plans to expand the perimeter of your reach beyond the western world. Best wishes for your endeavour, from Sri Lanka!!!",False,True,keyword,1,0,0,,0,0,0
UgycBHKlE0Ru-nGldBF4AaABAg,Rollo Tomassi,The Red Pill is the JQ Nothing any of these people are talking about is the Red Pill,False,True,keyword,0,0,0,,0,0,0
UgxUHNhUD278cL2P-V94AaABAg,21 Studios,"Why would the state want to take responsibility when they can threaten another dude with jail, fines and everything else under the sun, to take responsibility? There needs to be mandatory DNA testing at birth. Before the baby even leaves the hospital. What POSSIBLE LOGICAL REASON is there for anyone (other than the damn state) to be against this policy?? 🤔",False,False,random,1,1,1,,0,0,0
UgxXCn6xPMqtXysd4pZ4AaABAg,Rollo Tomassi,https://youtu.be/gKnYTHglCWo?t=5814 she's using female language to preach to her female congregation using feminine intuition to misrepresent the male experience.,False,True,keyword,0,0,0,,0,0,0
UgzgPt7a9ihe-lFZxWt4AaABAg,21 Studios,What is if she is the Trinity of the matrix and you are the Neo. You both guys get married then and fight against the matrix,False,True,keyword,0,0,0,,0,0,1
UgxErks75f3dYkggymp4AaABAg,21 Studios,Truly sad to see a young innocent child being brainwashed.,False,True,,0,0,0,,0,0,0
Ugwg6L0rr2WT1h8NV9l4AaABAg,21 Studios,I don't do that I tell women off if they are in the wrong.,False,True,keyword,0,0,0,,0,0,0
Ugzab_1jwt0EbbrndIR4AaABAg.AVvI6hXWpvwAVvfODnQ1ED,Better Bachelor,"@marklittle8805 and yet females say they prefer the bear, so be it.",True,True,keyword,0,0,0,,0,0,0
Ugxj9badDkHDFlCRoyB4AaABAg.AXZ3NmfIiOCAXZok0O-fmq,Entrepreneurs in Cars,"@bryanchezick7656 I was explicitly told by our court, appointed parenting facilitator that I do not deserve more than 15 minutes with our child each week. I was told that she is his mother, and it is her job to raise the child. Because I am the father, my job is to make money to support my family, and I should never complain as long as I get 15 minutes.",True,False,random,1,0,0,,0,0,0
UgwOZXTALOgVwNc_mNp4AaABAg.AS8is7qSFLZAS9zlSO2JLN,Rollo Tomassi,This is literally the only reasonable rationale to be with a career-oriented female. Even then this arrangement would likely be short-lived.,True,True,keyword,0,0,0,,0,0,0
Ugw5CFnWbU8A4IJKoy14AaABAg,Better Bachelor,"I´ve seen 3s swipe left like 99% of the men they see...no matter the amount of tech they inject...the problem is the ""unfixable"" part...",False,True,keyword,0,0,0,,0,0,0
UgzAB7QDYEpQK4PdXNV4AaABAg,Rational Male Clips,"Rollo said that repeal the 19th is never going to happen, which is funny because didn't the same thing was said about Rowe v Wade in the 2000's ?? 🤔.",True,False,,0,0,0,,0,0,0
UgwxjODHbH370VWYW6d4AaABAg.9kx_90w6yZe9kxdVl7TB7b,21 Studios,If you're a Jordan Beta Peterson fan why weren't you already aware of and informed on this?,True,True,keyword,0,0,0,,0,0,0
UgxwpOynmw60fg_gaVF4AaABAg,21 Studios,Yeah thats bs. She the type of mom that will hate and sabotage any relationship he has with a women.,False,True,keyword,1,0,0,,0,0,0
UgyKPW4OXeceUOhKhnV4AaABAg.AUyTR2SZjqfAUyc--B1AX3,Better Bachelor,"The good “daycare” jobs. It’s mind boggling that ANY man working blue collar makes less than 50K, yet these women make close to if not more than 100K, so why would men want to work blue collar? This doesn’t even get into migrants lowering the value of labor, this system can’t collapse soon enough",True,True,keyword,1,1,0,,0,0,0
UgyycyZ0vJshnPSTXBl4AaABAg,21 Studios,"Are there any recommended books that may provide guidance for someone who is coping with the aftermath of their family's divorce and facing an upcoming family gathering involving extended relatives, such as cousins and aunts, where I'll feel caught in the middle? Your assistance with this matter would be greatly appreciated. Thank you.",False,True,keyword,0,0,0,,0,0,0
UgzRWD9VJbnRfjCLBEZ4AaABAg.AWYjbyRomsVAWmJxG5fhL8,Entrepreneurs in Cars,"Women don't mind cheating, they dread getting caught. But there's usually no remorse in actually cheating, Just when they get busted for it, and the man ghosts her and removes her from his life, ASAP.",True,True,keyword,1,0,0,,0,0,0
UgxwK5Z8FSG9rwc2zcB4AaABAg,Entrepreneurs in Cars,"Nobody cares, nobody listens, you will be blamed 'what did you do' 'oh come on man, she's a girl'....record & leave. Have nothing to do with them ever again. Know your/you're love",False,True,keyword,1,1,0,,1,0,0
Ugzi6_CsEn78C5HvSAF4AaABAg,The Free Agent Lifestyle,"So true, people post family pictures like they are so happy, but behind the scenes, it's a horror show. Fake, fake, fake.....",False,True,,0,0,0,,0,0,1
Ugwi2BKa5hutTusgAPd4AaABAg,Better Bachelor,"“It was always the women, and above all the young ones, who were the most bigoted adherents of the Party, the swallowers of slogans, the amateur spies and nosers-out of unorthodoxy.” ― George Orwell, 1984",False,True,keyword,0,0,0,orwell quote,0,0,0
UgxtxKQvx7KcBbzx0IN4AaABAg.AXUWCvX2_61AXUZCSAZUki,Rich Cooper Clips,"Stop voting, stop paying taxes. Only way to change this world for the better is to fully divest from the curse of Canaan demon political system, invest in your community, vote with your wallet, stand your ground and live via objective morality based nautural law. All else then you are complicit in your own demise.",True,False,keyword,0,0,1,demon political system,0,0,0
Ugw10546_2U5PFCarvx4AaABAg.AOL7h6cr1cHAOM65GrqCJI,Rational Male Clips,"Unfortunately, because of how evil and unfaithful women are, you have to be able to walk away at any time to get her to act right",True,False,,1,1,0,,0,0,0
UgwFZwfbbl-KVY8yldF4AaABAg,Entrepreneurs in Cars,Apparently 'Sustainability' = world depopulation... initiated through the legal system.... play smarter men... dont play by societal norms or the scripts that the state wants you to play by.... it leads to benefits for the state - at your expense.... think different... be - do - have....,False,True,,1,1,1,,0,0,0
UgwyoCfK-63YpOpjbGJ4AaABAg,21 Studios,"fair, smart, and honest women always have it for the majority of women. i've noticed that. makes you wonder why. kidding, you probably already know. the single most important factor in the destruction of any society is men buying into women's deceptive representation of themselves - which is their nature. usually their nature is the opposite of what they represent, in almost all aspects. not even kidding, is the funny part. not a figure of speech either. i do like this woman, though. i have a friend, who's also a woman 😋, but, unlike most, is aware and accepting of it 🙂- that's crucial in female nature - which makes a huge difference. meaning she resists the temptation of manipulating too much, and certainly for bad ends, is aware of her limitations in making up her mind and understanding things, the confusion in emotions, and the lack of reasoning clarity, refrains from jumping to conclusions and reacting impulsively, always asks for several opinions in making up her mind, tries to bypass their emotional impact, and tries to keep an emotional distance and constancy for all things. this speaker reminds me of her. the same body language, the same expression, even a lot of physical resemblance.",False,True,keyword,1,0,0,,0,0,0
UgyAwy9zuxhjbv4JFJl4AaABAg,21 Studios,I married two of those narcississits nothing you can do in this rigged unlegal system!,False,True,keyword,1,0,1,,0,0,0
UgxzWZG0fUMNJpe_xP14AaABAg.9mg_dE4QCSP9mgxMv8IY-F,21 Studios,"you ladies picked those men, you rejected the good guys because they were ""boring"" stop pretending you didn't have better options, the word ""incel"" is never used to describe a woman because you women ALWAYS have options",True,True,keyword,1,0,0,,1,0,0
Ugz5LdD9EvyJp7gWZf54AaABAg.AWAIQG96HKsAWAJMMFyEDQ,Better Bachelor,You have to act like a scandi man now. Steal drinks from women at the club lmao!,True,True,keyword,0,0,0,,0,0,0
UgwcHFzO6o9_GE1-rpB4AaABAg.AUs8ICTcgJaAUwZxYydOJe,Rich Cooper Clips,"​​@AfroAtzeLegally in the US, as a man, you have no authority over anyone, much less your wife or children. That's just a legal reality to understand. There's no sense in either denying it or getting upset by it. The system is dysfunctional and backed by societal force. What remains is just for us individually to take responsibility for how we choose to move forward in that reality. Best of luck to you. 👍",False,True,,1,0,0,,0,0,0
Ugw-eHIpe37-KBaupal4AaABAg.AWAq6H6YLOMAWD_eBaI5kk,Better Bachelor,"Because it is a FAILED concept yet soyciety and the church still push it. It has been orchestrated to DESTROY men. If less than half of parachutes ever worked, would it not be irresponsible to advocate for men to go sky diving? Why is a 5 minute ""ceremony"" with an Elvis impersonator on the Vegas strip Legal and Binding? But to 'undo' that union will be $$$$$$$$!!!!!",False,True,,1,0,1,,0,0,0
UgyvmX87HZNYBW3taFJ4AaABAg,Rollo Tomassi,"I have no evidence, but I would postulate that older men, say over 55 or 60, think differently than younger men when it comes to emotion, and WAY differently than women. I think a lot of older men have more apathy for a lot of things and find it an efficient, logical way to go through life. Either through experience or simply aging, I think they find excessive emotion a distraction to accomplishing their goals.",False,True,keyword,0,0,0,,0,0,0
UgxasO96aexJ61UX_zh4AaABAg.9mVwB4zSSaH9mqeQcdVF8U,21 Studios,"been treading away from this space because it become a joke now, its like day time talk shows for women , all i see now is beef between content creators, grifters and corny reaction videos smh , i pretty much got what i needed from this space so i dont need to sit around and consume it like i used to",True,True,keyword,0,0,0,,0,0,0
Ugw_seHL0-6xyliQhIR4AaABAg,Better Bachelor,"My cousin was so miserable in his marriage that he smoked himself to death to get out of it. He had a good career and was under 60, but he knew his kids and nephews & nieces would guilt trip him if he got divorced. His wife once confided to me that she loved him but didn't respect him -- which to me means she didn't love him at all.",False,True,keyword,1,0,0,,0,0,0
UgxzqQ5uviTjg0C5D-p4AaABAg,Entrepreneurs in Cars,"""Invested in an emotional way"" So in her eyes, no man has EVER cheated.",False,False,random,0,0,0,,0,0,0
UgwPXsm7RejSuOmD3dB4AaABAg.AUyDbl49OrFAUycnWzIdZe,Better Bachelor,"Women legit thought men working were hiding some sort of secret sauce, as though working random crap jobs was the promised land. They didn't understand that men only really worked to support families. Without families, why would men care to work hard?",True,True,keyword,0,0,0,,0,0,0
UgxKLcE1E9NqaEeFhmV4AaABAg,Better Bachelor,"So now people going on about “the wall” can shut up, they still get more interest than nearly all guys",True,False,,0,0,0,,0,0,0
UgxyfdxaTE_XSbTgfst4AaABAg,21 Studios,"In my childhood church it was a running joke that the women wore the pants in all the marriages. Back then it was funny, looking back it’s just depressing and a huge problem.",False,True,keyword,1,0,0,,0,0,0
UgxVu3us3PvG1l8phZx4AaABAg,Better Bachelor,"Terrible take from Benjamin. The woman is not interested in being courted or owned, she just wants everything she wants entirely on her terms",False,False,random,0,0,0,,0,0,0
UgzCgAGBRKnejxojprF4AaABAg.AWeNFtu8pTPAWeeS8NgglU,Better Bachelor,And they can't figure out that they're being passed around.,True,False,random,0,0,0,,0,0,0
Ugw9xsul3alKZTDk8wZ4AaABAg.AWLoQgznJnaAWMglBLRpWK,Rational Male Clips,You know what proud of you as a man to say no. We as men need to be stronger and stand up to this kind of thing even when they are throwing themselves at you it's badass as a strong man to say no thank you. What a despicable creature she is,True,False,,1,1,0,We as men need to stand up to dispacble female behaviour (creature),0,0,0
UgwQ4N0Auqt3Z-Ql3754AaABAg.AV16NcUJkbUAV16pDFKUJE,Entrepreneurs in Cars,"Thanks to feminism. 🙄 😑 😒 As Frau from Austin Powers said it best, ""Bring in the fembots!"".",True,True,keyword,0,0,0,,0,0,0
Ugyi3bQcg4v0vAXncV14AaABAg.ARXtVtHNUjfARbSOlsE3-p,Rollo Tomassi,Wrong. They are biologically incapable of having it. Having a strong father forces them to act like men and be responsible.,True,True,keyword,0,0,0,,0,0,0
UgxGUuh0AjcM-F7kJeZ4AaABAg.AXfql3-mHZmAXgCBhURF5H,Entrepreneurs in Cars,Because women side with women and that same woman would want half his shit too... all at the same time that woman would totally bang that guy behind the calling woman's back.,True,True,keyword,1,0,0,,0,0,0
Ugz3aNm5_D2ifivW1dZ4AaABAg.ALq-AOFylIEALtwDS8zmVl,Better Bachelor,"Well, that's the funny, 'reverse logic' of this situation. It could be seen as 'insulting' to women, as the police are effectively saying 'we are dressing like this to deliberately attract this kind of attention.'",False,True,,0,0,0,,0,0,0
UgyU30XDjFA-KmGwLjt4AaABAg.AYQoSmK5CS9AYSfKjIh2tj,Entrepreneurs in Cars,@PeterShaw-ne1yq Nah. I didn't drown. Living the single life now and loving it.,True,False,random,0,0,0,,0,0,0
UgxPjr9W38mdK5Nom-t4AaABAg,Rollo Tomassi,"Imagine having friends who would be excited for you to have eye color change surgery. Mine would stage an intervention. And because GenZ is the result of 100 years of corporate brainwashing to be terrified of how the world sees you and that they have the fix... for a price. They've been doing this to women for a long time, and now the young men are a new emerging market for them. However, ​​Imagine being at the gym wanting to use those dumbbells that the girl in red is blocking while filming her rant.",False,True,keyword,1,0,1,,0,0,0
Ugy8_hRdKrN5akqrpql4AaABAg,Rollo Tomassi,2:22:29 Amen Rollo. The women alive today will most likely never give up anything. They see it as a resource to extract at a time more convenient. They’re too far gone.,False,True,keyword,1,0,0,,0,0,0
UgxvBI9YAIwM1uR5O4J4AaABAg,Rollo Tomassi,"Rollo, it was Israel. You're the Godfather of red pill, don't be bloody naive.",False,True,keyword,0,0,0,,0,0,0
UgySbsrB1N_8PAEVvJ94AaABAg.AXhhIqJbyFYAXsaxxU2fwE,Entrepreneurs in Cars,This is what callers do on the Ramsey show all the time. They play the innocent victim and spew this kind of nonsense because the hosts have no critical thinking skills and just eat it right up.,True,True,keyword,0,0,0,,0,0,0
UgySrO3951ZRJyXaQ4x4AaABAg,Entrepreneurs in Cars,"After my first divorce, I got married again. I don’t have any kids, however, she had a daughter that was 17 years old. I figured she’s on her way out to college and she didn’t stay much longer after we got together. Her daughter has a really good head, but on our shoulders. Then again she’s Asian and they are raised differently.",False,True,keyword,0,0,0,,0,0,0
UgwScgMrK4uOtA0QfKl4AaABAg.9mbHBQRjeSY9v4u2UzIA-8,21 Studios,"@TGP109 the two are not mutually exclusive, plus you are using your own way of being as being a collective reality. The same applies to any sane person, to move away from what is harmful. Due to clear differences in behavior and manifestation of power, men and women have different strategies to find their place in the world.",True,True,keyword,0,0,0,,0,0,0
UgzViLnA3rsezI0__lh4AaABAg.AX6CWYYzYF5AX7f_BfVV3P,Better Bachelor,"True. But.... Thanks to politicians/civil servants/unions, the legal/labor workload has ballooned - probably with the intent to create jobs for now ""highly educated"" (ahem...) women with some gender-study leaflet as proof. So, the bureaucracy created more oversight and controls to hamper businesses - and the economy as a whole. But, it employs/empowers women.... _""The Bureaucracy is expanding to meet the needs of the expanding Bureaucracy.""_",True,True,keyword,0,0,1,,0,0,0
Ugzy-QGnjIKXee7HWuh4AaABAg,Entrepreneurs in Cars,"We can blame women if we like to deflect from our own failures. I stopped blaming the world and took responsibility for my failure in finances and relationships. Once i did that, them i found the mental clearness to change a few things. Still have a long way to go but seeing some improvments it's very satisfying.",False,True,keyword,0,0,0,,0,0,0
UgyRsUWj2DQWUVV-AGJ4AaABAg,21 Studios,Here I am watching stupid netflix series when this is the stuff I should be watching in my spare time,False,False,random,0,0,0,,0,0,0
UgzypMHGjL5pqQL1Jhl4AaABAg.AVZLt22CBigAVZP9X1S6rH,Better Bachelor,"They call themselves mainstream, I call them irrelevant as do most people under 70.",True,False,random,0,0,0,,0,0,0
Ugzre51Q68-tCJvXrQ54AaABAg.AXEjVAdJFSgAXK1VpDulNS,Entrepreneurs in Cars,"Women want to drip between the legs, resources only go so far. Learn to listen.",True,True,keyword,0,0,0,,0,0,0
Ugxf2sI7VfIvpxNFtfl4AaABAg,21 Studios,Now picture what she said and apply it to a felony case. The system is broken.,False,True,keyword,0,0,0,,0,0,0
Ugz4oCfJaeza2RSVtOR4AaABAg,Entrepreneurs in Cars,"If a women in her position EVEN starts this debate, you should leave and NEVER look back.",False,True,keyword,0,0,0,,0,0,0
UgyZiyQgcM6uWG16oI14AaABAg,Entrepreneurs in Cars,"Right-On. I've seen some of this. Stay Single Guys. Single = Autonomy, Freedom, and Drama free.",True,False,,1,1,0,"Guys, stay single!",0,0,0
UgyX2zmAAaXpNOb7DF54AaABAg.AZ5OdGMZcqWAZ81t6jGh9C,Entrepreneurs in Cars,"@BearHomeOwnerDIYWhatever, ""Mr. Contrarian,"" The Essenes of Qumran were red pilled. Arthur Schopenhauer was red pilled, the Apostle Paul was red pilled. How far back do you want to go? It has _not_ been mainstream since 2000. It's recent. Go back to arguing with women. You ain't winnin' anything here.",True,False,,0,0,0,,0,0,0
UgwKgP0uOElMFHAzJ9B4AaABAg,21 Studios,What's funny is it isn't young men clogging up physctraists appointment books...its all women around 30.,False,True,keyword,0,0,0,,0,0,0
Ugwb3QtP_3BSWmfUWwt4AaABAg.9ligvNI9tR19mH__ZPNZwB,21 Studios,@fap fap fap the channel defends traditional women and their roles along with the nuclear family. Embracing traditional femininity. That’s staying strong in the name of women for me.,True,True,keyword,0,0,0,,0,0,0
UgyBh0Ah1kKQRFdk85l4AaABAg,21 Studios,"The essence of manhood is the potential for fatherhood. And any masculinity disconnected from that is something a woman could also share. On Donovan's view, trans men are real men. This is deeply confused thinking.",True,False,,0,0,0,,0,0,0
UgyxGcz5GpsinIHe15t4AaABAg,Rich Cooper Clips,"Low count compared to his own count am sure, but not zero. 😊 Hollywood set that trend? 🤔",False,True,,0,0,0,,0,0,0
UgyypExDzU-oGlxAcod4AaABAg,21 Studios,This lady just described my divorce that took a year to settle in a hour😂🤣 ok it's time for Attorney at Law Commercial's😘,False,True,keyword,0,0,0,,0,0,0
UgzNCIbvvOB5wYYGzwt4AaABAg,Rational Male Clips,Which is why I opt out of their system by only participating at a level that helps me.,True,False,,0,0,0,,0,0,0
UgyuQpBTeGGXPdl3g1t4AaABAg,Rollo Tomassi,Theroux is a typical dishonest BBC journo. He's just enforcer for the system.,False,True,keyword,0,0,1,,0,0,0
UgzBK8JCtkHNtCYNd-V4AaABAg,21 Studios,Other states need to begin ignoring California law. Ignore all subpoenas from California extradition orders driver's licenses everything.,False,False,random,0,0,0,,0,0,0
UgxguUDGy0md-RTgxpN4AaABAg.AQFL18YPhynAQHG-DCSTMF,Entrepreneurs in Cars,"@mkpears a pre-nuptial agreement is only a contract. All she needs is an activist judge and the contract will be declared void. Just don't get married and don't live together. Follow the 4 Fs... Find em, feel em, fuck em and forget em.",True,False,,1,1,0,,1,0,0
Ugx8kCgk6CVoFx_lOqJ4AaABAg,Better Bachelor,I im in my 50s and i cant be more proud of this new generation of young men that are stepping up and standing on their god given stength. Stay the course and refuse to die.,False,True,keyword,0,0,0,"Men are standing up and ""refusing to die"". Support for men to fight back.",0,0,0
UgxHwX_YYBzK7rVLFpd4AaABAg,21 Studios,Be a total badass. Then be nice. Once people realize you are dangerous but totally in control then respect is automatic. Masculinity is a necessity.,False,True,keyword,0,0,0,,0,0,0
UgwahsbLBpM8dbxOCH94AaABAg,Rollo Tomassi,"Man, we could sit here and list of hundreds of double standards men have to deal with intersexual dynamics, but that won't change the dynamics. Don't resent the scorpion for having a tendency to sting fellas. It's nature. Accept and act accordingly.",False,True,keyword,1,0,0,,1,0,0
UgwPXsm7RejSuOmD3dB4AaABAg,Better Bachelor,Society disadvantaged young white men through DEI and affirmative action and now society complains men aren’t living up to their obligations Society is toxic racist and sexist against white heterosexual men Now women have to work and pay taxes to the government and they’re miserable,False,True,keyword,1,0,0,,1,0,0
UgykJjKRO01nYJra-iJ4AaABAg,Rollo Tomassi,"No, he is wrong because any hint of the red pill has been actively suppressed for over six decades. It only seems extreme in comparison to the make-believe, constructed reality of the last 60+ years.",False,True,keyword,0,0,1,,0,0,0
Ugzd7zacmOu5kT70Mpp4AaABAg.9mdYeoMhVmO9mdyCQ5oqyO,21 Studios,"@joelafrite7850 I'm in agreement with you; not 21 studios. It's unfortunate that you're referencing my skin color; now, that makes you look just like 21 studios; childish and unprofessional.",True,False,random,0,0,0,,0,0,0
UgxhdL-WoDvX3NtIDIB4AaABAg.AQb5OGMN3cpAQbAaDY5I-m,Rollo Tomassi,yeah but blue collar work is much more in the real world. it's not glamourous. nobody *wants* to be a plumber. it's a job. it's not a flex. the money is why you do it. the money is good but it's not something you can dunk on someone with. women want a career as something to show off like a handbag. They want the status. they want something that makes them look better. they want their career to be something they can dunk on people with. even if the actual tasks are easy and the pay is only so so.,True,True,keyword,1,0,0,"men do the ""hard work"" jobs",0,0,0
UgzdVdP8XlQ20-vWX_N4AaABAg.AUnVqNxax9_AUthOgVQ9vd,Rational Male Clips,@traviswilliams1398its definitely a rookie error! Happened to me way back and pretty much red pilled me before it was a thing.,True,False,,0,0,0,,0,0,0
UgyMvciRsjy0YKyxPt94AaABAg.AUqXIeKVztTAUqcrQ9FJN_,Better Bachelor,yup we warn women we protect women we dont harm women but we allow them to HARM THEMSELVES BECAUSE THEY ARE FREE TO MAKE CHOICES THAT EVENTUALLY HARM THEMSELEVES we men cant force them we can talk to them but even that is misogynistic sexist man splaning and so on so fourth,True,True,keyword,0,0,0,,0,0,0
UgyjNgV1xyOTjhT4uKt4AaABAg,21 Studios,A wonderful speaker... Absolutely loved every bit of it. 👏👏👏👏👏,False,False,random,0,0,0,,0,0,0
UgzI5pgBNCZDGeogEgN4AaABAg.9kFn6wdJ0YK9kFwJrktg4-,21 Studios,"*generally speaking in this modern day western society is overruled by the pseudo social media lifestyle, a radicalized feminism, and zero accountability for their actions",True,True,keyword,0,0,0,,0,0,0
UgxvmLihnJngXfvo_7x4AaABAg.AW5aYRZTwXTAWl6QCMZNn5,Better Bachelor,The sisterhood destroyed my marriage of 25 years and many lives of other men.,True,True,keyword,1,0,1,sisterhood?,1,0,0
UgzDpdcVg91ZDeTb5xd4AaABAg.AMr_JldvmqGAMvgPGHanTp,Rollo Tomassi,"@Gina0303 Yeah sure, the emotional connection of the ck rollercoaster for decades and looking for betas after the fact to raise the kids of other men lol",True,True,keyword,0,0,0,,0,0,0
UgxbGtTDJpli_ExSNN54AaABAg,Better Bachelor,"As long as western societies continue to refuse to hold women accountable for their actions, we are done. They will pass laws to protect these women long before they will be held accountable. It will get worse.",False,True,keyword,1,1,0,,1,1,0
UgyAcO9I2NPkk9XsmGp4AaABAg.AU9O-ly0k0sAUKW5_4zrd6,Rollo Tomassi,It does not change a bit.women want chad tyrone to bang the shit of them while been provided protected by a beta male provider(the aka high value man who later in life has money status fame.when they have money women always choose to be with a chad even as side chick,True,True,keyword,1,0,0,,0,0,0
UgysoUgKyqPregnZDbR4AaABAg,Better Bachelor,Visit http://nutronicslabs.com and use code BETTER to save an additional 10% on your first order. Reclaim your edge — start today. 0:00 Intro 06:27 Sponsor Nutronicslabs.com 07:37 The Timing Gives It Away,False,False,random,0,0,0,spam,0,0,0
Ugz0paqASNVYuBFc-4V4AaABAg,Entrepreneurs in Cars,"If you're going to win a war (on men), you need a combative mindset. Be nice once you've won.",False,True,keyword,1,1,0,,1,1,0
Ugyxp_zaBy9xlFPeeT54AaABAg,Better Bachelor,Young HR women have ruined every workplace I have ever been in.,False,True,keyword,0,0,0,,0,0,0
Ugw-GnwHt1rWo41rP4N4AaABAg.ANaqNBxpUX7ANc0VlH-fgH,Rollo Tomassi,That way they can kill themselves snd not others. That way immigrants can replace the men,True,True,keyword,0,0,0,,0,0,0
UgxePSotxfmsCcaioPZ4AaABAg.9kvXu3INstj9kvwKji0i7_,21 Studios,"@Chris2Flock Sure buddy. Nothing that wants *procreation* is anti woman. Only a secularistic ""man is god"" humanism wants a social hierarchy enslaving women. God created a partner, not a slave. By the way, God will use a woman if there are no real men around and she will crush God's enemies. With a smile.😊👍",True,True,keyword,0,0,0,,0,0,0
UgyLl7OAAx-59McCxhh4AaABAg.AUQoe957BwsAURMMEMCxIy,Rollo Tomassi,"Yeah, its almost like they don't actually want to solve the problem but instead just talk about it. As if talking about a problem and ""addressing it"" is somehow going to make it all go away. its all graft, clicks, maintaining visibility and content. post or die.",True,False,random,0,0,0,,0,0,0
UgzuAk8ugQZ3Ay2HM7l4AaABAg.AOlHs1VM04_ARMOuGr75AL,Rollo Tomassi,The best male archetype movie. It’s not a romance. It’s an exploration of female nature,True,True,keyword,0,0,0,,0,0,0
Ugw5DoQTdi8N0ComUKF4AaABAg,Rollo Tomassi,WHere is the first video from? The guys snapping fingers and dancing and singing about voting?,False,False,random,0,0,0,,0,0,0
Ugyf6aUr-dyz29Ypfol4AaABAg,21 Studios,"The thing about authoritarianism, you have that it is called Singapore. The thing is that the People's Action Party and Lee Kuan Yew were really a specially gifted group of men who were able to bring this about. Not only that Singapore is a small city state and on the eve of independence the people of Singapore had been so beaten down by the grinding poverty and the race riots that happened; so the founding fathers of Singapore were able to impose an benevolent dictatorship on the people.",False,True,keyword,0,0,0,,0,0,0
Ugwzm0Sq5G6bfBXxhwB4AaABAg,Entrepreneurs in Cars,"The earlier in life you learn this, the better. We were scammed in our construction business in my mid-20s, didn't lose that much, but played with a financial RP awareness after that. As to women, that knowledge had to wait a couple more decades (and marriages.) Spin plates.",False,True,keyword,1,0,0,women scam men,0,0,0
UgyeRySKsvS31M6ZKrN4AaABAg,Entrepreneurs in Cars,“Single moms aren’t interested in improving your life as a man.” This applies to pretty much ALL women. I have yet to meet or date a woman that has stopped once to consider or ask about my needs or desires as a man.,False,True,keyword,1,0,0,,0,0,0
Ugzex2sBiT6mm9WmlRx4AaABAg.AUTGod2yacpAUVw8iMi9WC,Entrepreneurs in Cars,I have seen it save marriages. It can teach communication. Sure you can get a bad therapist but nothing is ever your fault? Therapy does not work. Women are the problem? You have none? I suggest you find a male therapist and I hope you get a good one. It can help when you think everything else is the problem.,True,True,keyword,0,0,0,,0,0,0
UgxhnvyiM_0NUfQWI-d4AaABAg.AVvMTu4US3FAVvVOLe-up0,Better Bachelor,"Same with the Secretary of Labor Look up that scandal that the media is trying to cover up, it's SPICY!!",True,True,keyword,0,0,1,,0,0,1
UgyhSnSwVDJo_o6qtc14AaABAg,Entrepreneurs in Cars,60 million millionaires on the planet. About 14 million are females. Meaning over 99 percent are not millionaires. Ladies the math don't work. 😢,False,True,keyword,0,0,0,,0,0,0
Ugy1CZGOTUVXxrRjpn54AaABAg,21 Studios,"You're trying to identify with YHWH to get His protection from the dark side, but you'll hate His creation? Woman? You guys and God need to have a serious chat.",False,False,random,0,0,0,,0,0,0
UgwPAWzPHWvGYvR_k2F4AaABAg.AHo7UtUpJ5FAHp50XY34BX,Rational Male Clips,@Min-Prinsessathen your society will fail when men stop caring like every other time in human history but you are good at being sex toys for high elites,False,True,,1,1,0,,0,0,0
UgzP0YyNTyRAVan6m4F4AaABAg.AX4FD1Q9BGRAXGizxWgs5P,Rollo Tomassi,@stanleyball2615She's the host of the MOST VIEWED podcast by women!,True,True,keyword,0,0,0,,0,0,0
UgwCOi7NKbmRa9ya49h4AaABAg,Rational Male Clips,Learn the word “MISANDRY”! Around long before “misogyny”!,True,False,,0,0,0,,1,0,0
UgxBLdDWUYbRjyspT-x4AaABAg,Rational Male Clips,Ever since Adam and Eve women have wanted to manipulate men for their own selfish reasons certainly not for men's interests.,False,True,,1,0,0,,0,0,0
Ugxe4RresMVZBLMdn-x4AaABAg,Rollo Tomassi,HEY ROLLO CAN YOU PLEASE PROVIDE FOR ME THE NAME OF THE BOY WHO LISTENED TO HIS MOTHER WHILE WRITING A NEWSPAPER THAT EVENTUALLY HELP FORM FEMINISM 🙏 THANKS,False,True,keyword,0,0,0,,0,0,0
Ugw5q_t859Iv2oUo1nt4AaABAg,21 Studios,"This is why I'll never get married again unless the laws change, and let me tell you something, if a judge threw me in jail because I couldn't make my child support that judge wouldn't be on the earth anymore.",True,False,,1,1,0,threatening attitude towards judge - justifying violence due to unfair court rules for men,1,0,0
Ugx-83BEP96vD1YBemt4AaABAg.AP5Duqf25fYAP5ciBbPwW7,Better Bachelor,@MrNick615 Overpopulation is a myth foisted on us by the elite eugenicists who want the planet and its resources all to themselves. Then any remaining humans will be slaves and playthings for the elites entertainment. Think ancient Rome on a global scale. There is plenty of resources for everyone they just are not distributed to everyone because of communist and tyrannical governments and corporations.,False,True,,0,0,1,,0,0,0
UgzHcP3gM42A3xIEr4h4AaABAg.AVU-vxELEOOAVUQjfrKjLv,Rollo Tomassi,I was being facetious and also don't know who the dot reds are.,True,False,random,0,0,0,,0,0,0
Ugxu3nW24xSmKjsdWkN4AaABAg,21 Studios,Family court is one of the most destructive processes to kids and families in this country,False,True,keyword,0,0,0,,0,0,0
UgzOhehriszS1j2vMHd4AaABAg,Entrepreneurs in Cars,"A man should never confuse his hypergamy value with his real value. Hypergamy is a broken system and men should be doing everything they can to bore her, make her think you are less famous than you are and make her think you are broke. It's very important that you expose her hypergamy and weed out the fame whores and gold-diggers because there will always be someone more famous and richer than you for her to hypergamize to.",True,False,,1,0,0,suggests what men should do to fight female hypergmous nature,0,0,0
Ugyl4q5W2lcGnCvx3wx4AaABAg.9kBN3cOEmKJ9kfgQ87LveG,21 Studios,"This agenda has been planned for over a decade. College Campuses implemented it hard in 2014, the Educators of today are a product of that. The ideology goes to the core of the education system (there are those that push it even harder) it also goes to the core of many things. Keeping your kids off of Social Media or at the Very least Educating them about it is the Best thing you can do for them. Homeschooling is fantastic, some studies have shown that after when kids enter into society in the way of University the experience a culture shock and are susceptible. Have the hard conversations, arm them with the tools they need.",True,True,keyword,0,0,1,,0,0,0
UgyVSvcY_Du4TCKMCs94AaABAg,Entrepreneurs in Cars,The juice isn't worth the squeeze focus on yourself,True,False,,0,0,0,,0,0,0
Ugz4Jv4DiI5yYxHjMH54AaABAg.AQwTZnJgtnFAR-QdmgJM_R,Better Bachelor,Women: REEEEEEEEEEEEEEEEEEEE! How dare you not conform to my Hollywood style expectations and delusions 😂 REEEEEE!,False,True,,0,0,0,,0,0,0
Ugzii6HPBYpe-c3ZUQB4AaABAg,Entrepreneurs in Cars,Brothers they all lie about their body count I don't even ask because I already knows Just keep your money and travel.,False,False,random,1,1,0,,0,0,0
UgxvYlWRXPrOM-b_Xad4AaABAg,Rollo Tomassi,"The manosphere is inherently right of center like it or not. Left wing believes that men and women are essentially the same and should be equal. Right believes men and women are different and should have different roles. 1:45:05 They do care about being victims because that's the theme of the content they are putting out. They are choosing to specifically put out that theme and thus it's legitimate to critique it. 1:51:45 So there's no transgender movement, it's all a figment of our imaginations. Walsh through his activism is confronting actual hospitals that do these awful procedures and has even got some of them shut down. I wish this phenomenon didn't exist either but it does and it is symptomatic of how lost society is in general. I do agree that Michael Knowles' take here is weak b/c it's not as relevant to what's going on with the girls and their hypergamy as he thinks it is but still.",True,False,,0,0,0,,0,0,0
UgyAud6qiwnDlQ_76HZ4AaABAg,21 Studios,"Keep fighting for your son. NEVER quit I have custody of my son. He is worth every fight, every heartache, every sacrifice. God bless you in your battle..",False,True,keyword,0,0,0,,0,0,0
UgwDHHzqsmvLeEfE2Kd4AaABAg,Better Bachelor,"Women don't want to date the Somali pirates whom they were protesting for. I'm shocked, shocked!!",False,True,keyword,0,0,0,,0,0,0
Ugx_wyS_PsVvOJAsskN4AaABAg,Entrepreneurs in Cars,"It only gets harder if you are neglecting your own self-development. Lately, at 34, i haven't even tried to hit on women... yet, there is something about me that has them drawn in, striking up conversations... its weird. I'm wondering how much its just that women like old men and society has made it taboo for them wanting to have xes with old men. But, i can see it, they want old men. When i was younger i had to ""try"" now i'm just doing my thing and i seem to naturally draw them into my aura.",False,True,keyword,0,0,0,,0,0,0
UgxwuYp8RIw2D-uc_3N4AaABAg,Entrepreneurs in Cars,"The court may make you swear on the Bible, but the system is Satanic...",False,True,keyword,0,0,0,satanic system,0,0,1
UgwEG62_MK8uJa7EOcN4AaABAg,21 Studios,"Damn. This was deep. So genuine. I 25:30 remember the ""one"" genuine feminine woman I met, dated and slept with. So true. I haven't forgotten her. I know the connection (man and woman) with her and haven't felt that with all the other women I've met and been with. 💯",False,True,keyword,0,0,0,,0,0,0
UgwcX5XAjwhl0ZM3Sul4AaABAg.AQoEQoqzmhaAQpd7EHjtjr,Rollo Tomassi,"He has the most information on female nature. That's why they call him the Godfather of the Red Pill. He's helped pull so many guys out of the dream/fantasy land of relationships, to give them solid ""realistic"" information of how to deal with female dynamics of a relationship.",True,True,keyword,0,0,0,,0,0,0
UgyVZunL3stDca2Yykl4AaABAg.AXHiHFSoWxoAXI5rNbnWpI,Better Bachelor,"@OdtKIA men collectively rejecting women who prioritize sexualizing themselves for attention, money, and status over deeper, more respectable qualities is what’s needed in society at this stage",True,True,keyword,1,1,0,,0,0,0
Ugwcv9aaZ2oCNKolCDt4AaABAg,21 Studios,Covid was 99% a psyop,False,True,,0,0,1,Planned Parenthood,0,0,0
UgwbD0WrY6MbawF3LZh4AaABAg.AX-EeSEdetZAX3y2kcznEE,Entrepreneurs in Cars,"I recall lots of phrases like that. It's interesting, because a lot of these vague accusations you can't really pin down with facts and you can't really pin down what exactly can be done to change it It's not like a real problem where you have data and then you take an action and you fix it and move on and it's done It's like some sort of victim game and vagueness and manipulation and she is defining what she wants or doesn't wants or when something is good or not and it's totally random Also it's not fair and balanced she is usually trying to manipulate you or cut you down and take from you so that your relationship is less and less balanced with you serving her as a princess or a queen. No thanks.",False,True,,1,0,0,,0,0,0
UgxdPbeYJE2l-zA_UPJ4AaABAg.AVHd_KBmh_qAVNYswr6d0L,Better Bachelor,"I don’t feel this way at all. I encourage my husband to rest, I think he works too hard. I would never interrupt a nap , unless there was a dire emergency. Which has never happened in forty years. That woman is a monster. They probably have children together, or he could leave.",True,False,random,0,0,0,,0,0,0
UgyXwCXVxsMKZ1YCNyV4AaABAg,Entrepreneurs in Cars,"One of a thousand reasons why I no longer waste my time with women. I’m divorced, my kids are grown, my money and time are mine, I’m free.",False,True,keyword,1,0,0,,0,0,0
UgzENLG5LP-D1OW_zbh4AaABAg,Better Bachelor,"We need to make sure women who falsely accuse get severely punished, a minimum of 40 years in prison.",True,False,,1,1,0,women who falselt accuse men should be severely punished,1,0,0
UgxOdyG_1fCXKAwNaud4AaABAg,Entrepreneurs in Cars,"Not surprised, that's how I've kept all my women 😅",False,True,keyword,0,0,0,,0,0,0
UgxPV5X5_LMQkO_N8Lh4AaABAg.ATOVEso5demATOny0tueMW,Rich Cooper Clips,U r right. When I got divorced I said I would never get married again. I told 2 women that and they stopped talking to me. I said “okay cool “ Will never marry again,True,False,,0,0,0,,1,1,0
UgzGUx9mHq4Qj17p2N94AaABAg.AW5M0rKXszqAW68sdhAtS3,Better Bachelor,"Chads know how women work, they are red pilled and don't want a LTR.",True,True,keyword,0,0,0,,0,0,0
Ugzr_k_owPCunHcK0oB4AaABAg.AX5bk33gMbkAX6oEG-1o3C,Better Bachelor,"This is the sort of reason why I've reached the conclusion that the only way this ends is with a coordinated, orchestrated MILITANT response.",False,True,,1,1,0,,0,0,0
Ugws56hmqIr4aLwkxJx4AaABAg,Rollo Tomassi,"Women need better men, but so does society in general. Men and society in general also need better women. Its a symbiotic relationship. If its too one-sided then society goes to shit.",False,True,keyword,0,0,0,,0,0,0
UgzvIgyctYCSlxJQ_gJ4AaABAg.AVMkWhuwfpRAVPStYMO3DL,Better Bachelor,"There are some technologies that let you upload to a network that is resistant to this kind of alteration, but it's not something we can easily just dump the whole internet on to.",True,False,random,0,0,0,,0,0,0
UgwOyJfyFLTk9393Yah4AaABAg,21 Studios,"Get Tactical Soap now, the world's ultimate soap for alpha males and Chadzillas at https://t21c.com/soap21 Use code ""21C"" for a discount!",False,True,keyword,0,0,0,spam,0,0,0
Ugw7gke8dz8dqMsgvbp4AaABAg,21 Studios,"I believe god is the collective energy that has past, and also yet to come. Not a “him” as in a human form like most religions believe. I think that’s the “white light” that has been claimed by people who have had near death experience. The light is god. “We naturally go toward the light”. We dissipate and become part of god when we give in to it and let it consume us, when death becomes final. That’s also why our energy comes from “god”. That’s just my opinion thought, and half the time I think I’m “crazy” any way, so idk 🤷🏻‍♀️ I don’t know what religion that would be considered. I was not raised by religious people.",False,False,random,0,0,0,,0,0,0
UgycwxhVW-jGx9HBZNF4AaABAg.9w16YfCQLdB9wQt2yTnTGd,21 Studios,That and rolling her eyes and tutting everytime a man talks,True,False,random,0,0,0,,0,0,0
Ugx0JrPYAoACecaUgH54AaABAg.AJwm-4lPZJ7AK23OEXjkOf,Rational Male Clips,">>they believe the result will be ""Well - I guess we have to go back to the masculine"" at which point we have technological wild west and blast ourselves out of existence<< No, I don't think that anyone could be that stupid to believe that! Rather, the answer would be: ""Well, I guess we need equitable divorce laws.""",True,False,,1,0,0,We need equitable divorce laws - implicitg men currently disadvantaged ,0,0,0
UgzBb1LA7L0kLuGeTeN4AaABAg,Rich Cooper Clips,Hypergamy. Happened to me. I walked though after 23 years of being a doormat.,True,False,,1,0,0,treated like a doormat,0,0,0
UgwFzcbOm3VqLUzm-qx4AaABAg,Rollo Tomassi,Imagine if every man stood up for men like women stand up for women and stopped working until their needs were met.,False,True,keyword,1,1,0,,0,0,0
Ugz0Mvmt6uRfgyOWV9l4AaABAg.AWTuSi58shOAWTzTtkzdP9,Better Bachelor,​@respuestabecause doing so means the end of our civilization... its crazy that women have essentially given us the choice of passively allowing society to be destroyed... or basically institute the handmaids tale... they are fundamentally insane,True,True,keyword,1,0,0,,0,0,0
Ugy2b6KnRl2DSJXBn5x4AaABAg.9mdzOdKoepG9mujdadUB1y,21 Studios,The other thing I noticed as well is that it seems men only end up with kids when the kids have disabilities and the mother wants nothing to do with that. I'd like stats on how many single fathers there are and whether those children have disabilities.,True,True,keyword,1,0,0,,0,0,0
UgwogAQDubg1e2eIOKB4AaABAg,21 Studios,"That car accident annecdote hit too close, I got tboned through a stop sign by 2 20 something females, i mean absolutely blasted me, every airbag in the van deployed my dog in the back seat did a full 360 and luckily was unhurt. Me and my brother were dazed and sore but alive as the car rolled back onto its wheels I get out and start screaming at these 2 women who mind you didnt get out and check on us at all. The 2 girls who almost killed me my brother and my dog and like clockwork 2 lanky ass dudes walk up outta nowhere and start getting on me for yelling at them. Then the cops show up and berate me for screaming at her cause it was ""uncalled for"" and ""it was just an accident"" I never even got an apology and was constantly tried to be ushered away from the the wreck because i made the girls feel unsafe",False,True,keyword,0,0,0,"grievance evident however personal anecdote, not general grievance",0,0,0
Ugw18P49xXvwcxUdOg54AaABAg.AR-J8d3PxCZAR2Ij3Egf_K,Rational Male Clips,"mistermizzle420 Your idea is to feed people into the meat grinder. A roaring and growing economy where goods and services get constantly cheaper and more abundant is the point. The military is an afterthought. If your countries economic engine is outperforming potential rivals you can just outproduce rivals and drown them in destruction till they cease being A problem........ and you likely have A birthrate sufficient to throw your ""excess"" or ""Low Potential"" population at those rivals because you have A flourishing economy. 20+ years of failed interventionism and retarded foreign policy has apparently taught most of you nothing. Repeal the 19th, 16th, and likely 17th. That will solve the problem.",True,False,,1,1,0,Repend women's right to vote (16th Amendment) but no male grievance,0,0,0
UgwjHRYOSrJFz7Q7ce14AaABAg,Myron Gaines X,"*_If you want to destroy a nation, a people, a civilization give them alcohol_*",False,True,,0,0,0,,0,0,0
Ugz7hX2hggsW23PjyFJ4AaABAg,Myron Gaines X,These fake alphas are so cringe. They want you to be a slave and do nothing but work 24/7. Funny how no old person cares about money.,False,True,,0,0,0,,0,0,0
UgwnHykDpZJfkafJl8B4AaABAg.AV_6YE0egleAVbF8PEzxF8,Better Bachelor,@dbf1dwareyou didn't get a side piece. No one has a right to make you celibate. It is abandonment and grounds for divorce,True,True,keyword,0,0,0,,0,0,0
UgwcRqsR_xX45JWB5LJ4AaABAg,Rollo Tomassi,"I do totally agree with his this point men are not supposed to become better to provide to women, one who teaches that is teaching you how to become a sinp. Men are not obliged to women. Men are supposed to live for themselves and provide only if they want to provide, not because someone infused that bs in their mind, teaching under the name of obligation.",False,True,keyword,1,1,0,,0,0,0
UgzxxukkT1AZceEEZeN4AaABAg.ASxBlNnPGYuASyBKdwr37m,Rollo Tomassi,"​@JustGabe No actually they are inextricably linked because both are created by the fact that females have totally lied about history through their own movement, driven by mainstream media and even helped by white men of the ""evil"" patriarchy. Disgusting",True,True,keyword,1,0,1,,1,0,0
UgwLX0L_y5MEAdtTsQN4AaABAg,Better Bachelor,"I gave up on dating apps, besides why would they want you to meet anyone? You wouldn't need them then. I got tired of false hope from that failed system.",False,True,keyword,0,0,0,"""Why would you need them then"". I.e. there is an agent interested in keeping people single",0,0,0
UgxqbNbvyLgH8aaXCzd4AaABAg,Myron Gaines X,im selfish with money and i prefer to stay single,True,False,,0,0,0,,0,0,0
UgwKC_vhagKLkg8-M-R4AaABAg.9WVY85xPQue9WXwGRel9he,21 Studios,"@kta9255 You said were born to love. Then you ask why work to better yourself? The answer to that is simple, love. The concept of self love is diluted with selfishness. Self love is having the discipline to eat the right ways, and turn down foods that aren't good for you because our bodies are temples. Self love, instills boundaries on activities you will or will not participate in because actions and inaction defines us. Self love says ""I want to become an electrician"" and I make sure everything I do ensures I will complete this goal. Everything I am describing takes work, discipline and healthy boundaries. A woman's lack of affection is not stopping men from following through on the promises we've made to ourselves. It's a choice either a man can choose to chase quality of life or say the hurdle in front of him is too big, sit there and give up. If I stay single for the rest of my life, I will have bought a home filled it with books, and inspiring art. My home will be a place where I can truly rest. I will travel the world and have coffee with people in different countries. I will never stop learning, my ability to do so is not dependent upon women's responses to me. Why focus on what I cannot control? No thanks, I'll put my mind to what I can control that's my pursuit of quality of life. Our validation as men comes with what we can create with our lives. Then you are forced to focus on what makes you great. It's not easy, hell no. Imagine that, a man that's focused on what makes him great every day, then you will realized how silly this next sentence sounds. Don't give up your peace of mind because some girl with Cheeto dust in her bra shot you down.",True,False,,0,0,0,,1,1,0
Ugzm_7A1yK1O2qAH-S54AaABAg.AXHPHRCvfHIAXLRaGDxnZD,Entrepreneurs in Cars,Like the saying goes You dont truly know someone until you divorce them.,True,True,keyword,0,0,0,,0,0,0
Ugxl1aINJeki7aJ_Az94AaABAg,Entrepreneurs in Cars,"I work with retirement accounts everyday. I deal with men starting the divorce process or women wanting to find out if he is hiding his retirement assets. You don't lose half guys. You lose probably 60-70% of your money with moving costs, lawyer fees, child support etc. Also the time you lose is immense. The emotional, mental and physical damage is massive. And don't forget, 50% is the divorce rate, but how many men are miserable in those marriages not divorced? Stay single. Have kids but never get married and make sure you move out before you become domestic partners. Know your local laws.",True,False,,1,1,0,"stay single, never marry",1,1,0
UgxotqTQtBnZvDmAwIB4AaABAg.APCgcPR0TZPAPENmJogPRe,Rollo Tomassi,"@RolloTomassi Ah yes, the olive jar because that totally changes the tragedy 😂🤣",True,False,random,0,0,0,,0,0,0
UgyWtSCcl--zjiPiUEh4AaABAg.9sZ3kVdArGU9tE9ymezJFV,21 Studios,"So a mom posting a picture of her husband, kid, and herself is using it as seeking validation from other men? If you really think this way man, than your super paranoid and insecure with your view point on women. That there all woke and slutty. Your statement is a joke dude. When are people gonna learn not all men or all women are immoral.",True,True,keyword,0,0,0,,0,0,0
Ugzpc8NABnaPdHQf8kF4AaABAg,Entrepreneurs in Cars,Thanks a ton Rich....the more times I listen to your advice the more I come to realize your brilliance on this valuable subject so vital to men. Salute!!!!,False,True,keyword,0,0,0,,0,0,0
Ugw-GnwHt1rWo41rP4N4AaABAg,Rollo Tomassi,"CBS starts with ""teaching men to cry"" while its govt destroys their purchasing power from before first job. I can't think of a better solution. Bravo",False,True,keyword,1,0,1,,0,0,0
Ugx_wyS_PsVvOJAsskN4AaABAg.AXCGQvdP1DGAY38L-tJg_q,Entrepreneurs in Cars,"I doubt the video was referring to age 34, though, more like >45.",True,False,random,0,0,0,,0,0,0
UgwpqWn5_LIZQR1jcdJ4AaABAg,Rollo Tomassi,"Piece of advice: if someone claims to be in the Manosphere and wants to sell you something, stop watching and call them out as grifters!",False,False,random,0,0,0,,0,0,0
Ugxyh8toNBoi2Iof3F14AaABAg.AYTFriB7ydDAYTFvFBD387,Myron Gaines X,We HAVE TO SE THIS,True,False,,0,0,0,,0,0,0
UgxHuqM4dwUw8MlfETx4AaABAg.AVZcGGj6Ye4AV_Kk9FhSvk,Better Bachelor,"@tadghostal8769LOL, Gen Xers have not made things worse, there arent enough of them for starters.",True,False,random,0,0,0,,0,0,0
UgxCtE5tE3i-xuD1unh4AaABAg,21 Studios,"So true. It's in the child's best interest. In my own case, the children refused to bulge, and they were forced to reverse their dodgy order. One more thing... Never move out of FMH. It gives them a nightmare. Fight staying in your home and doing your best for the kids. Once you move out, it makes it easy for them to cancel you and award full custody.",False,True,keyword,1,1,0,Never move out of family marital home,0,0,0
UgwxrG4p_S8HJXn_OtB4AaABAg,Better Bachelor,"The media is deliberately ignoring the message in the red pill. No worries. You can ignore reality, but you can't ignore the consequences of ignoring reality. They'll see.",True,True,,0,0,1,,0,0,1
Ugx6lYWJITzSiF9dDDp4AaABAg.AUqf5QoDM3sAUrkUEGqUiw,Better Bachelor,"People in general in the west are feminized, so it only follows that our institutions will be feminized.",True,False,random,0,0,0,,0,0,0
Ugy3RzoRj-gvT4mO9Kp4AaABAg,21 Studios,I feel sorry for those who pay money to listen to a unconstructive thinker,False,False,random,0,0,0,,0,0,0
Ugy84kfsVVtX9i09H7d4AaABAg,21 Studios,"The issue of single man incomes is that prior to 1940's the taxable income was significantly less. From around the end of 1890ish we've added income tax, consumption tax, stamp duties, import duties, corporate tax, retirement funds (a form of tax because x, y, z won't have retirement) etc. A man earning $100 in 1900 took home around $100 after taxes. A man earning $100 today takes home about $30 after taxes. For example, in Australia we have 10% GST, median income tax is about 32%, retirement 10.5%, stamp duty 3-4%, import tax (it's like 10-20%), corporate tax (30%). Income and retirement reduce an individuals income so $100 becomes $57.5 after tax. Consumption taxes increase the cost of an item. So something that costs $10 becomes $10 * 10% * 30% etc. Just from corporate and GST you have $10 becoming $14.30. This all assumes no improvements/innovations but you get the point. That means in 1900 if after tax income was $100 and taxes didn't exist, you could buy 10 items worth $10. Today, you can only buy 4 items. If quality of life has improved, it's because of innovation. By adding women to the workforce, they decreased the cost of items (i.e. more goods produced) however this allowed the government to collect more taxes. When the additional taxes weren't enough, they increased the taxes. I'm probably wrong on the math but the point is still the same. The enemy to single male income families is governments and ever increasing taxes, not women in the workforce. However, the opportunity for infidelity is strongly tied to women in the workforce so that's something to consider.",False,True,keyword,1,0,0,,0,0,0
UgwS-AYI05wnOnTIFot4AaABAg,Entrepreneurs in Cars,Going thru the process right now. So much to say. 26 years of marriage gone. Never getting LEGALLY married again!,False,True,keyword,1,0,0,,0,0,0
Ugzag36Gd4NB-Itwawx4AaABAg,Rollo Tomassi,People are angry online about all kinds of things. From red pill stuff to politics. They want to say what they really feel and would like to say to people they know in real life. So they argue with strangers online behind a computer screen without having to deal with any repercussions they'd have in the real world of saying these things to someone's face.,False,True,keyword,0,0,0,,0,0,0
UgxQuCTM3KgL2VSYBvZ4AaABAg.AWHNLujwO8GAWHPY2kYGS-,Better Bachelor,"It is harder for the Boomers who grew up in a high trust society. Hopefully before they go, they learn to abhor what they have done to 'murica and the rest of the west.",True,False,random,0,0,0,,0,0,0
Ugwco2cxsx_YgT3nHDp4AaABAg,21 Studios,"My female boss thinks she can put hands on me but if she was a man she’d be in a lawsuit. I’m a woman too, why do women think they have the right to touch women at work? They don’t. Stop it.",False,True,keyword,1,0,0,,0,0,0
UgxKwbcJaa-O5yQcBF94AaABAg.AVZOowM6wgcAVZra1RigPm,Better Bachelor,@CR67 In the 1970s it was reported that 90% of those in media were mouthpieces for the CIA.,True,True,keyword,0,0,1,,0,0,0
UgzC0zdmi7mh-ga9Het4AaABAg.AYQ059AYwKCAYQgtTaRE44,Entrepreneurs in Cars,"That can work if you're not married. If you're married and transfer assets into a trust, and a divorce is initiated within 12 months, the courts can rule that the transfer considered a conveyance of assets in fraud of potential predators if the spouse didn't sign on to the conveyance. Those funds can be considered part of the marital estate within the context of division of assets. For example if my wife (a doctor) conveyed funds to her family's LLC, the assets still legally stay hers and part of the marital estate. It would simply have changed forms. If she has a substantial 401k or IRA account, the funds in that would offset her transfer to the LLC. Family law is complicated, and it's far too late for a prenuptial because we've been married 42+ years. It just makes sense for us to keep on going, till death do us part. He perspective may differ.",True,True,keyword,0,0,0,,0,0,0
UgwzDpjD4ya9UNiNUtR4AaABAg,Better Bachelor,Dating apps do more harm for men than nothing and living in solitude.,False,True,keyword,1,0,0,,0,0,0
UgzLIBPnL-bIAK_x5s14AaABAg.AX5HgJJkEMIAX5LzOGjRVF,Better Bachelor,Please stop making us hire women. They are destroying everything.,True,True,keyword,1,1,0,,0,0,0
Ugw-5AqVaDwuqQaqrT94AaABAg,Rollo Tomassi,It is funny at 1:10 I got a facebook notification. Very long story short. The girl I disqualify as my side girl 5 years ago. That girl just got into a serious relationship with a Facebook friend. I known him for 4 years. Cool guy he deserves better,False,False,random,0,0,0,,0,0,0
Ugx3diD8Qjv2L6NScT54AaABAg.AZ5u5JC7CkSAZHhaaIxZ4X,Myron Gaines X,Ye we all know Wm are the most privileged group in history and every double standards benefits them while they whine about imaginary oprression 😂🤦🏽,True,False,,1,0,0,,1,0,0
Ugwg99XK-Plh_nlbVR14AaABAg,Rollo Tomassi,"I don't think Rollo is correct. Looks are EVERYTHING. If you have looks, you just need basic, baseline factors after that. Just basic social skills, basic clothing, basic income, etc. So yes, looks are everything. If you don't have looks, you need to maximize every other factor to the extreme and still fail with women.",False,True,keyword,1,0,0,,0,0,0
UgxeateqpVP4ILvmn_B4AaABAg,Rollo Tomassi,"Ironic that Mr. Tomassi is calling skilled men ""deltas"" which is actually an insult in your face, but let's just blame all women so this grifter can take more money from these same skilled men's pockets.",False,True,keyword,0,0,0,grievance towards tomassi apparently,0,0,0
UgyP9LCbWx22EqvNjp14AaABAg.9dx3oWIaphH9eGTFGlkTqq,21 Studios,And just because shes not pretty in the face doesnt mean she has a goid heart..this mantra that attractive women are less nice or loving than unattractive women is ridiculous and stems from jealousy from least attractive women and men who have no chance. Theres plenty unattractive women that are worse than beauty due to insecurity etc but beauty gets a huge backlash as if its good to be ugly most ugly or overweight women are miserable,True,False,,0,0,0,,0,0,0
UgzCW80L2bvFMdNpOp54AaABAg,Rich Cooper Clips,Never marry someone else's wife or mother.,True,False,,0,0,0,,0,0,0
Ugye4MRsSQ93hZc1Bzt4AaABAg.AJBaUC6pkA-AJBz-8GKu7s,Entrepreneurs in Cars,"They shouldn't be. It's the men's job, God's natural order. It might suck, but we all have our hard things. We have to wait patiently to be asked out & face rejection if we are seldom or never pursued . You have to face rejection in pursuit of a woman.",True,False,,0,0,0,,0,0,0
UgwhZdQv3lS0foXnsI14AaABAg,21 Studios,Many women have no soul....everything is about money and men giving them a free ride through life.,False,True,keyword,1,0,0,Women have no soul and get a free ride (via men),0,0,0
Ugzf2wu3_ousBxR_6t14AaABAg,Rollo Tomassi,I wonder if any women on this planet would die for their husbands.. any at all. I know I've never dated anyone who would.,False,True,keyword,1,0,0,women wont die for their husbands,0,0,0
UgyJARp_jxbV1spkwf94AaABAg.AQ7We2NQLxXAQ8S8h8Dc7c,Better Bachelor,Yup. We must be gay or something. It's the only possible explanation for why we aren't completely obsessed with these modern wymenz,True,False,,0,0,0,,0,0,0
Ugy9nGhevFyrf7Gure94AaABAg.9kxOTXWconS9kxRWTjOeYZ,21 Studios,I don’t think fathers should let their daughters compete with those skimpy outfits,True,False,random,0,0,0,,0,0,0
UgwbD0WrY6MbawF3LZh4AaABAg,Entrepreneurs in Cars,"Fav manipulation tactic from women, ""You're not being supportive."" Translation, you're not giving in to me. They always want validation that you want what they want, even if you don't.",False,True,keyword,1,0,0,,0,0,0
Ugzf9nRcpOsE4gMsuwh4AaABAg,21 Studios,Whoa! I almost didn’t click on this. Interesting take and I can so see it.,False,False,random,0,0,0,,0,0,0
UgzQYnUELkVvTSWDAKd4AaABAg.9mK_uCe9Rdh9mgqSTK6iDZ,21 Studios,Right these guys are cringey asf.. how you gon gatekeep when they’re speaking the same message that we support? Real strange🤨,True,False,random,0,0,0,,0,0,0
UgyvlKdHG1DKKmhzw3d4AaABAg,Better Bachelor,I never bought into that conservative woman bullshit. Every single one that I know is just as hardcore of a feminist as a lefty woman.,False,True,keyword,0,0,0,,0,0,0
Ugz4Oz3ZDQ0DioBS30F4AaABAg,Entrepreneurs in Cars,It’s not just her that would leave but everybody around your life will slowly fade away as well.,False,False,random,0,0,0,,0,0,0
Ugw0h34eTNKttDyFrNp4AaABAg,Rollo Tomassi,"She used to have a private audience of carnivores that she did indeed have behind a pay wall. Maybe use the internet archives to find it. What was she doing charging ppl $500 membership fee to learn how to just eat meat? Tate mightof put her onto that instead of just putting her on film behind his paywall. The Lion diet website looked a lot like Tate’s old site design around this time. I have watched her for 7 years due to being a carnivore. She has a completely different reputation over there in the meat only diet community. I remember when she launched her website charging $500 memberships. The carnivore community may not brush their teeth but they all bristled in unison bc it’s stupid simple to be a carnivore. Over there, she’s a hero just like JP bc they tell the truth about the diet, at least. Way before they were who they are, they were carnivores thru mikhaila. Carnivores blew her up from the start. That’s her army of human shields. It’s a very blue pill community even tho it’s a red pill diet against the grain of what’s normal.",False,True,,0,0,0,,0,0,0
UgxGUl9xSfE1cWF05IF4AaABAg.AWAReGpneLtAWB8cVl9Hkz,Better Bachelor,@jelle6325Sargon does not want women to just be whatever they want to be. He is an OG anti-feminist. He got internet famous battling Anita Sarkeesian over women being whores. However he misunderstands that the game has changed in the dating world. He thinks that women will just fall into traditionalism if men just vote harder or something.,True,True,keyword,1,0,0,,0,0,0
UgzdBow4plWXL-AqpI94AaABAg.AVvOTLbfFL9AVw2BKO3XGv,Better Bachelor,"Bruh, at this point. They never realized that Men are also miserable at the workplace.. then they wonder why they're miserable when they trynna replace men like No shit!",True,True,keyword,1,0,0,,0,0,0
UgyHj1bOXKB-_BP4yD54AaABAg,21 Studios,"You are right about genetics. Alot of NBA and NFL moms have just that in mind, when getting pregnant in marriage or as single mothers.",False,True,keyword,0,0,0,,0,0,0
Ugy6LfYHO-70LL2uRJN4AaABAg.AWawrDlo445AWkeAVFixL4,Rich Cooper Clips,"@jdnrotterdam2150 You have the wrong idea about Canada. It is expensive as all hell. People act happy but are miserable. It is a corrupt and tyrannical country and is basically a police state, a type of dictatorship. Canada hides how evil it is, growing up being raped and tortured by the police. Police surveillance, gangstalking and trauma-based mind control everywhere. Canada is INSANE.",False,True,,0,0,1,,0,0,0
Ugx5WX8begnHMK81UCF4AaABAg,21 Studios,"a female friend of mine got duped by these losers on the internet that only ever talk about women ""hitting the wall"". Naturally she got married to the first guy that showed interest. She was 24. Now she is stuck with an aggressive, underemployed husband who beats her when he likes it, has potentially made her a housemaid, and had an affair too... so ladies, since I have sisters too and I can understand: please do not run to the first man who proposes to you. Ask the men in your family to vet them properly. Then, put faith in God. Because none of these nobodies in the comments harassing you with the ""wall"" will come to your aid.",True,False,,0,0,0,,0,0,0
UgzSVMKhKWGMgpAjBQx4AaABAg,21 Studios,Modern women need all the help they can get. I’ll sponsor a few as a way to give back the community. 🤷🏻‍♂️,False,True,keyword,0,0,0,,0,0,0
UgyyAEx2uYYwI9AAWbt4AaABAg.AVZPmEWhfoNAVZl6mR_8ic,Better Bachelor,"Avi Yemeni did this nearly ten years ago when being interviewed by that Aussie comedic hack who sold his soul to the devil, Jim Jeffries.",True,False,random,0,0,0,,0,0,0
Ugw3YJPBunlToVsoZXZ4AaABAg.AVz2ZQ3_GOtAW0HoCyBSmE,Better Bachelor,Ectopic pregnancies are fine But if used as birth control it should warrant prison time,True,False,random,0,0,0,,0,0,0
UgxxSK3Ch19Fv14GpWV4AaABAg,Better Bachelor,"I'm glad they are arresting people for this stuff. That concept that you cannot yell 'FIRE!' in a crowded theater - Yeah; We need to expand that law to include calls to violence and get people that participate in that (on either side) to get a trip to jail. Even if they don't stay locked up, just the experience of being arrested for a day or two will give them something to think about with whether or not they actually want to follow through with their plans. I don't think we should be locking people away indefinitely, except under specific cases where it was clear that they were GOING to do it - I just look at it as deterrent, because Kirk's killer may have reconsidered if he got to take a trip in the back of the squad car a few days before the incident.",True,False,,0,0,0,,0,0,0
UgwBIacMXhImZUJ37X14AaABAg,Rollo Tomassi,This comment section is full of men going through mid life crisis. Jeez,False,True,keyword,0,0,0,,0,0,0
UgxBmH17u0dDzs4E8oF4AaABAg,Rollo Tomassi,"vulnerability is for those who cannot hurt, those who fear being hurt. But one question.. what about the men who are afraid of hurting others? what about the sickening bad conscience of these men who are strong or wish to become strong enough to protect and not only destroy, but create? for these men, is their warrior spirit and strive not enough tears to promise the future? yes! I love you men who are warriors in spirit or in intellect, for your embarrassment of crying and tearing up, society does not understand that your flow is deeper than the many ebbs, as Nietzsche would note. yes, vulnerability is for the weak who wish to remain weak, but what about those who wish to become stronger, freer, or more gentle with their understanding due to intellect to make everything clearer, or of the artist men whon wish to make life more beautiful? to you men, vulnerability is disgusting for a good reason. Even with your fellow brothers and mentors, you still blush at crying, but other warriors in heart and mind understand, because the overflow is strong. let my tears promise the future, and only that. I do not seek to stop being afraid of getting hurt, no! we free spirits seek to no longer only be capable of hurting, but to do so we must hurt, we will be seen as evil in our modern time, once innocent, then our conscience telling us that we are monsters.. fine! let us become monsters, experiment with careful speed and power, so that we may find each other, and share our solitude not by crying, but by sharing our joy and freedom from any resistance that truth gives to us, that we must overcome. Truth is not only something to endure, but to overcome! I saw here more empirically and with less prose; let us share more joy and solitude than misery with each other, share experimental findings more, and make good art based on our research for the more intellectual, for the less intellectual, let your honesty be an experiment, to yourselves and others, let it help you find something genuine, not be genuine, but something genuine-a perfect answer that has no words to your life. One other question on my mind: Are men's tears something completely different from a woman's tears? not emotion, but the physiological impulse of crying? Are men's hearts ever truly seen? it is almost like a ruse for women to see physiologically, even the most kind woman will think, "" Where is the heart I wanted? I wanted Spider-Man's heart, but I now see Peter Parker's heart. Men cry because there is no one to protect them, of despair, that no understanding is reached, and women may cry because what they protected has vanished or has been taken away. This is what comes to a woman's mind, not that they are disgusted by a man's tears, but that the heart they wanted is all of a sudden gone and not in sight. Men who are more refined in love mastered the ability to show them Spider-Man in a light more beautiful and gallant, so that the woman forgets completely her despair. Tears are matters of the heart; all insight and understanding are the summed up lamentations, laughs, and esteemings of the past, (tears of joy, sadness, and of seeing beauty many times) are summed up into an understanding, but where does understanding and insight come from? yes my friends, errors and regrets, which are tears of the past. even in science this occurs, my friends, but no artistic expression is given to these errors and insights until after. so my really artistic and scientific question sums up to this: IF tears are the outcome of not understanding- of distress, that what we sought for is gone, of despair; then why do we think letting men cry is good? to never let them find answers and understanding.. is this disgusting pity not a way to chain men into something comfortable? Is our pity and desire to make men vulnerable, not the desire to give comfort to men? if so, why not provide endless hedonism and food for all men in distress? why not take it up a notch? because?... yes, all men would end up disgusted at themselves, and come to hate vulnerability, or the religion of comfort.",False,True,keyword,1,0,0,,0,0,0
Ugze2kpQYzct8EP8PeF4AaABAg,Rollo Tomassi,"RP is not designed so that you hate women. Personally I've experienced rp rage, but had nothing to do with my attitude towards women. It actually gave me better perspective on personal flaws I needed to work on.",False,True,keyword,0,0,0,,0,0,0
Ugw5ujSdsunngWeF5hp4AaABAg,21 Studios,"Some mothers are the most dangerous/detrimental people in their sons’ lives. I have firsthand experience with this. They are caught between a rock and a hard place. These guys know very well that their mothers are horrible, disrespectful people, yet, they defend these women to the grave. You dare not try to say anything that sounds disrespectful or uncool about her. These men just need to stay the heck away from relationships. Honestly. They should just shack up with their queens and call it a day. Seriously.",False,True,keyword,1,1,0,,0,0,0
UgxxuvYJk_Gnpn8H65l4AaABAg,21 Studios,"Lol At 25 , I don’t get on any social media, because I’m tired of seeing women for sale😂",False,True,keyword,0,0,0,,0,0,0
UgwnIhOp3drE8d-q7mZ4AaABAg,Rollo Tomassi,"Snr man From Ghana I just found out your content and as you've always heard countless times from men before me, thank you. Your stuff has given me the awareness, I'm currently on religion book, down with the other 3 books. Thank you alot",False,True,keyword,0,0,0,,0,0,0
UgypOIS-voAQsr0-9lJ4AaABAg.AVj1ME3nQ4QAVjUOmHiIW2,Better Bachelor,feminism is female nature. to separate the two is cognitive dissonance.,True,True,keyword,0,0,0,,0,0,0
UgwNpsRgJV0Zvzv_Zd14AaABAg,Rollo Tomassi,Yeah it's heavy enough to always be %100 accountable for every little mistake I make. Gets ridiculous when I'm also relentlessly attacked for every mistake she makes cuz she'll never apologize.,False,True,keyword,1,0,0,,0,0,0
UgzVvmaB5Pyb4gOZ8vd4AaABAg,21 Studios,I never understood way some men set down tell know,False,True,keyword,0,0,0,unclear comment,0,0,0
UgxIFrdiKfVMzpW4ERF4AaABAg.AVxgxu2rL-EAVy0DT-1tFj,Better Bachelor,I knew this guy who was a pool attendant who wasn’t particularly good looking but women were always all over him. Married women including newlyweds it didn’t matter. Anyone who gets married without a prenup is a fool.,True,True,keyword,0,0,0,,0,0,0
UgzrWBQQ4_waq0B4Nl14AaABAg.9ldCrufGMjv9leoWhvxLvW,21 Studios,It is simply the truth and the truth hurts but turning a blind eye to it doesn’t change the fact that women are drawn to appearance.,True,True,keyword,0,0,0,woman only drawn. To appearane?,0,0,0
UgxunDNFUEwLx4KnqXZ4AaABAg,Entrepreneurs in Cars,"Guys who dont know anything about Cluster B personality disorders, which feed directly in the Dark Tetrad Personality Types (Narcissism, Machiavellianism, Psychopathy, Sadism). Narcissistic Personality Disorders, Borderline Personality Disorder, Histrionic Personality Disorder.. Our society is rampant with it. Attention seeking, Ngithlife engagements, substance use, promiscuity, exploitations, false allegations, emotional instability, relationship instability, are all markers of the above.",False,False,random,1,0,0,,1,1,0
Ugxo2nZLbsc7ROEWfXN4AaABAg,Rollo Tomassi,"4:51:39 It is advisable not to get married at all and secondarily advisable to not involve the state in such process; however, if one were to involve the state as a result of the pressure from a traditional, cultural and religious (somehow, someway people associate state involvement with religion) setting, he (yes he) should still get a prenup, as it provides a buffer. A man is to have leverage in a relationship with a woman; he may be ultimately forfeiting that leverage by entering a marriage, but the prenup serves as a *semblance* of leverage. Imagine the nonsense that women will do in a marriage when given the impression that their husband cannot leave her. People love to romanticize love, which is amoral, and the solidarity of a marriage, but they fail to realize the harm that any member of any agreement will surely incur when the burden of performance of the other partner is not reinforced - especially when the victimized member is the person whom is ironically held to a standard. The fact that there *is* a prenup will convey to the woman that the man is willing to leave her in the event of an irreconcilable conflict; if the man is valuable, then she will likely heed his instructions in such an arrangement, as women are hypergamous.",True,False,,1,1,0,men need to get prenup as leverage against women,0,0,0
UgwWUB3gj40ipJtLrXZ4AaABAg.AT1B7Fsu6d_AT1mIhnvnR9,Rollo Tomassi,"The black pill is undefeated. Jeremy Meeks is proof. Game is not a factor. A short manlet acting like the Fonz from Happy Days is not going to magically make you get anywhere. 🤣Rollo makes assertions but shows no example. Looks first, money second status third. Game is just charisma which develop after you receive validation from looks. Go to the gym guys. You gain confidence after people tell you you're cool. You thinking your cool without social proof or validation from the peers around you won't work. That's called narcissism. It would be like if a child saw your painting and said you are awesome painter but you know you are bad. You don't care if a kid thinks your paintings are good. But you do care if people your own age or people who you respect says your paintings are good. You will gain confidence after people your own age say you are good at painting. You want validation from those who are on your level. If you sit there and repeat the phrase: ""I'm good at painting I'm good at painting"" and repeat it, doesn't make you good. That's what Rollo thinks game will do. Game is what you develop after people tell you that you look good, this then causes you to socialise more, then as you socialise more you gain charisma and then the results of getting women (the social proof to others) then boosts your confidence to develop game. Game developers AFTER you have the looks to socialise to gain the confidence to become cool. You don't just become cool by acting cool. A short ugly fat f*ck is not going to be seen as cool just because he has charisma. Comedians who don't go to the gym can do the charisma thing. What makes you cool is the looks which causes people to want to hang around you, and the validation from others that tell you that you look good. This validation (being told by society that you are good looking) makes you develop confidence and then you gain status the more people of high status want to hang with you because you are cool. What Rollo has done is put it back to front: ""learn game to become cool and then women will want to hang with you."" It's the other way around. Look good first, then you attract women, then as they want to F you, you then gain confidence which causes you to want to start socialising more often (to get more girls) which makes you cool (in the eyes of society and your peers who see how easy you can get the hot girls) since you practice more than an ugly guy who is rejected right from the start. 1. Looks opens the door. 2. Socialising gains the confidence (when you see results as a result of your looks) but requires you have the looks to get to this step. 3. the more women that you can get (the power of the attraction) becomes social proof which feeds into the confidence that causes you to socialise even more. 4. once you socialise often enough you are cool because you don't have to think about what to say. It all started with the looks FIRST. The game only develops AFTER you see the results working. But the results come because of looks. So looks first, then you gain confidence and status (as other cool people will invite you to parties) and then game which is what you develop once socialising becomes common for you as a result of people inviting you to parties. Rollo thinks you have to have game then you become cool. It's the opposite: look good, get social skills when invited to parties, game develops, and now (that you banged hot girls at the party) you gain the status. Looks is always a part of the game. Since an ugly guy that does exactly the same thing that you do (as a good looking guy who works out) will NOT get the same results. Got it? Black pillers figured this out ages ago. You can't have game without looks. It might have worked in the boomer generation but we didn't have global communication in those days. Women were limited by people who lived close by so they couldn't afford to be picky! So why does Rollo keep lying? Because he is selling you books. He wants to give hope to ugly guys who think they will get girls if they buy his books that teach them game. He is selling false hope. 🙄If he told ugly guys that ""you have no hope of getting hot girls. Stick to ugly girls only. Game won't do crap for someone of your low looks rating"" ...then he loses profits. 😉",True,True,keyword,0,0,0,,0,0,0
UgwHJrEZJsVXscukSD94AaABAg,21 Studios,I learned a lot Pat. Thank you for sharing your knowledge.,False,False,random,0,0,0,,0,0,0
UgxkKV6kG5PzXKt-fpV4AaABAg,Better Bachelor,"First there was the Tea App, now this. Women need to be stripped of any notions that they have the right to make false accusations. False accusations are NOT ""justice"", it's _Terrorism._",False,True,keyword,1,1,0,,0,0,0
UgywB_Be2tJq4j5X1E54AaABAg,Entrepreneurs in Cars,"Exactly cheating as a woman is way worse than as a man. But 99% of the public backlash is on him. Not to mention that if her husband wants to divorce her, he's gonna clean out his family wealth cos he's the successor of one of the richest families in Boston or sth. Women cheat freely nowadays cos there's absolutely no repercussions, unlike just one generation ago where they're shamed by society or even their own family for doing so. When you incentivise cheating for women guess what happens?",True,False,,1,0,0,,0,0,0
Ugxozjs-6scyHH67wTF4AaABAg.ASVaedJ2h0SASVcz8Dt8EK,Rollo Tomassi,"Listen again. He's explaining, among other things unequal exchange of values being simping. Also everybody fakes respect to get good treatment, example to their bosses. You don't think many wxmen do it with men to get provision, gifts, or nice experiences?",True,True,keyword,1,0,0,,0,0,0
UgwrYWKb0nvWWHBZDg54AaABAg,Rollo Tomassi,"TIMESTAMPS 0:20 Father's Day Opening 1:56 Reacts to High Effort Dad Video 7:09 If Jesus Returned Today 8:04 Dating Podcast Flirting Breakdown 9:23 Harmless Men vs Capable Men 10:10 Debate on Patriarchy 13:50 Female Incel Grocery Store Story 14:56 Third Date Password Discussion 16:16 The Gamma Male Example 16:55 Ranking Hobbies for Single Men 21:48 What Counts as a Real Hobby 27:02 Best Places to Meet Women 31:27 Burning Man Stories and How It Changed 34:19 Call In Show Announcement 36:31 Meeting Women Through Hobbies 37:24 Why Men Need Passions Beyond Dating 38:21 Effective Purpose and Religious Marriage Debate 41:03 Should You Convert for Better Marriage Odds 44:38 The Satan Church Marriage Thought Experiment 47:13 You Can't Negotiate Genuine Desire 48:20 Warhammer Gaming and Keeping Your Hobbies 53:00 Renaissance Fairs Shakespeare and Meeting Women 56:56 Never Give Up What You're Passionate About 59:50 The Nine Iron Rules of Tomassi 1:01:45 Why Men Lose Themselves in Relationships 1:03:01 Steve Stewart-Williams New Book Discussion 1:05:04 Mission Over Women And Male Purpose 1:05:51 Why Relationships Need Polarity Not Similarity 1:06:44 Stranger Things Dungeons And Dragons Discussion 1:10:21 Atomic Habits And Identity Building 1:12:01 Falling In Love With The Process 1:15:30 When Your Purpose Hurts Dating Success 1:17:22 Eddie Van Halen And Following Your Talent 1:19:08 Women As Dream Killers Discussion 1:20:13 Lessons From Rollo's Father 1:23:41 How Music Led To A Graphic Design Career 1:28:05 Stop Gaslighting Yourself 1:29:24 Follow Your Passions Or Regret It 1:31:11 Why Young Men Crave Structure 1:32:45 Patriarchy Is Dead Debate 1:34:05 Shame Tactics and Mental Conditioning 1:35:03 Purpose Identity and Falling In Love With The Process 1:36:03 Direct Game vs Indirect Game Explained 1:39:02 Mystery Method and The Origin of Direct Game 1:40:16 War Strategy Analogy for Dating 1:42:07 When Direct Game Actually Works 1:45:48 Social Circle Game Breakdown 1:48:11 Creating Events To Build Status And Meet Women 1:51:34 Father's Day Fatherhood And Raising Successful Children 1:57:37 Therapy Healing Culture And Male Self Improvement 1:59:50 How To Raise A Daughter In A Gynocentric Society 2:03:48 Dad Stories & Childhood Memories 2:05:05 HeroClix Tradition With His Daughter 2:06:57 Women's Hobbies & Dating Age Gap Discussion 2:07:39 Rollo's Art, Sketching & Creative Projects 2:09:41 Handling Family Complaints About Men 2:12:22 NoFap Discussion & Lifestyle Questions 2:13:16 Passive Dread & Talking To Women 2:14:32 Lessons For My Son & Not Looking Like You're Trying 2:16:45 Direct Game vs Indirect Game Debate 2:17:22 Speak Without Speaking & Natural Social Proof 2:23:24 Why Women Hate Try-Hards 2:25:42 Red Pill Critic Challenges The Panel 2:27:13 Hypergamy Explained & Defended 2:30:01 Marriage Rates, Dating Markets & High Value Men 2:32:23 Feminism, Masculinity & Richard Reeves Example 2:33:12 Hypergamy Misconceptions Explained 2:34:33 Can Women Always Trade Up 2:36:05 How Men's Value Changes Over Time 2:37:00 Aging Women and The Sexual Marketplace 2:38:03 Response To Anti Red Pill Critics (discussion of a social media critic and ChatGPT-generated rebuttal post) 2:40:03 Using AI To Debate Red Pill Ideas 2:41:14 30 Years Of Marriage And Red Pill Credibility 2:42:02 Andrew Tate And The Future Of The Manosphere 2:43:14 Handling Haters And Online Attacks 2:45:14 Modern Women And Sexual Commercialization 2:46:00 Cold Approach Questions And Las Vegas Dating Advice 2:48:24 Older Men At Raves And EDC Culture 2:49:42 Why Nobody Cares About Age Anymore 2:53:35 Fathers Work Harder Than They Get Credit For 2:57:39 Miguel's Father's Influence On His Life 2:59:19 Rollo's Childhood Surgery Story 3:03:04 The Only Time Rollo’s Father Ever Cried 3:03:26 Rollo's Father and Alzheimer's Story 3:04:14 Lessons Learned From His Skeptical Father 3:05:02 How My Dad Ended Up Marrying My Mom 3:06:03 Growing Up With Strict Discipline and Belt Whippings 3:06:33 High-Effort Dad vs Traditional Dad 3:07:33 Why Men Don't Need To Be Emotionally Available 3:08:49 Participation Trophies vs Old-School Fatherhood 3:09:43 Waking Up At 5AM To Work During Summer Break 3:12:24 Rollo's Real Upbringing and Family Background 3:15:06 Men Bond Through Projects Not Feelings 3:16:13 Why Frame Matters Beyond Dating 3:17:44 How Guns Helped Him Connect With His Father-In-Law 3:20:29 Passing Down Skills Through Male Mentorship 3:22:41 Superchat About Being Cheated On By A Wife 3:25:05 Upcoming Gary The Numbers Guy Debate 3:26:21 Numerology and Elite Power Discussion 3:28:03 Repealing The 19th Amendment Debate Topic 3:29:25 Reviewing The Debate Participants 3:30:23 Destiny Critic Admiral Gibbs Mentioned 3:31:55 Looking Up Pedro Avila And Other Guests 3:32:12 Introduction to TJR and Influencer Research 3:33:00 Searching for Austin Beck 3:34:07 Searching for Zachary Pawlikowski 3:35:37 Andrew Dunn Profile Review 3:36:48 Upcoming Call-In Show Announcement 3:37:52 Sean Kelly Digital Social Hour Preview 3:38:30 Repeal the 19th Amendment Discussion 3:39:35 Las Vegas Gold Party Announcement 3:43:00 Marriage with Monica Interview and Future Content 3:43:35 Father's Day Message for Men 3:44:59 End Credits and Outro",False,True,keyword,0,0,0,,0,0,0
UgwrCBucDmXeNSaBT594AaABAg.AUsUzNP_JYIAUsWMIDoINj,Better Bachelor,"Pretty sure the ""missing babies"" are from women aborting literally 1/3 of my generation.",True,True,keyword,1,0,0,,0,0,0
UgxIKMX3ois8rQeoX5J4AaABAg.ASmp9j3sLucASmvtdGocP9,Better Bachelor,"The ironic thing is feminists used that quote against men for years on end, they thought men were the privileged ones because they were too stupid to have any self awareness and realize that they were the ones being given preferential treatment their whole life while men for the most part had to slave away to hold up society. And now they get to see what happens when these men are done and walk away.",True,False,,1,1,0,They get to see what happens when men walk away - walking away as justified response,1,1,0
UgzETBs1vwjpFnaTTNx4AaABAg.AZKkqzz9WFdAZL6clql2Pz,Myron Gaines X,"Planned parenthood had some White papers discussing this back in the 60’s or so. They knew the water supply, birth control, feminism, etc, would lower the testosterone and alter the physiology for future generations",False,True,,0,0,1,,0,0,0
Ugxbqypy4p-cpKT_ful4AaABAg,Entrepreneurs in Cars,"I'm a woman, and I clicked on this video expecting to be angry. I'm leaving it actually thinking about a few things — so let me share a story that's relevant. My parents have been married for 41 years. My father is the kind of man Richie describes in that ""sweet spot"" chapter without even knowing it: he led, my mother respected him, they married young, and she came from a household where her own father was present and loved. They're not rich, they're not Instagram-perfect, but I've watched my dad kiss my mom on the forehead every single morning for as long as I can remember. Last year he was diagnosed with cancer. My mother slept in a hospital chair for 6 weeks. No judge ordered her to do that. No prenup required it. She did it because after 41 years she still chooses him. So when Andrew says women only show up to court for money, not for love — he's describing the women who were never really in love to begin with. Those marriages were already broken long before the paperwork. I won't pretend that isn't a huge percentage today. It is. But it's not ALL of us, and painting it that way tells young men that the kind of love my mother gives my father doesn't exist. It does. It's just rarer than it should be, and honestly, a lot of that is on both sides — women who married for security, and men who married for a maid with benefits. Neither of those is love. Where I actually agree with you: don't marry someone who's pressuring you into it. Don't marry to ""make her an honest woman."" Don't marry someone you wouldn't trust with your life savings, because legally that's what you're doing. A woman who truly loves you won't push you toward a contract — she'll just keep choosing you, paperwork or not. To the young men watching: please don't let bitterness become your whole personality. The cynical version of you will attract exactly the kind of woman you're being warned about. The grounded, self-respecting version of you will attract someone who could be your version of my mother. They both exist out there. You get to decide which one you become first.",False,True,keyword,0,0,0,,0,0,0
UgwR0D79BKRYqdp-i054AaABAg,Rollo Tomassi,We don’t have to imagine for long. It’s starting to crack…,False,False,random,0,0,0,,0,0,0
Ugzjd-aB0hCFobSif0d4AaABAg,Rollo Tomassi,"Con, Inc. is dominated by boomers. As a Gen X like Rollo, I suffered under boomer managers in my 20s. All this bullshit about hostile work environments, those Boomer men were abusive to younger men. The so-called ""patriarchy"" has not been good to younger men.",False,True,keyword,1,0,0,,0,0,0
Ugx0A82-VLGhxwSKE714AaABAg,Rollo Tomassi,"Dr. Rollo. I woke yesterday with neck itchiness, redness, pain and small white blisters. Age-related Shingles. Just as you described. Is there anything you don’t know hahahaha. Thank you.",False,True,keyword,0,0,0,,0,0,0
Ugw1QIUoesBmFRCleat4AaABAg,Rich Cooper Clips,Stay single gentlemen! The beast is hungry and thirsty! Wants your blood and soul 🤕,True,False,,1,1,0,,0,0,0
Ugww6wAzepqNcd2RL8x4AaABAg.AW6B9UDGO1VAW8IG5xgzLX,Better Bachelor,Every men on the right track lose there and so does society.,True,True,keyword,1,0,0,,0,0,0
Ugz6HiPEZv3dA3YKdQh4AaABAg.AY-Goabo1A4AY-XTX0JaUH,Entrepreneurs in Cars,"I'm sorry your'e going through that. The treatment you've be subject to is called the ""Silver bullet"" by many divorce attorneys. It's based on false accusations by the woman. You should sue her for the costs incurred by her false accusations.",True,True,keyword,1,1,0,,1,1,0
Ugx617PSVKcA19bcyEJ4AaABAg.AVsjpzj3Y5RAVtEh0RnELq,Better Bachelor,"They'll not see it coming when white men don't have laws holding them back, the repressed anger runs so deep.",True,True,keyword,1,1,0,,0,0,0
UgzQGkEYx-QqcBNMZdt4AaABAg,21 Studios,Divorce is a 88 billion dollar/yr industry. That doesn't include this messed up stuff. This is so F'd up. Men need to start standing up for each other over this BS.,True,False,,1,1,0,men need to stand up for each other as they are harmed by marriage / divorce,0,0,0
UgyHb9pRWAgced6g7fh4AaABAg.AQED38PbZcRAQJqpp-Mvkz,Rational Male Clips,​@_FightForYourFreedom_ only way youre allowed in hollywood,False,True,,0,0,0,,0,0,0
Ugx33uqzHqjNQxKVdR54AaABAg,Rollo Tomassi,"I barely watch your videos anymore, mainly saw them because I was curious about the man behind the rational male book , It was a good way to focus on my life goals clearly, more like a auto mechanics technicians’ manual. It’s a tool , we don’t even have to be friends or be proselytizing to anyone. What’s impressive is how much push back this little concept get, only blustering message all the more , like a black market for logical thinking.",True,False,,0,0,0,,0,0,0
UgyHdZRhMVPxE96gcgJ4AaABAg.AWTrZOVMvn0AWTv4I9xbDP,Better Bachelor,They enjoy the drama and the emotions that gossiping brings. It's a dopamine hit for them,True,False,random,0,0,0,,0,0,0
UgyhepnMD0s9aMBY86N4AaABAg.9wBfw0EQ9EV9wCq385qXEL,Rollo Tomassi,"@MA-ti2iidefinitely not. I Must remember that the red pill isn't a straight jacket. So long as one is aware, one can for example have all those traits and have them work in a relationship or work/social environments. If it works, why fix it? To assume that they are universal principles that will work for a majority of guys who have not yet ""become"" though is disingenuous. After all, I reckon most of the millennials my age didn't hear about the red pill until recently. Servitude, seeking to emulate Jesus? We've heard that over the course of a lifetime. And when it doesn't work we are still expected to follow? Ditch what doesn't work, adopt what does. This will change for each individual depending on what other assets/flaws they might already possess. I don't think the red pill has ever called for 100% adherence to it's principles. Only that you be aware and make the best decisions you can. Here's the TLDR. I believe Rollo has likened the red pill to the 48 laws of power in the past. They're not all meant to be applied. But even if not practiced someone else will. And God forbid, someone else seeks to exert that on you.",True,True,,1,1,0,,1,0,0
UgxLeuqhLZ0VkAG9ADd4AaABAg,Rich Cooper Clips,Social media brainwashed them and turned them into trash,False,True,,0,0,0,,0,0,0
UgwfiRlME4QKKap3wJN4AaABAg.AScSHeiw8rhASfJRui2BJc,Rollo Tomassi,@KROM93. You don't because it is a feminist social construction.,True,True,keyword,0,0,0,whats a feminist social construction?,0,0,0
Ugw97McmNOGZGIUEX3V4AaABAg,21 Studios,Yep. The court destroyed my family rather than help it. Please remind me why I'm supposed to respect the system?,False,True,keyword,0,0,0,general critique of court system destroying families,0,0,0
UgyZLiKiVOqo5lFSAJd4AaABAg,Rollo Tomassi,Todd Lee is great! Very much a “do more with less” philosophy,False,False,random,0,0,0,,0,0,0
UgxoORtqtax04AsXojV4AaABAg.9ntDx87Tfka9nv6zcmlNWA,21 Studios,Female here. I thought I was the only one who thought that. What's worse than a simp? A jealous simp.,True,True,keyword,0,0,0,,0,0,0
Ugy_yzq0KbgJ_CJy5fl4AaABAg,Rollo Tomassi,"Rollo, thank you for your insight. It is amazing how much knowledge you give on your channel and most importantly helps me see the world 🌎 through the red pill 💊 lens everyday.",True,False,,0,0,0,,0,0,0
UgzbvoJxg4CJC9cJ37t4AaABAg,21 Studios,Q&A timestamps: 44:00 - basic-bitch conservatives co-opting masculinity 46:02 - how to combat globalism 50:18 - Vox Day's social-sexual hierarchy instead of basic alpha-beta binary 52:10 - cultural variations of the tactical virtues 55:44 - existential vs ideological battles,False,True,keyword,0,0,0,,0,0,0
Ugzi7bh4fSgdIcTrCK54AaABAg.AVsd-j56GZHAVssmEQcVT5,Better Bachelor,Dont get married and then divorce grape cause you really going to hate your country.,True,True,keyword,1,1,0,,0,0,0
Ugw7xkBMPCRxmwvVYSB4AaABAg.9k_6tWpm4kK9mTElsy3Vfz,21 Studios,"That's amazing and insightful that you two were able to work for the good of your family---because clearly people stop thinking that they are a family and start listening to the greedy lawyers whispering in their ears. Then it becomes a war of what's spoken all throughout this posting. IMO, the problem isn't necessarily a mom vs dad issue, it's the system. Families need something other than this broke-ass INDUSTRY! Families need something which cares about all family members' emotional and mental wellbeing. It's a societal issue...a humanitarian issue...a generational issue.",True,True,keyword,0,0,0,,0,0,0
Ugzgr2vUYpWbx4VhACh4AaABAg,Better Bachelor,All by design but we don’t have to follow the plan. Be strong men,False,True,,1,1,1,,0,0,1
UgxljCqcSBSoOmbBi514AaABAg,Better Bachelor,"We're already in the middle of the road to nowhere, gents. Simply prepare for the future as best as possible.",False,False,random,0,0,0,,0,0,0
UgzgPAY6pjtFCkUYI7J4AaABAg,21 Studios,There will be many sacrifices in the days to come. Good men may need to lay down everything to accomplish only a fraction of their goals,False,True,keyword,0,0,0,not clear this ia male grievance so 000,0,0,0
UgyrZOTpXNHGtXBp-Zh4AaABAg.AXnmwL_t5liAXwaf9so5gU,Rollo Tomassi,100% Seen both but Nocturnal Animals IS probably the most red pill film ever watched.,True,True,keyword,0,0,0,,0,0,0
UgyHWjKMcFcCt9muR2t4AaABAg.9mZFTdvMSj69m_CDpfXfj7,21 Studios,"@Hasbara_Noticing_League Yes, don't forget that men keep the world running regardless of whether we have little creatures who feature 25% of our expressed DNA. Think of how much women changed since 1997. How on Earth could any man who married back then be prepared for that?",True,True,keyword,1,0,0,,0,0,0
UgztzvHoGcNFiwj_9B54AaABAg,Rollo Tomassi,"Genghis Khan knew how to threat women, and was a great leader and I will not pretend he wasn't. Glad I got a chuckle out of you btw. Good show!",False,True,keyword,0,0,0,,0,0,0
UgydAQsocLWFZVhkLqF4AaABAg,Better Bachelor,"They should put their training to ""work"". They destroyed them with lawfare. Whats left to lose? Be a hero again",False,True,keyword,1,1,0,"""them"" is men?",0,0,0
UgxOKA3skpIlmG6i-Al4AaABAg,Rollo Tomassi,"At least they considered you as part of the ""manosphere"" this time",False,False,random,0,0,0,,0,0,0
UgxuVQ0MOjgFihfaZrp4AaABAg,Rational Male Clips,I teach young men and boys to never get married and never have kids. We are winning.,True,False,,1,1,0,,1,0,0
UgzHIv6R272ezeqw5q54AaABAg.ADjEiehdX3nADjvlXIywxc,Rational Male Clips,I will always encourage a man to go his own way and I completely understand why mgtow exists,True,False,,1,1,0,"1b is certain, I think 1a is implicit here. Given MGTOW is male grieance ideology?",0,0,0
Ugy-tmOq6GimheODPyB4AaABAg.AR9l_fk6QS8ARChXHxFfwv,Rich Cooper Clips,You’re telling me the virgin birth was actually the God code in the matrix? Like Rogan said… what’s more virgin than a computer ? Besides the engineer.,False,True,,0,0,0,,0,0,1
UgzdStvwAjgRzSxKtwR4AaABAg,Entrepreneurs in Cars,"So happy to be learning about this now. I feel like I have enough time to help my boy craft his ideals about women, well in the lead up. And you’re dead right there sons and daughters have totally different conversations",False,True,keyword,0,0,0,,0,0,0
UgyGCtIqCNbGJtcPOxJ4AaABAg.ATq1AbSVASiATtMA2_TkCs,Rollo Tomassi,"'cos you're not voting for the individual man, you're voting for the stated policies of an entire party &/or voting against the other parties policies/agenda",True,True,keyword,0,0,0,,0,0,0
Ugzf89G4qNYYVYtvWZx4AaABAg.ADCK1dDqBNLADCXiVtwGi2,Rational Male Clips,"MEN have the right to vote, becouse we have to die for the country, women have the privilege to vote they dont pay for it.",True,False,,1,0,0,,0,0,0
UgzEI8zERyT5i4uOTSx4AaABAg.9l9Ezy5HFFp9lC1w3ZNEef,21 Studios,@celuiquipeut6527 Yes. God made the marriage arrangement the right way. But humans decided to go their own way and this is the results we got.,True,True,keyword,0,0,0,,0,0,0
UgwEyTQ13oWCn3QLck14AaABAg,Fresh and Fit,"Stop paying this guy to come on to your show…. He should be at an after school program somewhere, teaching kids how to not be like him!",True,False,,0,0,0,,0,0,0
UgxqQBOv20oDw8Ynx9l4AaABAg.AVCCsaRr9l7AVCOcRp8dIx,Better Bachelor,"Exactly. Roman women literally never gave up everything their own corrupt elites gave them despite it literally causing the destruction of their civilization. So either regular men take all the stuff back the elites gave our women, or we're cooked as a civilization. Personally, I think we're cooked, and all our great grandkids will be bowing to Mecca five times a day. And I'm will be preparing my kids for that eventuality. I'm thinking about either somehow getting them a Russia/Eastern European passport, preping a plan for them to flee into Central America and obscurity, or having them be Muslim publicly and hold my own personal philosophy privately. Probably will prep my kids for all three routes.",True,True,keyword,1,1,1,,0,0,0
UgzRYScPnvuweGfFqsB4AaABAg.9lv3rnJsG_U9lv43IlySQU,21 Studios,"In the Matrix trilogy, humans who take the red pill are literally still slaves to a system of control. If you take the blue pill, you are a slave. If you take the red pill... you are still a slave. Wake up sheep",True,True,keyword,0,0,0,,0,0,1
Ugwcp-lO5irCILFbycp4AaABAg.AYDSCw_vA0PAYDbOWsDOv7,Rational Male Clips,"The red pill is real. Comes from the Matrix, but it is still an apt description of mens' experience with society.",True,True,,1,0,0,,0,0,1
UgyCNfoBggSUVlR1EwV4AaABAg,Entrepreneurs in Cars,"None of us are picking single moms, but there are guys who have no other options, and the male drive for sex and love is strong.",False,True,keyword,0,0,0,,0,0,0
UgxrVStd4vavdwuUIPV4AaABAg,Entrepreneurs in Cars,"He just told you the absolute truth to half of all marriages that will end in divorce... Always protect yourself... You don't pay for car insurance because you are planning to crash your car, you pay for it in case someone else totals it... Get a prenuptial agreement at minimum. Preferably have the majority of any wealth in a trust also",False,True,keyword,1,1,0,,0,0,0
UgxWiQ0o3qK_ODzJNrV4AaABAg.AVa1XoPtitdAVb3TqeNLZR,Entrepreneurs in Cars,"AI Overview This famous quote is delivered by Arnold Schwarzenegger as Conan in the 1982 film Conan the Barbarian, answering the question ""What is best in life?"". It highlights a brutal, warrior-centric philosophy, often cited to represent ultimate victory and domination, and was famously inspired by a similar quote attributed to Genghis Khan.",True,False,random,0,0,0,,0,0,0
UgxqiTnbmY7688Z56rB4AaABAg,Rich Cooper Clips,The BIGGEST MISTAKE is using dating apps. HELLO PEOPLE. Apps want you to stay and use them as long as possible. THATS HOW THEY MAKE MIILIONS MORE THEN WHAT YOU PAID FOY THE SUBSCRIPTION. They are NOT designed to find you a GF/BF. If they did you would not be using them. DATING APPS ARE A SCAM,False,True,,0,0,1,,0,0,0
Ugy9Ry9JNs-oHnlc-Gt4AaABAg,Better Bachelor,"""X work is work."" - women ""You pay for X? You're a creep."" - Also women",False,True,keyword,0,0,0,,0,0,0
UgztltsrDEIuaYDW-7l4AaABAg,Myron Gaines X,I just hope he doesn't end up dead from NATURAL CAUSES! like every other person that has mentioned anything about the elites and government that has ended up dead!!,False,True,,0,0,1,,0,0,0
UgyF-1YJmQdrsvzySZx4AaABAg,Rollo Tomassi,"Question Rollo: Why is it that you will call out most of the big misrepresenters of the Red Pill space? But, you never call out the biggest misrepresenter of all, which is Myron Gains aka ‘Fit’ of ‘Fresh & Fit’. Your friend, Rian Stone isn’t afraid to call out Myron . But, for some weird reason, you are. Myron (Not Sneako), was the one who organized that “shit show” guys night out in Miami this past week in the first place. Why aren’t you calling him out on that. This makes the Red Pill look bad, Rollo. Sneako, The Tate Bros, Clavicular, Nick Fuentes, and Fresh & Fit should not be the face and voice of the Red Pill, yet they are. The space needs to be cleaned up.🧼 💊",False,True,keyword,0,0,0,,0,0,0
UgyQPOgEPexfeW2woCZ4AaABAg,21 Studios,Government promoting a political philosophy instead of the rights & freedoms of its citizens. -Matt’s dad,False,True,keyword,0,0,0,,0,0,0
UgyD36NgvMkrm_CVrht4AaABAg,Rational Male Clips,We need to respect muh Constitution and the rule of lol.,True,False,,0,0,0,,0,0,0
UgzZ4DMtaImDzUxbp8Z4AaABAg,21 Studios,These guys are flat out jealous of these women and although sad it's somewhat understandable. When people just repeat what you've been saying for years and are more listened to than you your blood boils. I genuinely believe all these people are in it for the money they don't actually care about their message being spread wide.,False,True,keyword,0,0,0,,0,0,0
Ugz2oziT5YnM5uj9CR14AaABAg.AXZGfukHgmbAXZmbzRvfVf,Entrepreneurs in Cars,If she used sex for leverage before marriage it will certainly escalate after marriage. Don’t risk your future and finances on someone like that.,True,True,keyword,0,0,0,,1,0,0
Ugw9ktKdLy34QG8KbDl4AaABAg,Rollo Tomassi,WHY do they insist on saying “woman” when they should be saying “women” ?? It’s really grating my mind .. I think its an example of the hive mind they share exacerbated by the digital programming? Is that it?..,False,True,keyword,0,0,0,,0,0,0
UgxAUfeJVIYVKg-LEZN4AaABAg,Entrepreneurs in Cars,"My experience is, it almost always doesn't matter how they became single and over 30 and in the dating marketplace...the fact that they are there is all you need to know. I would prefer divorced women over the ones who were never selected. But I also have a firm preference for women who didn't initiate their divorce. It is a personal boundary. Haven't found any yet!",False,True,keyword,0,0,0,,0,0,0
UgzMfBYn35cRysXgOwt4AaABAg,Rollo Tomassi,"Thank you, finally someone said it as is. All the other influencers label this and that as simping. Not gonna mention his channel this guy is saying that talking out loud in front of women about keeping physique is simping",False,True,keyword,0,0,0,,0,0,0
UgwV-s18azbuX-7OpP14AaABAg.AUtoVznvW4eAVKDY5Dm5ge,Rational Male Clips,"@Aguajero123 The fact that you automatically assumed I’m a female just because I condemn honour killing shows your ignorance and the weakness of your position itself. If you think that one has to be okay with honour killing in order to understand the concept of family and honour, then that says more about you and your culture than it does about me. Sorry dude but you scored in your own net. Calling me names is nothing but projection. It’s an effort to cover up for your ignorance and the lack of validity in your arguments. Like I said, the Dunning-Kruger effect is on full display.",False,True,,0,0,0,,0,0,1
UgxLyjDvo1xG0iq9qnR4AaABAg.AVicW_HAKNiAVisGEhAodh,Better Bachelor,Males know they can not wear rose colored glasses unless they have chosen to view reality through distorted lenses.,True,True,keyword,0,0,0,,0,0,0
Ugz02EOuOzsGAr2ZfLR4AaABAg,21 Studios,Well said brother!! Rollo and his sycophants are rejecting one doctrine only to be enslaved by another. Well done good Sir!!,False,False,random,0,0,0,,0,0,0
UgwNVSbnz_8x4kG9G7t4AaABAg,21 Studios,Still recovering from a divorce with 3 kids- this is beyond valuable,False,True,keyword,0,0,0,,0,0,0
UgwaED9H-rn4Z78Br_h4AaABAg,21 Studios,"1:36:03 always makes me tear up... Love you guys, much respect",False,False,random,0,0,0,,0,0,0
UgypTBwL33SPU1tJdzJ4AaABAg,Rollo Tomassi,"I look at therapists the way I do medical doctors/nurses - once you walk in that room, you are surrendering yourself at their mercy to do with you as they wish. For therapists, it’s psychologically analyzing, deconstructing then reconstructing you to fit a societal mold. For doctors/nurses, it’s to inject or prescribe something through biotechnology that renders you complacent at the biological level. Both of them are also just gonna destroy your wallet. There are better outlets to solve the male loneliness “epidemic” (seriously, these people make it sound like all men are sick) than therapy can. For me, it’s self-reflection every night before I go to sleep about everything that’s led me to this point AND what I’m going to do (tomorrow belongs to those who prepare for it today)… screenwriting (writing is arguably more therapeutic than therapy; it’s cathartic and adds clarity/perspective)… photography/videography (not just for fashion/music/filmmaking, but I also get to socialize).",False,True,keyword,1,0,0,,1,0,0
UgzhBS-J7f2B8l8y4hd4AaABAg,21 Studios,"wow first time I heard the mann act being spoken about in context with women being flown out, spoke on coach!",False,True,keyword,0,0,0,,0,0,0
UgwogljcqNxfafEd7R54AaABAg,Rollo Tomassi,"41:30 She thinks ALL men are being taught ""he is the prize""...80% of men are invisible to women, so there's no-way she's talking about ALL men. Her own experience is with the Top 20% or likely the Top 10% . So men if men are being ""taught"" they are the prize, it's by the behaviour of the women pursuing them.",False,True,keyword,1,0,0,,0,0,0
UgzOZch_jRgycQeO4BB4AaABAg.9kSYu5HrFTU9klArfSAWG_,21 Studios,I have a friend who's baby mamacunt wouldn't let him see his kid for over 10 years He attempted to get visitation rights was denied and he was able to sign over his parental rights. No more child support. Happened in Polk county Texas,True,True,keyword,1,0,0,,0,0,0
UgzGRgqvOGKAhGga0-V4AaABAg,Better Bachelor,He pressed charges against this chick that slapped him said he was suing 😂😂,False,False,random,0,0,0,,0,0,0
UgxyWu2AS8E62xuEC3x4AaABAg,Rollo Tomassi,I think marriage and relationships are Political in structure. Not about what we see in government (Left vs Right) but the general raw structure of male and female dynamics are always political in nature.,False,True,keyword,0,0,0,,0,0,0
UgxIFSRVMJ6vvghNyl14AaABAg.AVxhDg6VJWTAVxno0LbLCH,Better Bachelor,Liars and Hypocrites and Morons Always claim to be a victim of their own choices.,True,True,keyword,0,0,0,,0,0,0
UgyjFkwBZeO8GMoesBp4AaABAg,Rollo Tomassi,The chick toker that you showed at the beginning of the video was the first and hopefully the last time I have to see her. The perfect example of females who age out and wake up one day with chunks of the wall in their hair. Pure Ignorance.,True,False,,0,0,0,,0,0,0
UgxVQqnX2nVGLuHAAot4AaABAg,Rollo Tomassi,"why do i see? ""you try to buy me with money with your expensive jewellery , rings and you never truly cared"" after finding another man ""too bad i have found a real man now ,not someone like you (basically alpha) because you never really put effort for me i am leaving you ehhh *throws the ring at his face and leaves* "" why do i see this happening?",False,True,keyword,0,0,0,,0,0,0
UgywwErZK3Fgc0HrUN94AaABAg,Entrepreneurs in Cars,"You know it's bad when we have to get our women from our enemies, Russia and China.",False,True,keyword,1,1,0,Mobilised to getting women from enemy countries,0,0,0
UgxypSC9fhgus2eq64t4AaABAg,Entrepreneurs in Cars,"I’ve had too many women do a total 180 on me to ever marry one, if you want to leave, then leave, i wont have the government dictating the terms of the separation.",False,True,keyword,1,0,0,,0,0,0
UgxjpZDgoo6_3NRpOjp4AaABAg,Rollo Tomassi,"Catholic here. I walked away from the Novus Ordo rite because everything is effeminate. It's 'church in the round' where the Priest is just a guy overseeing all the women who approach the altar one after another to read the announcements, read the epistle, sing the songs, read the Gospel, deliver the sermon, distribute Communion. They'd replace him with a woman at a moment's notice if they were allowed. TLM/Tridentine rite Catholics are cut from different stuff, so I have to say it: ""Not All Catholics Are Like That"" (NACALT)",False,True,keyword,0,0,0,,0,0,0
UgzdNOzF7RpRdN1gm_94AaABAg.9liGUDmhA8d9ljEZ1EWiKV,21 Studios,"You do a great job bring in great ideas and speakers, as well as exposing frauds.",True,False,random,0,0,0,,0,0,0
Ugys0EaPu1kNTRNkwZx4AaABAg,Entrepreneurs in Cars,"“You are set in life, you should find a wife!” “No mommy, I am set in life because I don’t have one”. That’s today’s reality.",False,False,random,1,0,0,,0,0,0
UgziWh4Tdr_6iyctH5p4AaABAg,Rollo Tomassi,"If you can make it to a gym, great. If not, you can still level up on your own at home. Move heavy things, walk, jog, sprint, freeweights, etc.I am 55 and went from 260 down to 195. 32"" waist. Women and men treat you differently and when your confidence goes up because of the improvements and gains you've made, you notice women noticing you. For me, I see it a lot at work, of all places. You catch female coworkers glancing at you and eventually making small-talk. Many even get doors for me. It's almost uncanny how things change. Shooting your shot can be a little risky in the workplace, however. But it's all doable.",False,True,keyword,0,0,0,,0,0,0
UgyoXekpt6ytMOgaq5B4AaABAg,21 Studios,Seeing all the sh!t from her work really woke this woman up.,False,True,keyword,0,0,0,,0,0,0
UgzsdWkPngIUU4LdlKh4AaABAg.A7r2JpUY23HA7rAP1Fw5Hp,Rational Male Clips,@hunter-2698 you’ve got to me kidding right… beards today are just a fad the same way mustaches were in the 1970’s and weird goofy facial hair in the 2010’s don’t get hung up on the whole facial hair thing the highest earners in the western world are clean shaven it’s just a preference and usually the ones with beards use it to cover up multiple chins etc etc (this is coming from someone with a short beard),False,True,,0,0,0,,0,0,1
UgwHmye7xRcVlw3zHEF4AaABAg.AO6lAhaztvTAOBPvtTUH24,Rollo Tomassi,"It doesn't matter what percentage guy you are on dating apps or in real life, if you are in the western part of the world, every female in the west has the option to do what she did and lie that you did something to her. In the more serious parts of the world where people don't believe females so freely this can happen too, but the consequences for her if she gets caught will be more, unlike the ""trial"" she will go through in the usa.",True,True,keyword,1,0,0,,0,0,0
UgwSBJZpMc5cGJkDNeV4AaABAg.AWAGFCTZsVgAWAGf0ATZgh,Better Bachelor,You have to go through it to learn or witness the consequences of going through it to get it. I'm luckily one of those who witness and learned before I stepped on a landmine. Carl has done neither and well he gives boomer tier advice because he never went through it.,True,False,random,0,0,0,unclear what theyre talking about ,0,0,0
Ugy0i5n2DG68AjRHtiJ4AaABAg,21 Studios,"Jordan's Knowledge is really on point, but maybe his behavior isn't macho.",False,False,random,0,0,0,,0,0,0
UgyeEo11LUELgk6cbvN4AaABAg.9nrEhtgFxbsA4DgFWTltkJ,21 Studios,"@Mojojojo335 Good idea, but which one? And, make sure you stay in that other country and live there. If you're a US citizen and grant your wife citizenship, you're not immune to the US divorce insanity.",True,True,keyword,1,0,0,,0,0,0
UgzDaOcr8O3TYvbsq-Z4AaABAg,Better Bachelor,"""If you weren't a liberal when you were young, you didn't have a heart; if you're not a conservative by the time you grew up, you don't have a brain"" -- Winston Churchill. There's a saying that a conservative is just a liberal who got mugged.",False,True,keyword,0,0,0,,0,0,0
UgztGzeqAyEHvdlCc654AaABAg,Rollo Tomassi,They have to preserve the 'education' monopoly which was keeping men subjected to the feminist regime.,False,True,keyword,1,0,1,,1,0,0
UgwCN7g5jly3kLskfNx4AaABAg,Rollo Tomassi,This man honestly saved my life. Finding him changed how I look at life entirely. Broke me down and completely rebuilt myself because of his work. Can’t thank you enough Rollo.,False,False,random,0,0,0,,0,0,0
UgwYS8gQmcliluoGoVR4AaABAg,Better Bachelor,"AI is killing college degree jobs. Women will not work blue collar jobs. They truly ruined their own world, but women will take no accountability on anything.",False,True,keyword,0,0,0,too implicit so changed to 1a = 1,0,0,0
UgwuGJ2_6Mx26_rAtk54AaABAg.ASKAxBOavCbASPxiV9dWzr,Rational Male Clips,"Yes, but depopulation is one of the slowest threats.",False,True,,0,0,1,,0,0,0
UgxiGrWM8MTC3eflli14AaABAg,Better Bachelor,"The goal is to force collapse, then a huge war to make money off of. Just like ww1 and 2",False,True,keyword,0,0,1,borderline 2,0,0,0
UgwPgJy0RXiBZoAvDL14AaABAg.AULfF1bT51mAULgRJcI0Lr,Rollo Tomassi,"The gynocentrism is just too strong at this point. Men and women both have grievances with one another and you see the difference in how society responds to both sides. When women are openly resentful to men as a group because of self reported trauma, it is validated and we need to do everything we can to help them. When men are resentful of women because of traumatic experiences it is used as an excuse to mock them and dismiss all of their complaints which just makes them even more bitter and thus it just becomes a self reinforcing cycle that keeps men's problems from ever being taken seriously",True,True,keyword,1,0,0,,1,0,0
UgzPJ5gc6NA2yU9VNb94AaABAg,Rollo Tomassi,"Our enemy is demonic, able to outsmart the average guy with thousands of years experience. Speaking through the mouths of our women",False,True,keyword,1,0,0,,0,0,0
UgzHlEEzQwhdYxOlwyF4AaABAg.ASp3wH05OKhASp7-5HgT06,Better Bachelor,"bingo and we need to bring back shaming and blaming women for what they do....it's not misogynist if it's fair and true...it's called "" being treated as an adult""",True,False,,1,1,0,,0,0,0
UgwTMKxTXyE5vg55o6N4AaABAg,Rich Cooper Clips,"I avoid Toronto too now, it's dangerous, dirty, and nasty. I disagree with Rich, Toronto has always been a terrible place to date, attractiveness has been so sub par compared to Ottawa and Montreal especially. It's just bad now, the mass immigration has not helped (it's mostly men too). Many people I know want to leave the GTA, but we can't because of family, but by the time we NEED to leave Ontario, it will be too late. It's already getting too late, the Liberals want to tax anyone who wants to leave Canada.",True,False,,0,0,0,,0,0,0
Ugx3V_ahmlc7rGnA6kl4AaABAg,21 Studios,Just look at the older men u know uncles cousins etc and how miserable their marriages are it’s right there open to see,False,True,keyword,1,0,0,,0,0,0
UgzQ_-tUnGMQm2Ki7_N4AaABAg,The Free Agent Lifestyle,"Some western oligarchs, have influenced politicians to make street activities illegal. Meanwhile, these powerful figures are still making money online with apps It seems unfair that while they profit from these digital platforms, while they restrict others from earnings. This shows a double standard in society where some rich benefit while others face harsh laws. It's clear that the system favours some.",True,False,,0,0,0,,1,0,0
UgzZbOvZPcDLpIBGW0F4AaABAg,21 Studios,It is not only a woman's fault. Men pay for it. If men didn't pay for it...,False,True,keyword,0,0,0,,0,0,0
UgwvusnvA-5eY7-0tjt4AaABAg,Rich Cooper Clips,"They are useless and have nothing to offer ....not to mention narcissistic materialistic attitude. Nobody wants to put up with that. Stay single, honey, and get a cat !",True,False,,1,1,0,No obvious grievance,0,0,0
UgwVCeIwrPZsJsc5xjl4AaABAg.AWw5SjImpuaAWwAoEQGCDs,Better Bachelor,Not true. I still dont understand this stigma. Some of us dont drink and dont work with anyone from the opposite sex. Theres too many circles in life with people who youd never meet otherwise.,True,False,random,0,0,0,,0,0,0
UgwFGvhlpdKCJGJrYj14AaABAg,Better Bachelor,"I knew this 18 years ago graduating college. I was a white male graduating with a mechanical engineering degree and over 2 years of work experience interning at automotive companies and a high GPA. I should have been a prime candidate. Instead companies were hiring women instead of me to fill diversity quotas that were starting to work their way into corporations. My entry level pay was below average while all my female counterparts got a higher starting pay. I had to work my ass off and move around and negotiate to make more and work my way up. Most women were handed bonuses and leadership roles and higher pay on a silver platter. I work for myself now and make more than ever, but the corporate world is a mess that they created",False,True,keyword,1,0,0,,0,0,0
Ugx4YQ9hUpqwMmkehhJ4AaABAg,Entrepreneurs in Cars,Has anyone noticed that they steer men towards risk and self sacrifice and the women towards due diligence and protect yourself? 😂😂😂 this world is a joke.,False,True,keyword,1,0,0,who is they?,0,0,0
Ugyx2oU_1FngYxKG1414AaABAg.AW5GpmOUj-4AW6ioyb1Jeq,Better Bachelor,Just reverse it and put women in jail and have THEM earn the right to a clean jail cell,True,True,keyword,1,1,0,,0,0,0
UgxDTvT9dcCUkwr3cPB4AaABAg,Rollo Tomassi,"That other woman in the video with Nala Ray is a former cornstar that went under the pseudonym Jenna Presley. She did an interview with Nala and their respective husbands. Both men look absolutly broken, especially Jenna Presley husband. Not that strange considering that they've been married longer.",False,True,keyword,1,0,0,,0,0,0
UgyyTJMT84DFOU1VptB4AaABAg,Entrepreneurs in Cars,"At marriage though, they do so not because they are about you. They do it because they know life is harder leaving you than staying with you. Which isn't love anyway. It's just another form of checking out",False,True,keyword,1,0,0,implicit men being useD?,0,0,0
UgyueYVW2QVfIbz71jd4AaABAg,Rich Cooper Clips,The best way to never get divorced. Is never get married. Once she’s a doctor she will divorce him . Be careful my friend she is using you .,True,False,,1,1,0,Never get married - men get used and left,1,0,0
Ugww8wFwccWYlBi24o94AaABAg,Rollo Tomassi,"Timestamps!!! 0:04 : Intro Music 01:48 : Intro Video Clip 09:59 : Hello How Are We Doing 10:51 : Ned Was Attack By Rottweiler 24:12 : SuperChats 48:46 : Finns Without Children 01:06:18 : Self Deleted 01:11:12 : Favourite Chapter In The Rational Male Religion 01:12:49 : Guy's With No social skills 01:19:27 : Monogamy With A Much Lower Smv 01:31:17 : Born Raised In South America Are More Traditional 01:39:59 : Frame 01:55:35 : Announcements 02:00:52 : You Think Myron Has Entered A Zen Like State 02:01:35 : Zero Out 02:04:22 : As An Indian I Would Like To Debate You 02:06:30 : Will There Be A Market For Red Pill Media 02:14:31 : Zero Out Is Becoming A Sad And Common Reality 02:15:06 : Good Country Music describes female nature 02:15:33 : Should I Hide From Girls That My Ex Cheated On Me 02:16:09 : Can You Explain From A Deep Psychological Reason Of Why Women Secretly Dislike Each Other 02:24:45 : I'm Sure I Don't Want To Marry My Gf 02:26:07 : What Do You Think About AI Women 02:34:40 : Does Status Trump Looks Money And Game 02:39:10 : I've Developed A Relationship With Thin Nice Girl 02:45:08 : You've Shown The Data That Says A 5.9"" Man Needs To Make $100k 02:49:00 : Chrissie Mayher Meet Up Ever 02:56:36 : You Should Tell Men That They Ain't Gonna Bump Into Those Women 02:55:20 : The Art Would Today Is Extremely Woke 03:06:12 : Body Count Studies And Infidelity 03:10:54 : Marriage Socially Enforced Monogamy 03:15:33 : Video Games And Movies Where A Wife Of A Powerful Crime Boss Dramatically Leaves Him 03:17:19 : Hardcover Collection Coming And Workshop 03:19:37 : I Know Red Pill Is True But My Blu Pilled Conditions Stops Me 03:20:01 : Gentleman We Can Rebuild Him 03:20:57 : The QR Code Doesn't Work On Your Poster 03:21:31 : To Clarify She Passed Away And He Is In His 50 03:25:45 : 20 For Ned 03:26:08 : I Have An Idea For Red Pill Movie Script Drama 03:26:31 : Your Book Save My Life 03:26:40 : Did Writing The Rational Male Change Your Approach To Write Music 03:27:53 : Love To See You Sit With Tim Grover 03:28:09 : Looking To Be An Ambassador For You Or The F&F Boy's In Brazil 03:28:36 : Thanks For Signing My Book's 03:29:06 : When Women Makes Too Much Money 03:31:27 : Why Do Women Cheat On Their Successful Husband 03:43:19 : Hey Rollo I'm 25. I Feel Like I Missed Out By Not Going To An Ivy League 03:47:25 : Speed Recovery For Ned 03:47:58 : Best Wishes For Quick Healing For Your Lady And Ned 03:48:18 : Why Is It When Two Men At A Social Event Are Wearing The Same Shirt 03:49:09 : How Do I Deal With My Anger Of Women Saying A Then 5 Second Later Doing B 03:56:04 : Modern Hypergamy 03:56:19 : Stats On 10% Of People In Relationship Are Happy With The Relationship 03:58:19 : Homosexuality 04:01:33 : James Sexton On prenups 04:02:04 : If Marriage Isn't Recommended For Guy's Today In Our Gynocentric Society 04:06:08 : Why Is There No Inverted Fresh And Fit 04:11:42 : Marriage Law's 04:12:09 : No That Not What I'm Saying 04:15:29 : What Percentage Of Men Can One Rep Max Two Plates 04:16:28 : Pre-selected And Social Proof Can Change 04:21:51 : Can Anyone Do 305LBS 04:31:35 : Announcement 04:36:45 : Outro Music Jevani Sanders - Best Head Of My Life",True,False,,0,0,0,,0,0,0
Ugz8BQyhwDEMqs4lIyJ4AaABAg,Myron Gaines X,Most people don’t view it this way but I believe Charlie Kirk was a psyop because the movie snake eyes and the Illuminati card game has the same caption of his last post and the card says “are snipers can take you out anytime anyplace” card number 345 charlie Kirk was a massive psyop made to divide Americans,False,True,,0,0,1,,0,0,0
UgxQhZzqzTcrBwtaNQF4AaABAg.9lP1Krb-vgG9mjZBrl2ZZe,21 Studios,"Glad to hear you avoided the ""bait baby trap"" where men and teen boys are manipulated and often emotionally abused by the kid's mother for her own gratification. ✝️👑❤️🙏⚖️",True,True,keyword,1,0,0,,1,0,0
Ugw02GDPoCoiYuTxp3p4AaABAg,Rollo Tomassi,"Reactionary isn't transgressive, and in a time of totalitarianism, libertarianism is the true punk rock doctrine. I don't like to see you guys stumping for either party. Rollo always said the red pill wasn't about a political party, so what's going on here?",False,True,keyword,0,0,0,,0,0,0
UgwwdKIVKJmJbKxMTdd4AaABAg,21 Studios,"""Bad thigs might happen"" - nah - bad things WILL happen.. But bad things will ALSO happen, if you don't go risk - just other things, and you won't have been strengthening your will power, so it will be lose lose. As Jordan Peterson says: ""Life is pain, make sure you fill it with something, that is worth the pain"".. If it wasn't him that said it, then it was me...",False,False,random,0,0,0,,0,0,0
Ugwwd1QTYrCs0s2yWMd4AaABAg.9k150L_r70q9k3qTb9dul_,21 Studios,"Yeah, I mean you essentially steal a man's children... They lost all sense of purpose and being. I'd have no problem going into a court building",True,False,random,1,1,0,,0,0,0
UgxPnMJ37F1GHV7eEd14AaABAg,Rollo Tomassi,"Akaash began to lose frame over time. He renewed his vows in a last-ditch effort to save his marriage just 3 years after being married, which only made him lose more frame. His wife is now disgusted by him and is planning her exit strategy. Beta bucks no matter how rich you are.",False,True,keyword,0,0,0,,0,0,0
UgywPxGFUNXuDugxz6B4AaABAg,21 Studios,"Great Intro! The sight of those feminist heads exploding, priceless.❤",False,True,keyword,0,0,0,,0,0,0
UgzlTfe6CVZzsZXdT6p4AaABAg.AR-Y-LFQYpnAR0hvE60hj6,Rational Male Clips,"What they mean, is they want you to be NICE to them, no matter what evil shit they do. They just want participation trophies.",False,True,,0,0,0,,0,0,0
UgxKJuzZFwn4f4ek7aV4AaABAg,Rollo Tomassi,Crazy we needed a 3 hour segment to ask is water wet,False,False,random,0,0,0,,0,0,0
UgwvasbJUbPruWShxf94AaABAg,Entrepreneurs in Cars,"This is all to real. I remeber when i was in college i was dating a girl and we planned a trip to Florida. Her two friends that i knew wanted togo with us (they all liked me) before i decided to date my woman exclusively. Me and three women went to Florida. We got drinks and fun at the beach, me and my girl went back to the room to get it in. Around 1am i heard the woman in the other room moaning. A hr later 3 guys walked out of that room. Both of these women had full on bfs af the college. Thats when i learned real quick how a woman will truly get down behind closed doors",False,True,keyword,1,0,0,,0,0,0
UgycaxDuRy-ibaKLWsx4AaABAg.9ldA_ocXdgW9leFD7yt_z_,21 Studios,"@bobbruce4135 money is important in Asia, but women are a much higher quality, usually.",True,True,keyword,0,0,0,,0,0,0
UgyW0pl_i_CA5Jq9Qvh4AaABAg,Better Bachelor,Yep. HR 80% women and 20% gay black men. That has been my experience over the last 7 years.,False,True,keyword,1,0,0,"implicit , men underepresented",0,0,0
Ugwhycv1nWU8b3NrR1l4AaABAg,Rich Cooper Clips,"Basically it's the guys fault not the red flag gold diggers with the plastic lips, guys we need to choose more wisely like selecting a good investment firm",True,False,,1,0,0,,0,0,0
Ugyh9P8uY7zGitNvNiF4AaABAg.AVfLpc_sHhGAVfon5XgrEv,Better Bachelor,I think it was Rich Cooper that said:” attention is coin of the realm for woman” almost any kind of attention. But we guys are suppose to be the narcissists according chicks on Tic toc,True,False,random,1,0,0,,0,0,0
UgxfMHhW5hdPONCLUsR4AaABAg,21 Studios,God I wish I could have gone to this when it was here,False,False,random,0,0,0,,0,0,0
UgwTtwxj27LefG2-73Z4AaABAg,Better Bachelor,"Men have been indoctrinated for decades, one could argue for hundreds of years, to fall in love with slavery. The best designed prison is the one you don't know you are in.",False,True,,1,0,0,,0,0,0
UgwylM_Fpt575b18DLJ4AaABAg,The Free Agent Lifestyle,Real Men are not sitting down with sugar in the tank zest buckets 😂😂😂😂💀,True,False,,0,0,0,,0,0,0
UgwihjVH483Ra6o3Hm54AaABAg,21 Studios,"Imagine if someone with these psychological traits uses technology against you..not only do you experience trauma but you start socially isolating because technology no longer feels safe as a communication vector… Not just that but they can invade your privacy and use information againsts you. That’s the primary reason a psychopath would violate privacy. Now they know what you’re insecure about (from whatever you google and talk about over messages), they can strategically manipulate you and out you down right as you’re starting to bounce up…and much more.",False,True,,0,0,0,,0,0,0
UgwhFCOpFQbjJRkk2NJ4AaABAg.AR-RaynF_fjAR-ikS1v9tH,Rational Male Clips,"@wleeclark7696 Yeas and No, If there is a draft it trains and puts arms in young men`s hands and give them a chance to fight back, are governments have spent decades disarming us, Who do we consider the greater enemy.",True,False,,1,0,0,,1,1,0
UgyHLB1y1SFokmQUkGl4AaABAg,Entrepreneurs in Cars,Not worth it just walk away,True,False,,0,0,0,,0,0,0
UgzhBSZlWzVSizIF69Z4AaABAg,Rollo Tomassi,Here me out rollo Do 20 minutes videos with a specific idea,False,False,random,0,0,0,,0,0,0
UgxMcy-b6tqFCwK6MoR4AaABAg.AW6RWhCD2GBAWATd7mpKxw,Better Bachelor,"Social Media just allowed women to brainwash each other on a mass, unforeseen scale instead of simply enabling each other. This was happening before, they just didn't have the majority of women worldwide at their fingertips to make it OP.",True,True,keyword,0,0,0,,0,0,0
UgyWjFw_1YKVInV4gPJ4AaABAg,Entrepreneurs in Cars,"She can go if she is borred, i am not an entertainment system.",False,True,keyword,0,0,0,,0,0,0
Ugzh2lLhahMIKIj4Osh4AaABAg,Fresh and Fit,Women have this stubborn side to them that involves ZERO ACCOUNTABILITY!!!!!!!!!,True,False,,0,0,0,general misogyny ,0,0,0
UgwjqDisTlAcl4MgycB4AaABAg,Rollo Tomassi,Shadow ban gone? Got full array of ads on the replay,False,True,,0,0,0,,0,0,0
UgzarKKYiPq7D6tcCAB4AaABAg.AYF2YuPsXgrAYHFpNvqzBM,Entrepreneurs in Cars,"you sound like a loser. if world was full of ""smart men"", humanity would cease to exist.",True,True,keyword,0,0,0,,0,0,0
UgzhdCaCHcdS4kLoGuV4AaABAg,21 Studios,"Almost 100% of men I know by now (esp in UK but all over Europe) have had some kind of false allegation and/or lost so much, their children, or simply everything they have to malicious women. One doesn't have to be married - it's important to understand this point. One of acquaintance had it happen 3 times in different countries - nice fellow, too - his 'crime' was working to hard - employing over 300 people. These 300 people all lost their jobs when he simply finally gave up and went on social money with a 'bad back' after working hard and diligently his entire life. But never forget, it's the children who suffer most - not that greedy women care. What I see is a pattern - the more heavy the accusation the more likely it is to be the woman manipulating the courts/police. This is not just hearsay - I've seen a number of women be utterly violent to men, complete with trying to stab them, or even stabbing themselves (one friend was saved when his girlfriend did this because her mother was listening in on a mobile phone line and heard her laughing at him and how he'd be going down as she did it - her mum knew she was a nutter and helped save the man from prison as there was a witness! (She was lovely when sober but a monster after a few drinks - time and again I saw it myself). This 'believe/provide for all women' nonsense has to stop!",False,True,,1,1,0,,1,1,0
Ugw5HRkOywFykyzANfN4AaABAg.9sDInjPWo-G9seGZDhRAk2,21 Studios,"@dannymeyer3256 Looks like you may have a problem with trying to diagnose the Truth. As a Marine that has seen a good part of the world, I can tell you that American women, save CONSERVATIVE WOMEN, are the most entitled hand grenade attitudes out there. But thanks for playing simp.",True,True,keyword,0,0,0,,0,0,0
Ugz88AyjcSk3bn-B8J14AaABAg.9xtLiQkjzZd9zL5s9RCXCG,Rollo Tomassi,"If you look at yourself like a Father-figure or Mentor that's when you understand what those younger girls are seeking..... And, we as Men are paying $800-$1,200 monthly anyway taking an older ( 32+) lady out to dinners, concerts, Etc.... So why Not have something 3x better physically as we are paying for the experience anyway",True,False,,0,0,0,,0,0,0
UgwL96PGMNm2sDR1lsF4AaABAg,Entrepreneurs in Cars,"When I was younger and naive (now in my late 30s). I too thought females were angelic and should be treated as such. I was in decent shape, wasn't ugly, a decent guy but had mixed success with females. A few times I had to work, live, study etc with a female(s) and it was miserable and I learned that they weren't so angelic. A few times, I noticed men who are older than me act like schoolboys around attractive females and I thought it was the most pathetic thing I ever saw. The same females don't care about them and wouldn't give them the time of day. I also noticed guys acting like an a'hole around women and like as if the woman didn't exist, and they had lots of success with females. I know an older man in his 60s who lacks self awareness, social awareness and doesn't ""get it"" he is out of shape, clothes don't fit, is bald and earns low pay. He thinks he is a gift to women. He doesn't understand why he is single (virgin). In a previous job, I saw the technician (educated, intelligent, big earner) put a pretty female colleague on a pedestal, she didn't even acknowledge his existence and walked by him. I saw him try it again one time and the same result. I don't want to end up like those type of men. It was when I started to focus on myself and cut out distractions that I started to win at life. Opinions and experiences are my own. Have a good day reader.",False,True,keyword,0,0,0,,0,0,0
UgzLoHXI8L9Fy7gVWB94AaABAg.AWRTptiFB1LAWRVvL7vxgU,Entrepreneurs in Cars,Thank goodness you got out of that. Was reading a similar story from a guy and he casually dropped that his mother immolated her boyfriend while he was asleep. Unbelievable evil that the system doesn't want to acknowledge or report on.,True,True,keyword,1,0,0,,0,0,0
UgzhdmnJwfmruR3fsL14AaABAg.AVsMAdbGZb8AVz6Uq_16DH,Entrepreneurs in Cars,"@squiggs1002Not everyone can afford to do this, and I don't even trust the US banking system much less Switzerland or the Virgin Islands.",True,True,keyword,0,0,0,,0,0,0
Ugwn3APlVNfPDP9YAlB4AaABAg.AWOZIs3ICRSAWU7FT3t6w0,Entrepreneurs in Cars,Today 95% of them are broken & damaged beyond repair and ran thru which all but guarantees they will file for divorce at some point because they simply cannot pairbond.,True,True,keyword,1,0,0,,0,0,0
UgxHeKIuGva5_FE76it4AaABAg.AVMhkpJQQwMAVNJCOQpFHC,Better Bachelor,"The rule ""there are no women on the internet"" was real and it will be again.",True,True,keyword,0,0,0,,0,0,0
UgzOFhN4xSyskyU8ySV4AaABAg.AW583hMwwUNAW6kKRhi8-Y,Better Bachelor,"I don't want to join Islam, but it's the only religion with a functioning patriarchy and they actually respect men. The Christian Church got rid of their patriarchy and gave the leadership to women which turned it into a matriarchy, now it's not even worth going to the Christian church.",True,True,keyword,1,0,0,,0,0,0
UgxDPeMCDQnTWpmZiQB4AaABAg,Better Bachelor,"I believe facts and proof, not feelings, regardless of your politics. But, like usual, we'll likely only get conjecture, hearsay and feminist spin.",False,True,keyword,0,0,0,,0,0,0
Ugzq7aSA-_VKBeKImX94AaABAg,Rollo Tomassi,Timestamps 0:00 intro music 1:30 intro video 8:00 Your Tinder Insight 13:46 Topic & announcement 16:50 80/20 rules 23:42 R.P.V. science 27:55 Debate Destiny 32:32 Just pearl chat 34:48 CGA & Hafeez 36:17 Destiny & Jack Murfy 38:17 Ovulatory Shift 38:27 Announcement 40:20 Rollo would not win a debate against Destiny 45:06 Crisis of replicability 41:55 Hater Show 42:23 Ovulatory Shift & Crisis of Replicability Stats 43:40 Red pill & Mainstream 44:25 Secret Service Report 01:02:37 Do Violence video games create mass murderer 01:05:45 Feed them fear & sell them security 01:06:10 Representative of Red pill 01:07:40 Virginia courthouse 01:08:15 The second set of Books 01:09:15 super chat 01:21:06 Single Mothers elective 01:34:05 The 4 Laws of Behaviour Genetic 01:51:10 Autism 01:52:10 Super chat Trans Autism 01:57:00 FTX crossover between Red Pill & crypto space 01:58:00 Super chat 02:00:03 Rule Zero Richard Cooper and MLD 02:06:47 Super chat 02:08:28 Bookmarks Data Stats 02:13:36 J.P talks of man and woman are same 02:15:03 Promiscuity How it's effect women 02:17:53 Poly society are higher in violence 02:19:28 Super chat 02:26:03 Announcement 02:34:38 Rollo explain 02:44:25 Super chat 02:48:10 Reason why I don't tell this stuffs 02:50:43 Update upcoming Shows 02:53:01 Tim pool video clip 02:54:09 Intro song & Outro song 02:56:03 Tim pool video clip 02:58:33 Tech issues 02:59:22 Audio fix 02:59:33 Stats of single unmarried woman 03:00:56 Agenda of keeping woman single 03:01:46 Tim pool video clip 03:03:26 Class in Session 03:06:54 Tim pool video clip 03:07:23 68% voted Democrat 03:09:00 if you want to save the West from moral Decay 03:09:36 Crossover 03:09:56 Tim pool video clip 03:10:09 Take more responsibility 03:10:35 Tim pool video clip 03:10:55 60/40 03:11:23 Students depth forgiveness 03:12:29Tim pool video clip 03:13:03 It's about abortion 03:13:20 Tim pool video clip 03:14:55 Physical Prowess 03:16:24 JP on Marriage Daily Wire 03:17:58 Why mainstream media wants to have this conversation 03:24:47 Destiny & Chriss Williamson video clip 04:30:33 Super chat 04:30:57 Hollywood update 04:36:24 Patreon Meeting 04:37:49 Super chat 04:38:41 outro music,True,True,,0,0,0,,0,0,0
UgyNtmJf1VRoiKDjS3F4AaABAg,Rollo Tomassi,"Rollo fancies himself a big empirical data guy, but when he wants to downplay height he relies on anecdotes. ""I know a 5'2 dude who cleans up."" That's no better than saying I know a guy with no style who cleans up. We have Bumble filter data that shows that women have a preference for height. Not all traits are weighted equally.",False,True,keyword,0,0,0,,0,0,0
UgxNX-7VD7-sCendmqd4AaABAg,Better Bachelor,"We also see that even 1% guys get cheated-on and screwed-over financially. Once the women fall into this pattern, there is nothing to be gained from a relationship.",False,True,keyword,1,0,0,Only saying 1% men get screwed,1,0,0
UgzjklsmXjL2bpJxd094AaABAg.AWTuXXozQu-AWTzSgCTF_g,Better Bachelor,"Yeah, but a lawsuit against whom? The carriers, providers and we sites are generally protected, and the women are anonymous....",True,True,keyword,0,0,0,,0,0,0
UgxsRLDFv6YlyQ0JRTp4AaABAg.9mieci5RE1b9mvhHEYAw7j,21 Studios,firstly it is women who control sex. and secondly it is women who are leaving men and filing the divorce,True,True,keyword,1,0,0,,0,0,0
UgzhBwGWiqi32uCo1bF4AaABAg.AUqb3Ng4-WyAUrGsqkgbXB,Better Bachelor,@Hustada Shhhhhhh! Asking or thinking that sort of thing is anti-septic!,True,False,random,0,0,0,,0,0,0
Ugy-SVqr6-fBX9SMoSx4AaABAg,Rollo Tomassi,Male elephant killed 20 people in India over a few days as part of his high testosterone mating ritual. It lasts for 15 - 20 days. Violence precedes mating in nature. Most male crime is mating ritual so they should be afraid,False,True,keyword,0,0,0,,0,0,0
UgyAgvl8o4pDNv-XQMB4AaABAg,Rollo Tomassi,"Long form content has always differentiated Rollo from the rest of the redpill. Whenever I am thinking about a topic, or have something come up in my life there is a plethora of material to search through, youtube, the old blog. Truely a indispensable asset in my personal tool bag. Hope you get your account back, but won't be too sad if this brings more substack posts. Glad to hear you are healing up well too god bless",False,True,keyword,0,0,0,,0,0,0
UgzFqPpFwfDYIPH5xwN4AaABAg.AUyQiMJbtx7AUzqFx6b73w,Better Bachelor,8 out of 10 homeless people are man too. Food for thought,True,False,random,1,0,0,,0,0,0
UgyeRySKsvS31M6ZKrN4AaABAg.AXHFz9eTg8NAXJwRpdRhy1,Entrepreneurs in Cars,"@Scott-iw5ji Men come with needs, needs and more needs, and our culture of patriarchy, caters to MEN. Whose needs are very rarely considered in this culture are the needs of women. But, I don’t even get WHY a man would consider a woman with kids, unless he has kids and wants a blended family. There are women without all of that “baggage” so why not consider them?",True,True,keyword,0,0,0,,0,0,0
UgywdFlNXLPOJAQ_8pt4AaABAg,Fresh and Fit,The guy who killed iruna was let a lot because the system is soft on people with mental health issues- which is what he had. Blacks get the highest conviction rates on charges in other words whites are more likely to escape a conviction,False,True,,0,0,0,,0,0,0
UgzZ-yTNtOlm5NOCSkp4AaABAg.APv-QP6IlfnAQ-WS8l8Dwr,Rollo Tomassi,"You're a re+ard. 1. She doesn't have baby daddies. All you modern dipshits misuse that term. Thats a term when a woman has babies with different dudes she never had committed relationships with... i.e. a whore/skank/slut. 2. Andrew is one if the 3 men shes been with, not the fourth. 3. One of her previous just dropped her and her kids and left her high and dry. The other beat her mercilessly and went to prison. 4. Andrew doesn't advocate for men to marry single mothers. He made the calculation that he saw value in Rachel to marry. His choice. Been doing it for almost 20 years. Low iq re+rds like you make these dumbass arguments because you want to bash Christians and can't argue the points.",True,True,keyword,0,0,0,,0,0,0
UgzVrJ0FUZSuCUvyRCx4AaABAg,Entrepreneurs in Cars,Women have been pulling this shit since the beginning of time,False,True,keyword,1,0,0,,0,0,0
Ugy2ZXAEqk6OEAgMZMB4AaABAg.9lRHajuwOow9lRI4fBN1QT,21 Studios,"The only true example of a woman for ALL women in the world, not just western women.",True,True,keyword,0,0,0,,0,0,0
Ugwr4jPrWovS7XmPAvh4AaABAg,Better Bachelor,"MSM: “Look! A handsome, popular, influenctial, male who encourages traditional masculinity.” MSM: “DESTROY HIM IMMEDIATELY!”",False,True,keyword,0,0,0,talking about MSM detroying men - who is MSM?,0,0,0
UgwhFasyBfXdx3S2Xwd4AaABAg.AXsZe3Na8JAAXtLJc-3mlW,Entrepreneurs in Cars,"@MikeA-79red pill covers to look out for women who only date top 10% high value men and that women are hypergamous, meaning they date and marry upward according to a man's resources/money. Women will monkey branch to a better, high value man after using the average man.",True,True,keyword,1,0,0,,0,0,0
Ugzc7F-vzoaxD77Ff2B4AaABAg,21 Studios,21 University (est 2015) is the world's greatest school for toxic masculinity. Join our cult for free and watch all of Zan's 21 Convention speeches here https://21university.com Download the free 21U app at https://21studios.com/mobile/ Learn more about Zan at https://www.zanperrion.com,False,True,keyword,0,0,0,spam,0,0,0
Ugxl4zEl0gQYLVdhjKB4AaABAg.AS0-fFuujJ_AS0NcJ8RsII,Rollo Tomassi,"@chrisjenkins9978I agree that's essentially what I said. A murderer that does not have access to a knife and doesn't possess the ability to murder you without one may still want to murder you at the moment. This is why you should never give a woman authority over you in a legal marriage. You do not know who over the course of decades might decide to ""murder"" you but you should never provide them with the weapon. This prevents crimes of passion and keeps good women from making dumb decisions on emotion.",True,True,keyword,1,1,0,,0,0,0
Ugw43Zbd95YY46ZlvwV4AaABAg,Better Bachelor,Women will accuse men just to shut them up about getting caught cheating or anytime there's a argument... it's a form of control,False,True,keyword,1,0,0,,0,0,0
UgxjpZDgoo6_3NRpOjp4AaABAg.ARe6DQeqzZxARuo-EQPb7o,Rollo Tomassi,"+1 for this. I switched to the TLM during Covid. The altar servers in a Latin Mass (boys only) are like the Navy Seals of altar servers -- there's an army of them up there and they're responsible for so much during the liturgy. It's inspiring to watch them in action, and obvious why there are so many more vocations to the priesthood coming from TLM parishes than Novus Ordo ones. Whenever I go to Mass with my parents (N.O.) and see girl altar servers there, it just seems so out of place. They're made for a different role. Do you follow the show ""Avoiding Babylon""? They did an episode recently about feminism and Anthony pointed out that the problem in the Church is that men are afraid to say ""no"" to women... i.e. pastors don't say ""no"" to the Susans from the parish council who want to make feminine-primary changes. Even in the Vatican, the whole Synodality thing is a case of the leaders giving away power to the followers instead of leading. The masculine/active/expressive part is stepping back and allowing the feminine/passive/receptive part to act instead. It's a repeat of Adam's & Eve's sin and it'll only lead to disaster.",True,True,keyword,0,0,0,,0,0,0
Ugx2v82HJfdOYntNV3x4AaABAg.AX4CkR-CARTAX4Kz2qTQYA,Rollo Tomassi,"The stupid comment belongs to you. Your 'whataboutism' is just a cope and white knighting. An average (young) women can have seggs with virtually any men, but only top self (4.5%) of the guys are capable of something similar. Modern women's over inflated ego mainly come from this biological fact.",True,True,keyword,0,0,0,,0,0,0
UgwsSYlZonda2zqnms94AaABAg,Rollo Tomassi,"Very easily what needs to be done. Men need to keep speaking up. Every guys ideal partner is young, fit, feminine, and pure. This needs to be said, spread, and engrained in their heads. If they aren't these things, the guys are settling. We know we are. The delusional part is the women don't know this. Zero guys find a single mom ideal. Zero guys find someone overweight ideal. Zero guys find a women with ""x"" body count as ideal. If she isn't those things, he's settling and she needs to know he's settling.",True,False,,1,1,0,,0,0,0
UgwZ0TzSmWt0tvAMZVV4AaABAg.AVvUk8_EoUiAVx-NqHgNaQ,Better Bachelor,It’s not you sir. The system has purposely failed men. Research Bill Cooper when you get a chance.,True,True,keyword,1,0,1,,0,0,0
UgxYgJY5-FoW1nICPdt4AaABAg.AX5Ilt4Pj_KAX5crfXD3pD,Better Bachelor,"We're allowed to say it openly now: ""Go woke, go broke!"" 😂😂",True,True,keyword,0,0,0,,0,0,0
Ugz0WeEr34MoTrhSxcp4AaABAg.AYF0eDHS2bfAYFWpyqZOed,Entrepreneurs in Cars,46 years old never married and no kids! I’m right there with you. And I still do well with women! No need to buy the cow!😂😂😂,True,True,keyword,0,0,0,,0,0,0
UgwWidUa0kafzpO8QFl4AaABAg.A9W6SO4BqJEA9WDjgUBY79,Rational Male Clips,"Factual. Social status and money are beyta/provider traits. Real alphas are tall and have handsome faces. That being said, social status and money can get you a lot of hot women to fck and impregnate even if you look meh. The trick is to be smart, never marry and only have kids out of wedlock. That's how you maintain leverage if you don't have the looks. If she cheats or leaves, you can replace the woman instantly with a younger hotter woman. There will always be hot gold diggers and social climbers.",True,False,,1,1,0,"Implicit grievance, explicit 1b",0,0,0
UgwFGvhlpdKCJGJrYj14AaABAg.AUzusZ2iB0PAV4b9YhN_U-,Better Bachelor,"@alexisc7565If another person, male or female, gets a job over a more qualified candidate because of a racist or sexist policy, or because of some form of societal favoritism, then yes, anyone has a right to be pissed off about it.",True,True,keyword,0,0,0,,0,0,0
UgxVHorxZIH6e0CoHf14AaABAg.9ntAn8VYwnP9oAmOdqiSAo,21 Studios,"Calling women names isn’t a simp move if she’s deserving of them. It’s one thing to attack a girl with “you’ll die alone if you don’t pick me!”, but it’s another thing to attack a girl when she’s flat out wrong Unfortunately, she knows that many men will come to her rescue and take her side, even if only to get in her pants. Girls get support they don’t deserve constantly just for existing and it makes me fucking sick",True,True,keyword,1,1,0,,1,0,0
UgwOf03mZLHOgZlQAXB4AaABAg,Fresh and Fit Clips,That billionaire witha robot is not happy...we are meant to pair up...anything else is not satisfying....of course neither are real relationships these days,False,True,,0,0,0,,0,0,0
UgxKjNFw4oLHwKNtW5N4AaABAg,Better Bachelor,Carl is that typical. Manly in their own mind but deep down pure 100% grade A simp.,False,True,keyword,0,0,0,,0,0,0
UgyEUFSeBH6FMzyJC3h4AaABAg.AVoZpxpjcJ4AVpAEcBUKdU,Rollo Tomassi,"@simplyballing1592 Money don't make one a beta, your attitude make you beta. If he don't let women use him he is not beta but a player.",True,True,keyword,0,0,0,,0,0,0
UgwFjTfjp7m2FnmCRl94AaABAg,Entrepreneurs in Cars,"Until they tire of you, and they will. Eventually. Because that's their nature. As a modern man, you have to realize she's only going to be with you for a while. You're not going to grow old together. That's grandma and grandpa. Modern women are not traditional.",False,True,keyword,1,0,0,,0,0,0
Ugyaysh5CLea5XPmLch4AaABAg,Rollo Tomassi,"Dude, it took you 45 mins to show 3 mins of BC/Clav clips and say that BC looked like she was attracted to Clav. Where's drying paint when you need it?? Soooooo painful to behold. Never again. You need an editor more than you need air to breathe",False,False,random,0,0,0,,0,0,0
UgxQOBBhmrf2ThUupSt4AaABAg,Better Bachelor,This type of corruption is rampant all over the world and perpetrated by globalist bought and paid for government officials.,False,True,,0,0,1,,0,0,0
Ugzbe9LeBFqNLCSBVcB4AaABAg,Entrepreneurs in Cars,"Brothers, you can find out how committed a vvoman is by having clear boundaries at the start of the relationship. If it progresses far enough where marriage is a possibility, tell them it will not go forward until a prenup is signed. That way you can see if she is in it for you or the $$. Stay strong, Kings.",False,True,keyword,1,1,0,Duplicate?,0,0,0
UgzdoBO-ftSlVTsQPD14AaABAg,Entrepreneurs in Cars,It doesn't matter what women think or want. I care what they react to.,False,True,keyword,0,0,0,,0,0,0
UgwaneBhNjAHUiFrfWV4AaABAg,21 Studios,Powerful. Very christian message. Thanks 21 studios for the delivery.,False,False,random,0,0,0,,0,0,0
UgwEEc6paKU8M2rUtM54AaABAg.AWN7df1I-zgAWO2ViAqfUO,Rollo Tomassi,It's just another example of Women not having any originality.,True,True,keyword,0,0,0,,0,0,0
Ugxrv6EgI0GNg_TXB114AaABAg,Rollo Tomassi,Fuck....it is the only things that comes to My mind hearing such brutal truth,False,False,random,0,0,0,,0,0,0
Ugyfu20boXCmSfeya5J4AaABAg,Rollo Tomassi,"1:49:02 Marc Defant’s recounting of Spiro’s writings on the Kabutz and how it changed and went from an egalitarian version of society to one where genders roles fell into place (one of patriarchal), was fascinating and very poignant!",False,False,random,0,0,0,,0,0,0
Ugw1CvB1FQRNi1JqQXV4AaABAg,Entrepreneurs in Cars,The question is why men.Taking this action to protect their hard earned income.That is the question they are not asking.,False,True,keyword,0,0,0,,0,0,0
UgyCoM27LuT57A-MMw14AaABAg,21 Studios,Simply writing comments won't do. Please donate. I did. We men need to stand up for other men and support them,True,False,,1,1,0,Please donate fo men can stand up and support each other,0,0,0
Ugw_M-cAMy-JYwvo1fh4AaABAg.AYF6V77-15CAYOwhfvhf4o,Entrepreneurs in Cars,@GoGoGadot because you’re 50+ you’re not an virgin and you demand a virgin women. You’re an clown 🤡,True,True,keyword,0,0,0,,0,0,0
UgxF9dYOPpgZnla3UJd4AaABAg.AUsUdgBL4FVAUsZJxVRuYF,Better Bachelor,"they seem to forget that women don't need to only date men their own age. they can go for older men. if a woman in her 20s is encountering men in their 20s who aren't ready for kids, that woman can choose to date a man in his 30s. don't forget to put that in your videos.",True,True,keyword,0,0,0,,0,0,0
UgyCKpd92VNRu6tDkSR4AaABAg,Better Bachelor,"Why would gen z trust anyone? Their first big shared experience was the media, businesses, schools, and government pressuring them into a shot that didn't work and wasn't safe.",False,True,keyword,0,0,1,,0,0,0
Ugzys0d9Qyr-jd-QGLV4AaABAg,Rollo Tomassi,"Geez, careful you dont get canceled by the powers that be",False,True,,0,0,1,,0,0,1
UgxYGMBulBa4vQV1czp4AaABAg,21 Studios,Men and women have roles in the Bible and in church. Both should be filled. Both are needed. Leaving the church is not meeting that calling.,False,True,keyword,0,0,0,,0,0,0
UgxtJcZdxuWzpRIofeB4AaABAg,21 Studios,"I’m a 65 year old never married man, and I lose no sleep over it. These gentlemen are the first and best analysis I’ve heard on this dilemma. I’ve contended the same points as well.",False,False,random,0,0,0,,0,0,0
Ugz5_AFbSk66ye9qVhB4AaABAg.AS9tvt2CLG8ASCtETwBdUM,Rollo Tomassi,@RadRat1978 You prefer Narcissistic Personality Disorder? That one is very real. Just look in the prisons.,True,False,random,0,0,0,,0,0,0
UgzzWmwOSlLYWuAZHHt4AaABAg.AXnCx5TElSLAXqjIVctmmR,The Free Agent Lifestyle,"The instant you feel a woman trying to emotionally manipulate you, you either need to set a hard boundary (which you will probably need to leave her over in the end anyway) or be content with being emasculated. And I won't feel too sorry for you, why are you as an adult man falling for a tactic that teenagers use to get their way, and not very intelligent teenagers either.",False,True,,1,1,0,,1,0,0
UgyW5xuaEoz8UKaUKGh4AaABAg,Rollo Tomassi,In do lIKEA you chiseled atibg 8$ i love U man high iq muscle alpha,False,True,keyword,0,0,0,,0,0,0
UgyzrN22I1q9H7chT_V4AaABAg,Entrepreneurs in Cars,Love your program man I have a question After ten years even though you've signed a prenuptial agreement isn't that prenuptial agreement worth a lot less. Doesn't the prenuptial agreement devalue overtime. Like California prenuptial agreements have been known not to hold up in court. Especially over time. Anywhere in the country if you've been married for a period of time let's say 10 to 15 years that prenuptial agreement doesn't hold as much value if it was one year or two years and then you got a divorce. Wouldn't it be smarter not to get married I have a farmer friend who owns lots of farmland He's not married in the state of Tennessee. He has a cohabitation agreement and legally she can't get a dime out of them as long as he doesn't marry her. In the state of Tennessee. You're not legally married unless married by the state. A lot of states you can't live together in a lot of countries you can't live together California if you live with a woman for 10 years you're legally married. So you really don't want to live with a woman in California for any real period of time. Separate houses You don't want her keeping Her tampon her tampons over at your house stain over for the night You don't want any of that in California. Love your program man you're a genius. You give great advice dave Ramsey is out of the Scott and picking mind on a lot of stuff he says. This guy is clearly Super intelligent with $20 million driving a super old vehicle nobody suspects anything. Well the way I understand the law in some states he's already gotten engaged which violates the prenuptial agreement. She could claim that she was under duress when she signed it because they were already engaged this is a whole mess he's got to forget this woman and have nothing to do with her he approached this in the wrong situation. He doesn't need to get married. This is a bad deal walk away from this deal. If you're going to get a prenuptial agreement you have to do it before you get engaged you can't mess around with this woman you gotta walk away. She can claim she was under duress she was pressured because you'd already engaged given her an engagement ring. This is not a good deal walk away,True,False,,1,1,0,,1,1,0
UgzwZ48kNIZ7H_8BfLd4AaABAg.ASTE_Psx8bpASWHxBL_atp,Rollo Tomassi,"Myron's doing fine. He covers more topics and helps a lot of young men understand not just intersectional dynamics but politics, geo politics, history, law enforcement... you don't have to like the guy but give him more credit",True,True,keyword,0,0,0,,0,0,0
Ugw2MUe9VXYt3NcZQC94AaABAg,Better Bachelor,They keep you in a constant state of fight or flight even in the most peaceful of times. I'm convinced that they are preprogrammed to destroy us.,False,False,random,1,0,0,Close on 2 but not quite,0,0,0
UgwrCBucDmXeNSaBT594AaABAg.AUsUzNP_JYIAUsV_zaGiUx,Better Bachelor,"It will take a decade until society realizes that shaming is not working By then it will be too late to fix anything since it would be two more generations of men who will not give a fvck, wich will delay amy ""healing"" of society in 40-50 years more",True,True,keyword,1,0,0,,0,0,0
Ugz_nIT7SRhNDtmrDk14AaABAg,Better Bachelor,The west was doomed when they emancipated their women and gave them the vote. It will not recover.,False,True,keyword,1,0,0,Duplicate?,0,0,0
UgzFTc2hIXz-uR3STDZ4AaABAg,Rollo Tomassi,"I've always remembered Rollo's words going back to his days writing on SoSuave 24 years ago: ""Female desire can not be negotiated"". It's a big reason why relationships fail too. The guy thinks his wife should be able to see over the course of however long they've been together all the good things he's done for her, all the ways he's improved her life, and he may rest on his laurels a bit. Meanwhile, she feels bored. Her brain doesn't rationalize all that information. It factory resets every day, and needs constant stimulation. ""What has he done for me lately?!"" she asks herself, and coming to the conclusion she feels trapped, she witholds sex and ultimately files for divorce. No excel spreadsheet of 'The Top 10 Things I've Done For You' can change that. You can not negotiate desire.",False,True,keyword,0,0,0,,0,0,0
Ugw30Jqjw8NAEX0XCeJ4AaABAg.AWHyxzoYHbhAWZzqQe3VSI,Rollo Tomassi,​@MrJavomon A lot of women and blue pill men call red pill men incels. Anytime you see men posting red pill talking points on social media you see this.,True,True,keyword,0,0,0,,0,0,0
UgyZaLH4V_fTzOzsq0d4AaABAg,Rollo Tomassi,PBD is one of many that say 'Woman' when he means 'Women' I find this so annoying. Just me?,False,True,keyword,0,0,0,,0,0,0
UgxEVJBA3q_eOloesaJ4AaABAg.AUseUxGW67gAUszP2IRDxu,Better Bachelor,"but the ""i feel like's"" said they aint need no man",True,False,random,0,0,0,,0,0,0
UgxtByjQdxEc6moWeLB4AaABAg.AVaBf10NrlgAVd65vT3MKN,Entrepreneurs in Cars,lol I like the comparison. They’re genetically not able to be honest or take responsibility so the metaphor is perfect,True,False,random,0,0,0,,0,0,0
UgzhHc83NbDCgAIiWxN4AaABAg,21 Studios,Me my mum and my daughter always vote for reform here in England🤔 my fellow country MEN keep letting me down and voting Labour! Funny that,False,True,keyword,0,0,0,,0,0,0
UgwS6LcVVOmRmdFw8914AaABAg,Entrepreneurs in Cars,What in the FK you guys putting up with. Where men. We are supposed to be the players not them. My fathers rule. it's a 30 second roll call and if I don't get a response. Move on. Fellas. Grow a pair.,False,True,keyword,1,1,0,,0,0,0
Ugx15kMOmCiffgj7iyN4AaABAg.AVxiVO1KFJTAVxmo0ckN66,Better Bachelor,"Bayta Bailouts, ATM, wallet, etc. They're ALL looking for a better Bayta Simp to fund their worthless life",True,True,keyword,1,0,0,,0,0,0
UgxEDCMBEJipuV0ccnd4AaABAg.9epi4FF75x29erLfJG4ypn,21 Studios,"Men has always been the butt of the joke, from jesters in the courts to modern stand up and in scociety in large, no one take a crying man serious he becomes a joke, women tells men to show a softer side but when they do the women leaves, women have been pushing for ""male priviliges"" but none of the resposibilitys or down sides, males have always been seen as desposible thats why the saying goes women and children first.",True,False,,1,0,0,,0,0,0
UgxC_vJc5iqEBb8zgw54AaABAg,The Free Agent Lifestyle,"All I ever hear is about how hard it is for women to leave abusive relationships. But they can call the cops on a man, lie and get him locked up. Zero accountability! I’m going to call my dad, cousin, brother, friend, etc. Yet, this is repeated case of DV. They choose to stay and yet they are off the hook too. Yes. There are very few if that many instances where it’s very hard to leave. Let’s not make it seem like there are dozens.",True,False,,1,1,0,"""lets not make it seem like there are more female DV vcases than there are…"" ?",0,0,0
Ugy7zGTaxNtfGWiK-Ox4AaABAg.AX9Tq7QzJmTAXBBJEomugs,Entrepreneurs in Cars,"@121music4life No need to worry. If you want a family this is the best time in your life to start looking for a wife. I got married at age 50, she was 27. We celebrated 14 years of marriage this year and have two kids. Life is good. Dating for men is much better after 40 but for women it’s practically over after 30. Don’t settle for a woman older than max 32. Be very picky. Don’t settle for any woman who wouldn’t make an excellent wife and mother. It gets much easier when you stop spending time and energy on women of low value. I would recommend avoiding dating apps completely.",True,True,keyword,0,0,0,,0,0,0
Ugzn4Tt-KIi5FIL2iuB4AaABAg.9eFTIMmJoVy9eIBH9TaAeg,21 Studios,"There's loyalty to popular culture popular political parties popular political leaders and people who are loyal to our father in heaven our country our constitution and freedom with our rights with our family to enjoy and thrive There's a big difference in followers and patriots who are not followers but leaders in working hard dedicated to the pursuit of happiness freedom of speech and open debate over differences between people, Today you have fear mongering irresponsible leadership and mainstream media talking about only one biased base narrative and giving us the truth isn't what mainstream media speaks its fear spreading rehearsed narrative that you can follow word for word scripted fear mongering and sensationalism taking advantage of the easily manipulated emotional dumbasses who are followers going with the flow like dead fish do and shit flushed down the toilet, this is what you end up with when you select and choose certain outraged whatever at that moment you get people who gain wealth, influence and control over you by exploiting your own emotions and stupidity by pandering to you but do nothing with you except incite you to do their bidding because you think you feel their outrage and pain and only want to help them help you and the world except they gain power, wealth and status of influence and control and they give nothing at all except for they are working on it you don't see it you don't hear anything about it, and definitely you don't see it but they swear your being served just as soon as they pass this and pass that but you have to dig deep and pay higher taxes and everything else because its your duty to democracy and the world is ending so fuck it I tell you when I think you deserve to have me explain anything to you because American people are beneath the government elites and should know your place nothing to see here folks 😉",False,True,,0,0,1,,1,0,0
UgzuMGBrR5qh25FrlTN4AaABAg.AVHT5doEgusAVH_kigR8Ad,Better Bachelor,"Also, silly women letting false doctrine into the home.. And the religious leaders stirred up the conservative women against them when they preached the son of God.",True,True,keyword,0,0,0,,0,0,0
UgzXDjvpseOz8GKt7zV4AaABAg,Rollo Tomassi,"Rollo, I was rewatching Breaking Bad and I couldn’t help but notice drawing parallels between Walt & Skylar’s relationship and the red pill/manosphere. When Walk started being in tons of cash she didn’t want anything to do with it, acted disgusted then left him to fuck her boss, then gave 600k of his money to the man she was cheating with then embraces the cash eventually and then resents him still. So many parallels that cross into the red pill. You and Michael Sartain should do a video drawing comparisons.",False,True,keyword,0,0,0,,0,0,0
UgxCzhoQat7yDmqLVu14AaABAg.AX5MPMc1g-mAX5PexHu-XL,Better Bachelor,"Or flamboyant enough. They'll hire the guys they can share makeup and fashion advice with. ""OMG it's like totally a slumber party, and like, yay!""",True,False,random,0,0,0,,0,0,0
Ugzs2ftF1wmtzgyjNfd4AaABAg,Rich Cooper Clips,"I have been listening to Rich for awhile, and I realized I might be acting like a man! Independent, self -sufficient, stays fit at the gym, ego can drive my motivation, loves making and investing money (I love the miners), and I love my freedom. I don't want to marry out of fear a man will take half (can that happen?) of my net worth...and in all honesty, I would rather be the provider and work, then have kids and caretake! Although, I have been abstinent for 7 years, with a low body count... am I a hybrid incel manwoman?! We are all screwed up(or I am?!) I do appreciate what you do Rich for the men of the world. Men have it hard out there, especially here in Canada. I attest, women scare the crap out of me (interesting they have been the clients that ghost and do not pay...), and my girlfriends do confuse me at times, but I suppose I am a red flag in many of Rich's standards (no tattoos, and I love my dad though). Also, have a degree! LOL. But I work for myself and ditched the Matrix. Lots of love to the men of the world, and I know it is you that keep this world moving forward with the infostructure and innovation. Especially, the hardworking entrepreneurs in sectors like junior mining! I appreciate what you do. Lots of love to Rich and hardworking men.",False,True,,1,0,0,woman claiming victimisation of men,1,0,1
UgyVZunL3stDca2Yykl4AaABAg,Better Bachelor,"Masculinity is about boundaries, and the most important boundaries you can set are the ones for yourself.",False,True,keyword,0,0,0,too implicit to rate as 1,0,0,0
Ugy2L-n5UZrSkwnrkaR4AaABAg.9hRsT7G-el59sr5NKhCSxe,21 Studios,"@peanutbutterspoon4990Yes, cultural marxism was take over",False,True,,0,0,1,,0,0,0
Ugw7QK6fRLzcjSvdk1V4AaABAg,Better Bachelor,One of the big issues I’ve found in workplaces is that they mistake complaining and yapping all day as ‘working hard’.,False,False,random,0,0,0,,0,0,0
Ugx-4a-3YScdSGnoL8F4AaABAg,Rollo Tomassi,I am sure brett would hookup with clavicular if she wasn't married.,False,False,random,0,0,0,,0,0,0
UgzyOQ0cg9wZAqoupO94AaABAg.9mdaJmFaAzX9mgIiyMEd_E,21 Studios,"@ShamelessElegance That's fantastic actually. Whatever works, as long as 50%+ of the men stop being simps and see women for what they actually are and ditch them for being hoes.",True,True,keyword,1,1,0,,0,0,0
UgxabUWcOG834sI7ifd4AaABAg.AROB5ksr8NSARV3XjFvNDV,Rational Male Clips,"If we suppressed their speech decades ago, we wouldn't be in this predicament",False,True,,1,1,0,,1,0,0
UgwGt8Zym-UDPcYt0up4AaABAg,Entrepreneurs in Cars,"I’m worth a small fraction of what that guy is worth (also half his age) and I still got a prenup with my wife (mostly to waive alimony and because she’s a housewife). She didn’t even hesitate to sign it. There are lots of misconceptions around prenups with the 2 largest being that you can waive child support with a prenup (you can’t) and that you can put anything you want in it and have it be enforceable. The prenup HAS to be “fair” and “reasonable” in the eyes of a bystander. For example my wife was perfectly willing to sign a prenup that was objectively unfair to her and despite her being aware of what she was agreeing to and willing to sign it, a Judge would likely throw it out because they deemed it to be “unfair” so instead we gave her more benefits in the agreement to make it objectively fair. It’s extremely stupid how grown adults somehow aren’t allowed to make their own decisions here, but if you at least try to make it objectively fair you will maximize your chances of it being enforced if it ever has to be used.",False,True,keyword,0,0,0,,1,0,0
UgxkQwiLwSvIbgv2da94AaABAg,Entrepreneurs in Cars,Listen to Rich! I’m Christian and both my ex wives are Christian! When the rubber hit the road they both turned away from their marriage vows!!They both know that God hates divorce!,False,True,keyword,0,0,0,,0,0,0
Ugzj3_lGMFTbZ7asjw94AaABAg.A9i2_kVmgexA9wQr7eeAIa,Rational Male Clips,"@rudi5139 Correction, they're social creatures. We are pragmatic creatures conditioned over a lifetime into being oversocialized. It is not even slightly the same.",False,True,,0,0,0,,0,0,0
UgwQXp7_QNfv3LMC40l4AaABAg.AUqx0WRcW14AUrMCtbIvhM,Better Bachelor,"@thystaff742 ok, give me one example when banning something fixed an issue, and why you bring children in to this topic, corn is not for children, parents are responsibe for tgeyi children not daddy governament banning f everything"" because of children safety""",True,False,random,0,0,0,,0,0,0
Ugzrj4Z2iTG_1MowRj94AaABAg.AVGC92-ZBqeAVft17kHfrE,Rollo Tomassi,Not all women? How many women stayed back to fight alongside their husbands in Ukraine?!,True,True,keyword,0,0,0,,0,0,0
UgysO3Xdg27LlDH38rp4AaABAg.AUvXAE__etHAUxNJBLgQEy,Entrepreneurs in Cars,"Don't make the same mistake next time, brother. You're not the only one.",True,False,random,1,0,0,don’t make the mistake again,0,0,0
UgxrNCLd5q4j-gW_S554AaABAg,21 Studios,I made this mistake. It was a bad one. Thank God I got the kids in the divorce. I prepared for two years before I filed.,False,True,keyword,0,0,0,,0,0,0
UgzesNnF7dIW7L2oFVR4AaABAg,Rollo Tomassi,"I didnt date much before my 17 year marriage fell apart. It blindsided me. Especially since we have 2 children and I feel like I did most things right. It would be an understatement to say I was depressed. Finding your content, including books, I have found more peace and understanding.",False,True,keyword,0,0,0,,0,0,0
Ugzbz0qPfo_bmTLyMiB4AaABAg,Better Bachelor,I care about women’s issues the same amount women care about men’s issues 0.,False,True,keyword,1,0,0,,0,0,0
Ugxozjs-6scyHH67wTF4AaABAg,Rollo Tomassi,"That makes no sense. Simping would be treating a woman great while she treats you like garbage. Protecting is a sign of strength. If this hypothetical woman treats her man badly and he's still willing to risk his life for her, then he's a simp. If she's treating him right, that could be why he protects her",False,True,keyword,0,0,0,,0,0,0
Ugw3esO1bi2LQlafjX54AaABAg,Entrepreneurs in Cars,"Did the blended family thing and let me tell you-- this man is spitting TRUTH. I think that adversarial nature really is prominent whenever you have a biological daughter that you’re bringing into this dynamic. There’s something about stepmothers and stepdaughters that creates this unique type of tension. in my experience, I noticed that my daughter was being treated unfairly in comparison to her two biological daughters, my son was completely passed over from my step wife's ire for some reason. The illustration of evil stepmother and fairytales was exactly what I observed, and one of the main reasons why I decided to file for a divorce because she just could not adjust and be fair to my kids. Don’t ignore those warning signs. Don’t ignore your gut!",False,True,keyword,0,0,0,,0,0,0
UgxRSUam_VB9jXhj5zV4AaABAg,Entrepreneurs in Cars,"This reminds me of the ""rule of three"" from American Pie: men multiply and women divide.",False,True,keyword,0,0,0,,0,0,0
Ugz4RWE11VQ954X7-Wt4AaABAg,Rational Male Clips,"Excellent, as always. I recommend watching Cassie Jay ""Meeting the Enemy"" (2017), and more recently, Pearl Hanson's videos on her study of divorced men and their high rates of self-deletion. We're men. Nobody cares. --Old Guy",False,True,,0,0,0,,1,0,0
UgzgrL7JPH378XiMu1h4AaABAg.9miarRN6rbN9nh94qPuyRZ,21 Studios,Well this heavily applies to women because usually men stick to their words. But nowadays men have become feminized so they don't stick to their words,True,True,keyword,1,0,0,,0,0,0
UgxLTiWRPmp2Jtun3D14AaABAg,Better Bachelor,Why not have the PAID AI bots talk to each other.... What else is that warehouse full of AI hardware going to do,False,False,random,0,0,0,,0,0,0
UgxqhgqMz-_TjsT_uH94AaABAg.AXRI3Qzf_2fAY7KtvTfpjG,Entrepreneurs in Cars,"@InimicusSolitus I lucked out too with a single mother, hard working caring and awesome with my own kids who I have full custody over cause their biological mom hasn't been on their radar for 3 years.",True,True,keyword,0,0,0,,0,0,0
Ugwyy8YgM_eqfQ0kHjZ4AaABAg,21 Studios,This made a lot of guys who simp mad 😂 but it’s the truth!,False,True,keyword,0,0,0,,0,0,0
UgybwkyiAgI_M72KNnV4AaABAg,Rational Male Clips,"If it were actually 80/20, I might have had a chance. It's 98/2.",True,False,,0,0,0,,0,0,0
Ugy68ZiNqZTC--PpRFV4AaABAg.APd5o1FsIDtAPdUEVt6s1z,Rollo Tomassi,@AdviceandAdventuresbro you literally have s.3xuall assault allegations pressed against you. What are you talking about creepy for? You go to middle schools to try and pick up b.iches bro cmon now dawg delete your search history bro stop watching all that cheese pizza,True,True,keyword,0,0,0,,0,0,0
UgwhFasyBfXdx3S2Xwd4AaABAg.AXsZe3Na8JAAXu-5bTra75,Entrepreneurs in Cars,"Women will also start "" making rules / build walls "" for the man she thought was ALPHA , when he starts displaying beta traits . Her entire goal in relationship is to gain leverage over your emotions .",True,True,keyword,1,0,0,women scam men - unsure may be 000,0,0,0
UgxKP7FiJoVLmrl8SIV4AaABAg,Better Bachelor,"it's funny how technologies can have a paradoxical effect. the atom bomb, a weapon of mass destruction became a peacemaker. the internet and google search was supposed to advance the information age, and now it has become the dis-information age. dating apps, which are supposed to get you more dates, have completely destroyed dating.",False,True,keyword,0,0,0,,0,0,0
UgylEU2uYs3uxS4xtbt4AaABAg.AUyegtddxbZAV4FjvYmNZm,Better Bachelor,"@jamese9283I'm not doing anything until millions are deported, Israel doesn't own our politicians, and women come to the bargaining table.",True,True,keyword,0,0,1,Politicians owned by israel,0,0,0
Ugy-SVqr6-fBX9SMoSx4AaABAg.ARu4IF5hsB_AS87VoSctIY,Rollo Tomassi,"Most pick their fights; anyone can do that. Violence is always 9x out of 10 political(social dynamics), and also all about leverage. Going by today's atmosphere are going pretty well; showing life and rights do not exist and the humans are mainly deceptive and hypocrisy...evul is king, so what left for the world? Fathers matter? So what then if they get sent to war? Do they? Do they really matter? Do Men really care about other Men? What end really remains here?",True,True,keyword,1,0,0,,0,0,0
Ugx27-_1mZgy9i-lbil4AaABAg,Rollo Tomassi,"weak man create hard times is bs, ofc its weak men creating hard times, but you cant blame men who had no incentive to be strong Its like telling a slave to work harder",True,False,,1,0,0,,0,0,0
Ugx_SbSekV505unlmYZ4AaABAg,Entrepreneurs in Cars,"most truest thing said by anybody, anywhere, all year 🙌",False,False,random,0,0,0,,0,0,0
Ugztpz82DRe2Yx3FRDB4AaABAg,21 Studios,"How long before a fed up father takes up action of his own, instead of using the court system? How will this country react WHEN (not if) it happens?",False,True,keyword,1,1,0,,0,0,0
UgzVIRA8pwgZabu7qfd4AaABAg.AUBLGFqjCCCAUK_KjUlL_l,Rollo Tomassi,Claude free breakfast 🥞 lunch and another meal and school uniform through the school 🏫 system and non profits.,True,True,keyword,0,0,0,,0,0,0
Ugy82pOO2xGUGvFZ7K14AaABAg.ATwS1HKmFgQAU1YSa5jztm,Rational Male Clips,"@cpr5199 I don't disagree, I just don't think it's going to happen anytime soon, at least in America. Our system prevents it unless the majority of people want it. Look at how most of the media and the left view Trump. Not evil or even close to a real dictator but they say he is and a lot of people believe it. The birth crisis has been an issue for many decades now, it's why America is obsessed with immigration and it also masks that problem. A complete collapse of our government is the only way I see it happening, probably caused by a major natural disaster which knocks out the power grid and causes mass starvation. Maybe we end up nuking the planet, or AI and robots will take over and kill us all. It's all a guessing game at this point as to what will really happen and when, but something big has to happen first for men to forcibly take over and put women back in their place.",False,True,,1,1,1,,0,0,0
UgzxsroSHEYs1r9fz5d4AaABAg.9mfy5UP2kJ39mj8UiDhtck,21 Studios,Ask yourself this have you heard any candidate of any office use child safety in court as a platform not just schools but specific to the family court system.. nope I have none in 3 yrs of research very scary..,True,True,keyword,0,0,0,,0,0,0
UgzjklsmXjL2bpJxd094AaABAg.AWTuXXozQu-AWTzDjLCHU9,Better Bachelor,"The problem is that women who make false allegations are prosecuted, and even those convicted rarely serve any jail time.",True,True,keyword,1,0,0,women get off easily,0,0,0
UgxHBc1Fc5FtlDZymEd4AaABAg,21 Studios,I dont wanna be in charge 😂 I want a man who takes charge,False,False,random,0,0,0,,0,0,0
UgypTBwL33SPU1tJdzJ4AaABAg.AT_k9ee7sLqATbdyPS9aWg,Rollo Tomassi,"I guess they see Jesus and Apostle Paul as an example of male loneliness epidemic, while Jesus and Apostle Paul do the same self-reflection as you do.",True,True,keyword,0,0,0,,1,0,0
Ugxnlv5NKF7pMxAOQnF4AaABAg,21 Studios,"Modern women want the strength of a man, the privilege of a woman and the responsibility of a child.",False,True,keyword,0,0,0,women want it all - cant tell whether this is saying this negatively impacts men generally,0,0,0
Ugwl-XlQ2CpBo-lCbTB4AaABAg,21 Studios,Wtf are you talking about? Pearl is an angel. Why do you hate her so much?,False,False,random,0,0,0,,0,0,0
Ugxw-0hkkNLzpodSzLl4AaABAg,Rollo Tomassi,"Hey Rollo, can you make a video about the princess of Norway, Mette Marit, and her supersimp husband Haakon? It's a perfect illustration of the red pill dynamics. She has her party years and a baby with a felon. Then ""accidentally meets"" the prince and they ""fall in love"" (well ..., HE does)",False,True,keyword,0,0,0,,0,0,0
UgyTcgGA4xZKJ86Nupt4AaABAg,Rollo Tomassi,Polygamy is inevitable because of women's hypergamy. Polygamy means that some guys cannot procreate tho.,True,False,,0,0,0,,0,0,0
UgyIUr1AT6c8eholAQx4AaABAg,Entrepreneurs in Cars,Don't get overly attached. The thing nobody in this sphere seems to explain where having a family actually favors in...,False,False,random,0,0,0,implicit?,0,0,0
UgxmHOmMg-HpszhJIGB4AaABAg.9kDbIRqHNKW9kb01Tf_IzM,21 Studios,@Nobody I just never took women seriously if I had to be honest.,True,True,keyword,0,0,0,,0,0,0
UgxJ27l6GPS7r1GCbbh4AaABAg.ADVbvXAF0mbAR8M48oTAcE,Rational Male Clips,"Patriarchy for the elite, matriarchy for the poor",False,True,,0,0,0,,0,0,0
Ugz_nIT7SRhNDtmrDk14AaABAg.AXV-OOjTucAAXWeNdHGbvW,Better Bachelor,"@Ominiumshadow24haha me too, no joke many pets have a better sense of right from wrong, rational behavior, and an adherence to the laws of nature, than a lot of women hate to say it",True,True,keyword,0,0,0,general discrimination,0,0,0
UgyPh7IghTK_LTInYdF4AaABAg,Entrepreneurs in Cars,"One thing I noticed in general is some women have soulless eyes. This woman is a prime example. Men need to keep that in mind, it’s a good indicator of their inner state. Erika Kirk is another. When someone has no life or joy in their eye, it’s a bad sign. Great tip on the phone to chest with hand pointed out gesture. That’s so underrated. I would agree even in other scenarios",False,True,keyword,0,0,0,,0,0,0
UgxSCi9r3l6g52GFtSx4AaABAg,Rollo Tomassi,Mistreating a woman to them might include having sex without a relationship or being in a relationship that you are allowed to be with other women,False,True,keyword,0,0,0,,0,0,0
UgzjXixuGvk85Ihln194AaABAg.AVR2UUwLHpEAVTW86hJdsd,Entrepreneurs in Cars,Lol you think women want an old average man-- they're gross to most women. Old men need to make money otherwise he has no value and most gross old men don't make enough. Only the top 15% of men get attention a single father is not top 15% he's low value.,True,True,keyword,1,0,0,,0,0,0
Ugyt25Z0jcP0INbqtbt4AaABAg,Entrepreneurs in Cars,Does the number of men eclipse the number of fries she eats in a week?,False,True,keyword,0,0,0,,0,0,0
UgwPgJy0RXiBZoAvDL14AaABAg.AULfF1bT51mAULlgQBmqKB,Rollo Tomassi,Most people will be. A few of us can see the code in the matrix,True,True,keyword,0,0,0,,0,0,1
UgzPr0KjIv8AO6OakRp4AaABAg,Better Bachelor,"So the UK legalized abortion without any input from the fathers, but blames men for the drop in birth rates. Yep, sounds just like a standard government, 'expert and highly paid researchers' and ineptitude we've all come to know and wonder 'who the hell elects these morons?'.",False,True,keyword,1,0,0,,0,0,0
UgxrKYc1Hh0T563e-dJ4AaABAg,21 Studios,"""Why do men need to fix the problem of women?"" Because we're obviously not doing a good job of it lol",True,False,,0,0,0,,0,0,0
UgxN4nkG7U3BY7-tJh94AaABAg,21 Studios,Like the closest thing I've gotten to actually dating was with a prostitute we went to buffalo wild wings But the only reason it didn't fully workout is because of the pandemic an her things (bar) (nail salon) closed down,False,False,random,0,0,0,,0,0,0
UgzB2QiPRT1vOk2SrwZ4AaABAg,Better Bachelor,Misandry isn't real they love to say,True,False,,1,0,0,Implicit: misandry is real,1,0,0
UgwcEn-hOM9_S8D6hlp4AaABAg,Entrepreneurs in Cars,"When they say ""I don't know why I did it"", they know exactly why, they just don't want to say it",False,False,random,0,0,0,,0,0,0
Ugw7Vl5nc6WPCAyUomF4AaABAg,21 Studios,This is disgusting how men get treated because women can’t stay off their backs long enough to know who their baby daddy is,False,True,keyword,1,0,0,,0,0,0
UgyNuo9ggasqzuGrzep4AaABAg,The Free Agent Lifestyle,"The majority of people, male or female, aren’t meant to do life on their own. No system in human history has ever been set up for us to do it solo. We made different choices and now we’re finding out how bad those choices were. This is the cost of freedom.",False,True,,0,0,0,,0,0,0
UgwNmubAHWCXqx3LGR54AaABAg,Entrepreneurs in Cars,Don't choose women that you need to hold accountable. Choose one who holds herself accountable.,False,True,keyword,0,0,0,,0,0,0
UgwyDlVxxmRggKYho3t4AaABAg.APvY9ymO3aXAQ-hV8QmWA9,Rollo Tomassi,I take it back. Finished the vid. Another Banger. She is a Real One. Rollo and Guest - taking forays into Arenas of Thought - unimaginable to other Redpill Larpers. 🫡,True,True,keyword,0,0,0,,0,0,0
UgxXPM_GR7_fVJEKnCR4AaABAg,21 Studios,"Save $100 now on the Richard Grannon CPTSD Masterclass at https://21studios.com/cptsd/ Watch full speeches at 21 University, FREE app download https://21studios.com/mobile/ Learn more from Richard at https://www.richardgrannon.com",False,False,random,0,0,0,spam,0,0,0
UgzNJtxANE7hXQvSfu54AaABAg,Better Bachelor,"It’s crazy that the sex that has been protected since the dawn of Man, looked after, coddled, given free stuff and basically put on a pedestal, thinks that they are oppressed. It blows my mind how women can look at the fact that millions of men have died in war trying to protect them and their family and that somehow is freedom and women being protected and safe in a kitchen with their babies was oppression. You literally can’t be that stupid surely.",False,True,keyword,1,0,0,,1,0,0
UgwGYFRHtnsHBUJmXRx4AaABAg,Rollo Tomassi,Liberal men trying to give advice on women is so funny to me.,False,True,keyword,0,0,0,,0,0,0
UgwHktweX7XX25Ab_vR4AaABAg,Better Bachelor,We live in a SIMP world making this woman millionares.,False,True,keyword,1,0,0,,0,0,0
UgxKuGo6iXUPrOUdsE14AaABAg,Better Bachelor,"I am 75, and figured the break-down in society over 50 years ago, started when we gave women the vote. I really draw fire from most people when I say this, but it empowered them to see they could cause change, we let them go past where we can do anything about it. Come to think of it, they are out there asking for Sharia law, maybe we should give it to them!",False,True,keyword,1,1,0,,0,0,0
Ugw3ilAQ1CpindoV6X54AaABAg,Rollo Tomassi,she's instructing women to care to hear the deepest parts of men at 18 minutes in... and then imagine even if women WERE to somehow listen to men and do this with them and get them to open up... they would shortly after choose to punish the men for the vulnerable things that they elicited out of a man... and so then it ultimately ends up burdening the man for his performance anyway,False,True,keyword,1,0,0,,0,0,0
UgwAHVQEAXVL_ojjXyZ4AaABAg,21 Studios,"Minute 53:20 Fun fact Germany. Couple get arrested for getting caught while having sex outdoors. Gets in jail. Other entity is involved in child sex activities. Gets a fine and probation.. Sick world we live in. Real men end in cages. Like in the movie ""the mummy""",False,True,keyword,1,0,0,,0,0,0
Ugy98O8nRzXM0AncT614AaABAg,Better Bachelor,Brainwashing is easy when the subject is designed with low self-esteem which makes them gullible.,False,True,,0,0,0,,0,0,0
UgynA2qo0mCwAdXHqxR4AaABAg,Entrepreneurs in Cars,"Solid advice judging from experience, 49, similar situation, couldn't agree more w/ everything he said other than to avoid Tinder @ all cost, that one is a complete waste of time. Got to have abundance mindset for you to execute properly, women would sniff that out of you otherwise to your detriment.",False,True,keyword,1,0,0,,0,0,0
UgxsquZ-1qoPF6S8j6B4AaABAg,Rollo Tomassi,"I'm at an interesting stage in life and it weren't for my brother's help and learning female nature from people like Rollo and the F&F boys, I don't think I'd be surviving as well as I am. Been having to maneuver through social workers and a sexy crazy good lawyer. I'd say I've done well and that after dealing with them, all the women my age (22) seem like lost children. Its such a strange perspective",True,False,,0,0,0,surviving' implies vistimhood,0,0,0
Ugxd-3dKKE_rDEzu7c94AaABAg,Better Bachelor,Hey Hollywood here's an idea... Tell a good story and stop with the woke BS.,False,True,,0,0,0,,0,0,0
UgzoN4CgXqIrK7E7rpJ4AaABAg.AXmEV-1Jo7NAXp1M2ycVBj,The Free Agent Lifestyle,Nowadays they can say whatever they want out in the up open with no repercussions whatsoever. The globalists win again,False,True,,0,0,0,,0,0,0
UgwF7Kn-1VnpoN7CsaR4AaABAg.ARljtK1b_YdARoAER429n7,Better Bachelor,"This happens you when your country is an ECONOMIC ZONE based on money and values meant to keep the money-machine rolling instead of a NATION based on bIood-kinship where values are determined by what preserves bIood-kinship. If you want to preserve Europeans then European Americans must replace their *revolutionary American identity* with the ethnic identity determined by their ancestry. 25 000 000 Americans identify as English only in the census. Another few million each identify as *only* Scottish, Irish, Scandinavian, German. And another 45 000 000 identity as partly English. REJECT REVOLUTIONARY ECONOMIC ZONE AMERICAN IDENTITY Pick the identity that best reflects your ethnic ancestry.",False,True,,0,0,0,,0,0,0
UgzT6c44n7j-yoStUqF4AaABAg.AVMaLmv4MNyAVOG94VHCUc,Better Bachelor,Don't underestimate simp behavior. People pay for AI companions. They'll still simp,True,True,keyword,0,0,0,,0,0,0
Ugzr_k_owPCunHcK0oB4AaABAg.AX5bk33gMbkAX6iP8kJFFi,Better Bachelor,"It still bothers you and now it's going to bother me! These women usually get hired and privileged with trust and qualifications just because they are Women. They have no intention to work as a team, so they never learn that ""getting to know everyone"" in the immediate office is Essential for team dynamics. No, they are handed everything, and if there is a team effort involved, if there are social skills they are unaware of and are yet in need of learning, their own motives and instincts to exploit and destroy the company's foundations can choose to see this optional new skill as a threat to their station, and bypass the struggle of dealing with this challenge by instead choosing to take offense to it, ruining lives by causing a mass panic that was never there.",True,True,keyword,1,0,0,,0,0,0
UgwkemMv5movvLJ_bHJ4AaABAg,Rollo Tomassi,"It's 10ft unc, not 12ft. 10ft is the regulation height for basketball rims",False,False,random,0,0,0,,0,0,0
UgxsfZ4NNvai3uB3Cbp4AaABAg.AVih2yekeNvAVinInp9sRE,Better Bachelor,"Not true! Some women chose to stay on the ship with their husbands and other male relatives, even though they were offered places on lifeboats. And by the way, it was mostly women in first class who were spared; many women in steerage and women employed on the ship were left to die. As were some lower-class children.",True,True,keyword,0,0,0,,0,0,0
UgwUWH6rTLCcTcavJvt4AaABAg,21 Studios,"black pill means women care mostly about looks right? well considering most people meet online these days, all they can go by is how you look in pictures so i would say black pill in 2023 is reality",False,True,keyword,0,0,0,,0,0,0
UgxROJmFYhCHwT4InnB4AaABAg,Rollo Tomassi,The double negative is hard to understand... So men should be or shouldn't be monogamous?,False,True,keyword,0,0,0,,0,0,0
UgzDCWIriAW6BEU9zZF4AaABAg,Entrepreneurs in Cars,"Wow she sounds like a real catch. This is what single men have to deal with, or not to deal with. Save yourself the problems just stay single. The juice is not worth the squeeze.",False,True,keyword,1,1,0,"""save yourself and stay single"" - 1B",1,1,0
UgxOf38SjU52u5kpCod4AaABAg.AUsRAtrLfJUAUswWOFMR2t,Better Bachelor,He advised underage men to use meth to sculpt their face. He has a drug problem,True,True,keyword,0,0,0,,0,0,0
UgwRFSR2Yw4xYvkFvv94AaABAg.9k9v6Mm1vR29kBdH4aBGzf,21 Studios,"Also, just try to go out and be a strong, assertive white male in today's workplace (woke corporations, government/military, etc.). You can get cancelled, fired and falsely called a racist/mysogynist in a heartbeat. Take one stand against LGBT+ mania or ridiculous training that says you have mythical privilege and have ""unconcious bias"" (though no one else supposedly does) and see how long you make it. What you say to do is much easier said than done. And many women went right along and supported/built the clown world we're in.",True,True,keyword,1,0,0,,1,1,0
UgyOu3iWTc6d4qafvXN4AaABAg,21 Studios,"Imagine thinking that helping with housework is unfair to you because you deign to spend time with them. Boss, spending time with your wife is what you're meant to *enjoy* doing. If you don't like spending time with, talking to, sharing your hobbies, sharing their hobbies, listening to them, having them listen to you... They're not the person for you in the first place. If ""giving"" them time, attention, and energy is a detriment to your life please I beg you leave that relationship it's killing both of you. If the mere existence of your partner in your life isn't beneficial to you, walk away. You're not attracted to them as a person. Could be them, could be you, it's irrelevant. You don't like them in the way you'd need to sustain a relationship. Being with each other should add energy, attention should be freely shared, time together is an investment. This mindset is so backwards and harmful to you and anyone you might date its hard to understate it.",True,True,,0,0,0,,0,0,0
UgxRcRzmPU5-iYxLQ_l4AaABAg,Entrepreneurs in Cars,"Just don't have kids, as they are an expensive headache, and don't get married to a walking liability. If he still doesn't get it, have him set aside $50,000 for a divorce lawyer. Once you marry, your rights as a father are 100% controlled by her and the state and half of your assets are up for grab. That should wake him up. Worked for my kids. Done. Next.",True,False,,1,1,0,"don’t have kids, don’t marry, you lose your rights as a man",1,0,0
UgyzzSDaiaeYWC4mKel4AaABAg,Entrepreneurs in Cars,"The guy in his question said ""I feel"". Women feel, guys think.",False,True,keyword,0,0,0,,0,0,0
UgwzK1GDOlrUjCQwoxt4AaABAg,Better Bachelor,"The media knows EXACTLY what they're doing using words like misogynist, racist, incel, white.... they KNOW they've subverted the language and they KNOW the socio-political agenda they pursue in corrupting language. They know.",False,True,keyword,1,0,1,,0,0,1
Ugwt0c3FvyS7-bfe1lZ4AaABAg.9nBzFx91J4H9nQ6NPUb5Ld,21 Studios,"@annemurphy9339 I appreciate it, and you as well; I’ll reiterate none of my comments were out of hatred or any sort of demonic apathy for women as a whole. Feminisim lied to women saying wanton promiscuity was something to be celebrated; this “Trad” movement parallels the polygamist movement, and is just another lie insinuating the only men worth marrying are rich and successful… even if it means becoming a concubine. What women aren’t being told is these top% men are being fed a narrative to use women, don’t marry, and retire overseas. Believe what you’d like, but history isn’t what we’ve been taught, or what’s been pushed today. There’s something beautiful about 2 people in Love working together to build something from nothing; it’s unfortunate so many believe something that’s free is somehow “unaffordable”.✌️",True,True,keyword,0,0,0,borderline 2,1,1,0
UgwywFamt53KfkS9rGR4AaABAg,Entrepreneurs in Cars,All trips are not equal. Going to Miami to “have fun” is not equivalent to going camping or fishing. Men plan group activities while women plan group meetups that usually involve meeting strangers.,False,True,keyword,1,0,0,,0,0,0
UgyxO84YHnrzIOdmjxd4AaABAg,Entrepreneurs in Cars,"I would be triple pissed. First, she deliberately rooted through my personal things. Second, brought it to me in a selfish manor. Third, realizing all the time spent and the future, suddenly evaporated. Thanks for wasting my time.",False,True,,0,0,0,,0,0,0
UgyHVe_eru9MhFWfdPp4AaABAg,21 Studios,Bring back etiquette school for women tomorrow legally required for all women,False,True,keyword,1,1,0,,0,0,0
UgzHIlCiRjWaDL7zXSh4AaABAg,Better Bachelor,Holy shit. And there's really men that are still considering marriage? Bring. Back. Shame.,False,True,keyword,1,0,0,,0,0,0
UgyAMLqtVxXH10EdIfZ4AaABAg,Rollo Tomassi,And this is why Rollo is the R&D Department of the Red Pill.,True,False,,0,0,0,,0,0,0
UgwI9vj1jKPeVseuhmh4AaABAg,21 Studios,"I lost my home, the opportunity to be a full time live in father to my children, my job that I worked years to get to the level I was at, all because my ex-wife wanted to fk her coworker. She lied and went to the court and said she wants me out of the house because we're arguing in front of the children. Arguing about HER BEHAVIOR! And the Delaware court system granted her an order of protection and kicked me out of my home. Police knocked on my door and made me leave my home in front of my e 4 year old son and 7 year old daughter, all so she could fk someone else. The guy she was fking was engaged to marry in a month or two. He kicked her to the curb within a month. These w0men out here are scandalous. I see women now cheating on their men. They try to hook up with me, while married or in long term relationships. I'm gonna die alone caus I could never trust any of them at this point.",False,True,keyword,1,0,0,,0,0,0
UgwK3KU2W_kPwD_-N0F4AaABAg.9lgvhC-0ccD9pE8aOfUEFo,21 Studios,Fnf are trashing us 90% men they’re FAKE got no respect for themselves,True,True,keyword,1,0,0,,1,0,0
UgyLOehoykNFsRnyY194AaABAg,Rollo Tomassi,"It's not alpha, it's Chad. Stop coping Tom Leykiss 2.0 😂😂😂",False,True,keyword,0,0,0,,0,0,0
UgzyVtwFq0g5wJDK3FV4AaABAg,Entrepreneurs in Cars,"You are so right, you are speaking FACTS. Men, find that woman that is more in love with you than you are about her. I am married to this type of woman, today I am winning.",False,True,keyword,0,0,0,,0,0,0
UgxfdFXzPd3eDoW-avR4AaABAg.AXg3cWw3LD6AXg4TUqsaur,Entrepreneurs in Cars,"She feels unsafe because she won't get what she wants, which is his money 🤫",True,False,random,1,0,0,,0,0,0
UgwnHykDpZJfkafJl8B4AaABAg.AV_6YE0egleAV_z9C5pecR,Better Bachelor,"However, technically a lot of married men with kids are indeed incels. Once the woman gets the access to the money and gets the kids she wants, she turns off the bedroom. I was an incel for 6 years at least as a married man with kids. But I get your point.",True,True,keyword,1,0,0,,0,0,0
UgyqbqciGkCd3gGjn6p4AaABAg.ALLbFM0G3IuALNhftyLuzW,Rich Cooper Clips,"​@Jimminityjabooboo It comes down to what boundaries one is trying to establish. If you're trying to enforce boundaries such as your woman not going out and drinking without you, her throwing as sissy fit in response suggests that you don't satisfy her hypergamous doubt, and she's unhappy that you're attempting to limit her ability to look for better options. The more a woman sees you as her best option, the less resistance she'll express to you establishing boundaries.",True,False,,0,0,0,,0,0,0
UgxgJLVY8Ff7M5cWAW54AaABAg.AW5T4l0aJpIAW5zR-n_KxX,Better Bachelor,​@CidSilverWingI'm fine with them marrying the state. Don't make me pay for it though.,True,False,random,1,0,0,,0,0,0
UgzZ-qlFLfVJuOCkUPZ4AaABAg,Entrepreneurs in Cars,"The contents on this video is amazing. 25-12-2025. I had the worst Christmas holidays imaginable, the love of my life left me. my backbone, joy and my better half and the mother of my two beautiful kids. We have been separated since then, now she wants a divorce, my whole world is crumbling right before my very eyes. What hurts the most is the fact that i was the cause, i was drowned with work and sometimes we did not communicate for months. I am a marine engineer, so it was difficult to stay in touch when I was absent, at first she could take it but later it kept creating a void. If you are reading this, never neglect your partner. I haven't been the same since then. I will do everything to get her back",False,True,keyword,0,0,0,,0,0,0
UgyM_oltU6FDCyoTK5l4AaABAg.AWAITOmcYRMAWAMlE2PXT1,Better Bachelor,"@ProBoltForever456 Yes. This is why he rarely addresses men's issues, and when he does he sounds so out of touch. He's a veteran of the internet flame wars, and is well aware of what's currently happening to Jeremy Hambly, who he is definitely familiar with.",True,True,keyword,0,0,0,,0,0,0
Ugyjj_-CszNGJkb-Bzp4AaABAg.AUkQ5BLUCTSAUkZ1lR7AMT,Entrepreneurs in Cars,Omg she said what I have always known. Its insane hearing a women try explain her shit. Those idiots so many men dont wanna know the truth. This is 100% Keep up the good work mate,True,True,keyword,0,0,0,,0,0,0
UgziduVDxvTlXAbsdtR4AaABAg,21 Studios,"In a society which has a constant stench of how men are not good enough and men need to do better and this is just accepted, it's really intriguing to see the reaction from society and so many women, when some one says women can do better also.",False,True,keyword,1,0,0,,0,0,0
UgwMqV2upxfgmZptE6N4AaABAg.9kA5ZYPcFv_9mTCtxfi1lA,21 Studios,"Yep! And the problem isn't necessarily a mom vs dad issue, it's the system. Families need something other than this broke-ass INDUSTRY! Families need something which cares about all family members' emotional and mental wellbeing. It's a societal issue. It's a humanitarian issue.",True,True,keyword,0,0,0,,0,0,0
Ugyc7Dcj2arqpWtIFBR4AaABAg,Rollo Tomassi,"Right-wing voters and manosphere fans repeatedly claim that feminists advise women to freeze their eggs. But they also claim that feminists advise women not to have children. This is contradictory: Eggs are only frozen if you want to have children. Some women want children but haven't found the right partner yet. While they criticize this, saying that women are simply picky and should have children earlier, they use the opportunity to blame single mothers for all of society's problems and claim they should have chosen better. These people couldn't formulate two sentences without contradicting themselves.",False,True,keyword,0,0,0,,0,0,0
UgznjYhdp9nDtBOHzOR4AaABAg.AVHSPEfYPHxAVHUEhWs87N,Better Bachelor,And there it is. They DON'T care. All men need to ram this into their blue-pilled brains. She does not care about you. She cares about what you can do for her.,True,False,,1,1,0,men need to learn women do not care,0,0,0
UgzKUODJb2OlruRMrlt4AaABAg.AZMPYQhpXYbAZOygytCwZx,Rational Male Clips,@davidc7269 We need to go back to these ways and will be forced to for the better …,True,False,,0,0,0,,1,0,0
Ugzj9h2AVSAuj_LZVrt4AaABAg.9pNiIHrEFre9pOOWBbND1r,21 Studios,"@KD400_ Verily, it has been said that ""Ye shall know them by their fruits."" As such, it behooves us to examine the fruit borne by modern women in our current age. It is lamentable to observe that many women, in their pursuit of worldly success and fulfillment, have forsaken their God-given roles as helpers and mothers. In our society, the exaltation of individualism and the elevation of career achievement above all else have caused many women to shun the blessed calling of nurturing and guiding the next generation. Rather than embracing the profound privilege of bringing forth new life and raising children in the ways of the Lord, many modern women have chosen to prioritize their own desires and ambitions above the needs of their families. The societal norms that encourage women to pursue careers and financial independence have created an environment that glorifies self-gratification while devaluing the foundational role of motherhood. However, let us not forget that it is not our place to judge, but rather to pray for those who have lost sight of their calling as helpers and mothers. Let us humbly beseech the Almighty to grant them the wisdom and discernment to recognize the beauty and importance of fulfilling their God-given roles. For it is only in fulfilling these roles that women can truly bear good fruit and fulfill the divine plan for their lives.",True,True,keyword,0,0,0,,0,0,0
UgzN825XQWAdbmplQh94AaABAg,Entrepreneurs in Cars,"I was attacked late at night at work by my project manager. She got away with it unfortunately. No one believed me. The verbal abuse afterwards was terrible. I left six months after and found a better job. My first experience of DV was 20 years ago when I woke up in bed one night with my then girlfriend looking down at me with a kitchen knife in one hand. I pretended all was ok, and managed to defuse the situation. I didn’t sleep that night. The next morning I said I had to start work early. I stopped all communication after that.",False,True,keyword,0,0,0,code 0 given no generalisation,0,0,0
UgxfzXJQ2WrjNWVc1cp4AaABAg,21 Studios,Wow I have never been on this side of the internet before… kinda weird over here. But interestingly the things they’re saying about Pearl… it perfectly describes exactly how men react to the likes of Andrew Tate. What’s the difference just because their genitals are different?,False,True,keyword,0,0,0,,0,0,0
UgyDSBH9mlWFh-6n6xZ4AaABAg,21 Studios,The more money the Government can get the man to issue out then the less the Government has to issue out to that single mommy! Cooooorrrruuuppptiooonnnnn,False,True,keyword,1,0,1,,0,0,0
UgyfxLG-Vz7oSqNUKDB4AaABAg.APeYP-EUlhPAPenB2t-zUu,Better Bachelor,"@daviedood2503 I grew to completely idolizing the devil and villains in media in general. The only men with a proper set now a days to enforce their will, while all the masculine heros of yesterday are looked at as soyboys who don't actually in act change. Most of the hero storys were propaganda to condition men against themselves.",False,True,,1,0,1,,0,0,0
UgyXU_okQvO0rjJZir54AaABAg.AY96ExuGMk9AY9KhXn7bJW,Rational Male Clips,Not if the powers that be are content with the birth rate being even lower.,False,True,,0,0,1,,0,0,1
UgygLMr0tA4NlwruVgB4AaABAg.AUCJoXI7EohAUEeBKXHmzU,Rollo Tomassi,"Men used to be, but then women showed the world who they really are.",True,True,keyword,0,0,0,,1,0,0
UgwO009QN-cqx1o-deN4AaABAg,Rational Male Clips,TFM and Sandman help to educate me to the red pill along with my own personal experiences.,True,False,,0,0,0,,0,0,0
UgxiD5G8ro_QYaCoRlJ4AaABAg.AUy34znzF53AUyBHkRpuDN,Better Bachelor,"No no. Don't ""don't sacrifice for nothing"". No negotiation. Even if, than that's a BIG if, you still want to engage with women and society, your position better be ""I will sacrifice for and protect MY property. Want my protection? Become my property!"" Again: No negotiation: It's either EVERYTHING, or f-ck off. Because you can remain disinterested longer than their food, clothing, and shelter will last...",True,True,keyword,1,1,0,,0,0,0
Ugzu4Day56wgGW4P51Z4AaABAg,Entrepreneurs in Cars,"I think the dream of any man is to have a woman with undying loyalty. This just doesn’t exist especially when we live in a consumer transactional environment. Hoeflation is alive and well. The funny thing is they say all these lies up front but if you stick around and listen, the truth will leak out over time.",False,False,random,1,0,0,,0,0,0
UgwQUazA2ZshIZHMK2V4AaABAg,Entrepreneurs in Cars,"Women shop for guys like cars and after they have driven a bunch of different cars, they decided that they want the keyless entry, the power windows, the heated seats, the sunroof, etc. And once the list gets very large it is hard to find a car with all of the options unless it is custom ordered. Custom ordering people traits is not possible.",False,True,keyword,1,0,0,,0,0,0
UgzjpKpp1XgzIkcQzg14AaABAg,Rollo Tomassi,"Oh it is so good! I resented that day Akash tried to humiliate myron. But, I guess karma is a bitch",False,False,random,0,0,0,,0,0,0
UgyJML4N_UCYQjYtriF4AaABAg.AR2SsVANHBNAR2Xng_Luke,Rollo Tomassi,That’s the whole point: you’re becoming the best version of yourself for you. You establish yourself as an initial point of origin…and do not use women as a reference-point at all.,True,True,keyword,0,0,0,,0,0,0
UgzP50lpJm9xb_gxCmp4AaABAg,Rollo Tomassi,How does this guy still have a platform? Dude’s entire life got destroyed by destiny,False,True,keyword,0,0,0,,0,0,0
UgxV5avPIm8HZMp0EJp4AaABAg,Entrepreneurs in Cars,"If they don’t want to sign a prenup it’s because they’re planning on leaving you and robbing you blind. I remember hearing years back that Michael Strahan (football player/tv host)presented a fiancé with a prenup that would give her $1mil if they divorced. She immediately called off the relationship. Excellent way to expose a gold digger, and he saved himself a lifetime of hurt with a woman that only wanted him for his wallet.",False,False,random,1,0,0,,0,0,0
UgzHBZut-5IqfsK_Oqx4AaABAg.AWf3laHENPIAXE97rzKOl5,Rollo Tomassi,"Aaannnd... Here's the entire 4 hours summarized in one paragraph: ""The manosphere must evolve beyond its early 2000s PUA/red-pill awakening phase of basic hypergamy awareness, complaints, short-term tactics, and online outrage into a mature, pragmatic 21st-century stage focused on deep, evidence-based self-mastery. Men need to internalize intersexual dynamics as immutable truths, prioritize becoming high-value ""prizes"" through frame control, long-term performance (fitness, money, game, dread/preselection), realistic expectations, and building better personal lives or parallel structures—rejecting both blue-pill idealism, incel defeatism, sigma delusions, and endless victimhood—while applying these truths for sustainable success rather than perpetual reaction or consumption.""",True,True,keyword,0,0,0,,0,0,0
UgxV-a8gVWdJTMHW2HN4AaABAg,Rich Cooper Clips,Well from what rich is describing here. Canada seem to be real close to America as far as the liberalism goes. So there's actually no difference between Canada and America in that aspect. The liberalism can tear down a nation and hurt it more than people realize. A lot of people think that's the way to go because it's the new fashionable thing and that's how they advertise it. If you are conservative you are evil and you are a bad person in a liberal person's eyes. Because you're against everything that they want to be. But if you are a conservative you should not weaken or try to change your ways to be a liberal. Because I can tell you this that the Liberals are not changing to become a conservative no matter how hard you try to go against their ways. The only thing they're going to do is just fight back. But everyone has a choice on which standards they want to follow.,True,True,,0,0,0,,1,1,0
UgzYl7OGPrJBgZWL6ad4AaABAg.AWTvhgIJ2OMAWUCgPwkvm0,Better Bachelor,"@K_Castillo777 I had a female colleague who made a feisty comment. I abandoned ship directly and avoid her now like a plague. Wasn't anything 'exual that I even said, but she apparently doesn't just like me as a person",True,True,keyword,0,0,0,,0,0,0
UgwskyLvnwSy8WuWk0l4AaABAg,Rollo Tomassi,"Simping is an uneven exchange of values? This is really interesting. I think the definition isn’t as bad if you think about it Rollo. Because the only way for us men to live is through women, so it would make since for us to be programmed to protect the only thing than can help us keep on spreading our genes. Maybe that is natures way to be even 🤔",False,True,keyword,0,0,0,,0,0,0
UgwNm22IGwk8o-Vzx_x4AaABAg.AVBvgP2kd3lAVC9dhcjV5n,Better Bachelor,@voodoopup4376we are moving in a time where time is becoming so precious its causing major paradigm shift changing on a dime. Welcome to the new world.,True,False,random,0,0,0,,0,0,0
UgxF9dYOPpgZnla3UJd4AaABAg.AUsUdgBL4FVAUsc6uUo1d6,Better Bachelor,"@sidecharacter7165 Mature men are AVOIDING woke TOXIC women should be the Headline,....Well Done Men!!!",True,True,keyword,1,1,0,,0,0,0
UgyOTSWpEEEnfHfZq294AaABAg,Better Bachelor,"my aunt is a nurse and she has dealt with tons of women like these. she told me a story about how one of the rookie nurses intentionally ignored an emergency alarm tripped from a patients room because the nurse was too lazy to get up. stories about women not delivering meds. not tending to patients, not doing their job. some intentionally.",False,True,,0,0,0,,0,0,0
UgyYTdipUOShogOjHch4AaABAg.AHgbikm2jiSAHhhsfemw3d,Rational Male Clips,"To save society, women will have to be denied rights, otherwise they will destroy society faster than men can build and sustain one. We are not equal. The Muslim men were right.",False,True,,1,1,0,,0,0,0
UgwHLHZXne-PXDfnukV4AaABAg,Better Bachelor,"Interesting to note that the study says that this applies to real life dating as well as online dating. A lot of advice nowadays tell men to ""touch grass"" and approach women offline. Yet this study confirms that nature does not change when you go offline.",False,True,keyword,0,0,0,,0,0,0
UgxEjOz7x-RKVK-D8b94AaABAg.AWeZH4-KfvaAWf1MHLSttR,Better Bachelor,"If there's any solace to be gained from any of this, it's still a massive S-Show, these women are quite neatly removing themselves from the gene pool, sadly, along with most men. Think about that.",True,True,keyword,0,0,0,,0,0,0
Ugz9b7sEbfVLe1czKqp4AaABAg.AVTo3xfUi9qAVVQz254Es1,Better Bachelor,"With Matt Lauer they were 10 to 20 years prior, with Cosby they were 30+ years old.",True,False,random,0,0,0,,0,0,0
UgyZGCmJ9SaIorQUfSx4AaABAg.AVvL6Ba404BAVvkG8909T4,Better Bachelor,"How about when a few office women come to the job site, riding in a golf cart w a hard hat on. Grab a shovel for a picture so they can say ""we did it!"".",True,True,keyword,1,0,0,"Implies men do the actual labour while women swan in for a photo op and claim the credit (""we did it!"").",0,0,0
UgzlAIKPlbIKSwvQulh4AaABAg,21 Studios,"Thank God, A women with common sense. Wheres the women , makin men better. That wud be a kicker.",False,True,keyword,0,0,0,,0,0,0
Ugy-Eb1uhI5JK6oIHD14AaABAg,21 Studios,"Preach. Guys couldnt stop simping if their life depended on it and ""rp"" women lure them in by telling them what they want to hear.",False,True,keyword,1,0,0,,0,0,0
Ugw8lzsPInPMLDbWzNB4AaABAg,Rollo Tomassi,That's not a marriage. It's not a marriage until you consummate.,False,True,keyword,0,0,0,,0,0,0
UgzZy6ymnYyQ88vvcql4AaABAg.APA55zfFzbKAPASFaToZ1U,Better Bachelor,"Yup. it's time to remind these imbeciles, that they are ALL hopelessly dependent on working men to stay alive. So all working men have to do is leave, and this ENTIRE system will collapse. Since at the end of the day, money can't be eaten, ONLY plumbers keep EVERYONE from drowning in their own shit, ONLY electricians keep the power in the outlet, ONLY sanitation workers keep the streets from growing mountains of trash, and ONLY farmers make food...",True,False,,1,1,0,,1,0,0
UgzNJtxANE7hXQvSfu54AaABAg.AVof_yZmQJdAVpG_EcZx6S,Better Bachelor,"To be fair, if you coddle a man, he will also act like a child, someone need hardship to develop morals ( good and/or bad ones). Women wanted the choice to do what they wanted with their life but did not want the consequence of those choices...too bad , those are coming, will see when will Rome fall, I might not see that, I m almost at retirement, if it s still a thing in a few years. I m pretty sure humanity will survive, probably not be what we have now.",True,True,keyword,0,0,0,,0,0,0
UgyfdyXtJTsye6lVAyZ4AaABAg.9miectEFbK99n7HDM7uBlL,21 Studios,How about women stop allowing men to have sex with them before marriage.,True,True,keyword,0,0,0,,0,0,0
Ugx1wCYsH2YNkbJ_0Yx4AaABAg.A85Tco8O0HsA85arRjG6Jo,Rational Male Clips,@kurts4867He speaks like that on purpose because of something one of his followers said when he read their viewer mail in a previous video.,False,True,,0,0,0,,0,0,0
UgwnC-WuEcma-p8wQvN4AaABAg,21 Studios,They think you can destroy the family without destroying humanity?,False,True,,0,0,0,,0,0,0
UgwHmye7xRcVlw3zHEF4AaABAg.AO6lAhaztvTAOBROoKP3Ru,Rollo Tomassi,"@radaawdaw Agreed. What ive come to understand is men really only fall into two groups. Scum/invisible and Prey/target. If you arent in the 10% you are not worth spitting on. If you _are_ in the 10% congratulations you now have every professional female assassin, shapeshifer, mercenary, psychopath gunning for your balls/bank account. Ya, you have nearly unlimited access to top shelf kitty, but 99% of it is laced with cyanide. As a great man once said. Mo money, mo problems.",True,True,keyword,1,0,0,,1,0,0
Ugy6cKbKarfBuMKYe0x4AaABAg.AWHLtYbBvClAWHTfgp8mnW,Better Bachelor,"​​@jorgebarriosmur the SPLC is the Southern Poverty Law Center, which was a left-wing NGO (non-government organization) who took it upon themselves to investigate, expose, and spread awareness of far-right hate groups in America. Ironically, they were recently outed for COVERTLY FUNDING those hate groups in order to generate greater animosity from the public towards conservatives, as well as to make the fringe far-right demographic appear to be larger than it truly is.",True,True,keyword,0,0,1,,0,0,1
Ugwi2NioLrv0tlLx3jl4AaABAg,Rollo Tomassi,"Here it is again at 1:35:00 that is never covered in Australia either. Watch many vids on the 'Net and it's the same again and again and again when women reference men it's generically when they actually mean the top 5 percent. As Capt. Mike Sartain says, they don't even see the rest, let alone be with them.",False,True,keyword,1,0,0,,0,0,0
Ugz4K51kke5-ncdbI8l4AaABAg.AYEsaX3m_n3AYGFNIF6N8p,Entrepreneurs in Cars,"A better title is ""why smart women don't marry men like rich cooper"".",True,True,keyword,0,0,0,,0,0,0
UgxsRLDFv6YlyQ0JRTp4AaABAg,21 Studios,Then brothers need to stop leaving their women after they knock them up.,False,True,keyword,0,0,0,,0,0,0
Ugwu6YcIqWMwr5kaMEB4AaABAg.AUiGXj1VmYIAUiGb9x0BCU,Better Bachelor,Never forget who created anti-Whitism in academia and the media,False,True,,0,0,1,,0,0,0
UgzbZ74dcGkmfSVmXIB4AaABAg.9kxW-g5_pWL9l1qGSHpwvh,21 Studios,"@Alpha Homo why are you so bitter? Why do you feel you need to attack anyone who doesn’t strictly adhere to the way you think a man should live? And if you don’t think Jordan Peterson’s influence is among young men is great, you haven’t been paying attention. If the millions of books sold, sold out conferences, and a large listening audience to this day isn’t evidence enough for you, I don’t know what is.",True,True,keyword,0,0,0,,1,0,0
Ugy8KCw0C3lLPQ9uuL94AaABAg.9mapI9VIsHr9mbB7Ez0gYd,21 Studios,"@21s Actually, I read The Rational Male and scored IQ 140 on MENSA testing. Tnx for proving my point.",True,True,keyword,0,0,0,,0,0,0
UgyxJROoS54LVkpC2Ol4AaABAg,21 Studios,"The Bible clearly says that women should not speak in the church. It also says that women are not qualified to be a pastor, but we have women pastors in all these churches. That’s the problem.",False,True,keyword,0,0,0,,0,0,0
UgzT4UrC5ezsGMckP8V4AaABAg.ANma1BPkVrHARUJWn_CbpC,Rollo Tomassi,@andremotivation6561these women generally vote left so eventually the mooslums will enact sharia law and they won’t like what they do to hookers.,True,True,keyword,0,0,0,,0,0,0
Ugy199Tv4fK8aSdTJ7R4AaABAg.AZPX_WrUSJ2AZhi4EDvGsr,Better Bachelor,"yes but if you're a feminist you're always the victim, no matter how illegal the stuff you're doing are.",True,False,,0,0,0,,0,0,0
UgxnhuRxCqDccinrUH54AaABAg.ATiAl6--aCEATjwltgtzIS,Rollo Tomassi,"​@RolloTomassiJake Munro's customs story isn't evidence of ideology based targeting. Customs don't screen for feminist or manosphere beliefs. There's no public record of that anywhere. At most, his experience was a routine secondary check. You also say this happens a lot right? How many documented cases have you personally seen where someone was detained by customs because of their ideology, and can you name them?",True,True,keyword,0,0,0,,0,0,0
UgxsEhagVmKkg0vwRRR4AaABAg.AWAIXz8z_LXAWAKkQWpoKO,Better Bachelor,"she was telling her truth. remember when a woman talks she is telling her truth, and when a woman is telling her truth everything is a lie",True,False,random,1,0,0,,0,0,0
UgxbSUOXyCGtpTbLOzJ4AaABAg,Rollo Tomassi,"I've got all of Rollo's books. I've only read 1 (OG), 3 (positive masculinity), and 6 (reginte). 6 was awesome and I'm going through it one more time. The guy who reads Reginte, is the best of all the audiobooks. Him redo all the others please",False,True,keyword,0,0,0,,0,0,0
UgyEvRXgTLux0j8e1vp4AaABAg.ASQjrbF5OsuASUBSewYwwJ,Rollo Tomassi,"@SaberWolf94 are you slow?? You'll get annoyed and ""superior"" too when you been doing something for over 30 years and your work don't get recognized unless someone else is using your information in a bad light on purpose...",True,False,random,1,0,0,,0,0,0
UgzPmtsz6_9i32w1ehF4AaABAg,21 Studios,Getting back at a man with an innocent child is the most stupid thing a woman could ever do. In her mind she's hurting the man but the child is the actual victim.,False,True,keyword,0,0,0,,0,0,0
UgyFd41XHTHb0u82cgR4AaABAg,Rollo Tomassi,I would hire him to negotiate a divorce. But I have never viewed his opinions as red pill. At large. . Living up to an ideal of masculinity is not rp. Treating woman like they are your sister (or close family.) not rp. Actually a great way to get friendzoned and cheated on. . Once he said that a man should give his wife compliments. Little acts of love. That once those go the relationship withers… Not rp. . A man must be the center of his own world. If not he will get s h it on. . No pedestalizing women. No living up to masculine ideals…. ..,False,True,keyword,1,1,0,,0,0,0
Ugyirn05zIAYPwqEgVF4AaABAg,Entrepreneurs in Cars,"Imagine being obsessed with women who don't want you, so all you do all day is talk about how their facing ""impending DOOM"", that never happens",False,True,keyword,0,0,0,,0,0,0
UgyhiZbYO1K5lu7lUyx4AaABAg,Rollo Tomassi,"Rollo, just going to throw the suggestion out here. You should try and get on Asmongold's AllCraft podcast sometime. Asmon understands RedPill concepts really well, and it could be good for you to get past the gatekeepers that are trying to keep you suppressed.",False,True,keyword,1,0,1,,0,0,1
UgwHBogMVjHvQir3f454AaABAg,Rational Male Clips,"0:40 my Guess is: ""Men need to do better"". Now ill continue playing and see if i was right",True,False,,0,0,0,,0,0,0
UgwZjKrCTQ1Hs8HbOgh4AaABAg.AXH51hJBxrsAXJ4ibUtTJo,Entrepreneurs in Cars,"Also, how many men have been in the picture before you? Kids keep track of that.",True,True,keyword,0,0,0,,0,0,0
Ugznn1cehitRJoFmBlV4AaABAg.9gtSIqfWHdA9gzNWkyyzqD,21 Studios,"Half of judges, lawyers, police officers, and even doctors are freemasons pushing an agenda",False,True,,0,0,1,,0,0,0
UgzMhiQG8r6S-rUgEFh4AaABAg,Rational Male Clips,"The red pill just means the truth. It's a reference to the Matrix red pill. We need to see the truth for what it is when it comes to women and attracting and maintaining relationships with women, however painful it might be.",True,True,,0,0,0,,0,0,1
UgyM52HwxfhrIig2dTB4AaABAg.AY76djmGcwrAY7JFRMN_y0,Entrepreneurs in Cars,@simshengvue5799 with some of the toys they’ve got for men the AI women are quickly going to replace real women. And it won’t nag,True,True,keyword,0,0,0,,0,0,0
Ugz1-wqJMZlw7huVcbl4AaABAg,Better Bachelor,Feminism and the left have denigrated the family and having children for decades. Who’s the villain here? It’s not the men.,False,True,keyword,1,0,0,,0,0,0
UgxebOIiS66b9eKOGDB4AaABAg.AVBywD9Wk2_AVC6TDMrsQ5,Better Bachelor,Agree but I'll add that even women who need a man to provide for them aren't traditional anyway. They'll want men to provide but want freedom and autonomy and want to have a say in everything. There's absolutely no traditional woman now,True,True,keyword,1,0,0,"Men expected to provide and women still expect to have freedom, autonomy and a say alongside that ",0,0,0
UgzFkeAWDceL7TEng3x4AaABAg,Entrepreneurs in Cars,It's just a case of men thinking that looks are as important to women as they are to men. Projection.,False,True,keyword,0,0,0,,0,0,0
Ugx6OLRCqtytrhV-C_N4AaABAg,21 Studios,Thank God for women like her who still proudly exist and contribute to the community instead of being a headache to the community. She gets what most women don't and she's smart.,False,True,keyword,0,0,0,general misogyny,0,0,0
UgxufKtL88zBP5jf8u94AaABAg.AVseNIcm81wAVuRhUakBxN,Better Bachelor,The plan is laid out in the bible. Or more like where they are trying to get to. And you can see the pieces being moved to accomplish it.,False,True,,0,0,0,,0,0,0
UgzKo129Xkc_wJOCCzJ4AaABAg,Better Bachelor,"""Adam and eve"" told us: Women will destroy their own paradise if someone tells them to do it, like the snake in eden.",False,True,keyword,0,0,0,,0,0,0
Ugxzu_O5K40YKGihWlN4AaABAg,Rollo Tomassi,"The red pill has gotten too ""trendy""...too many grifters, too many people (both men and women) want to sell men stuff to make profit off of their misery. I respect folks wanting to do business but all this thousand dollars courses, books, bikini contest etc...is too much. Bringing too many women into this space has ruined it as well. Some of these dudes don't rock the boat enough to make actually progress in these conversations because they don't want to ""offend"" the other way of their audience.",False,True,keyword,0,0,0,,1,0,0
UgzgkbBFgZPh72HvDYh4AaABAg,Entrepreneurs in Cars,"If your ever with a Marriage Therapist and you tell that person a horrible story where your wife belittled you and Destroyed your confidence/identity and the marriage therapist acts non chalant about the pain, and asks you how that made you feel. This is what you do. Punch the Therapist in the Face and ask her how she felt about it. Simple. But, Maybe don't do that. However, if you think it, and visualize it, it's so satisfying.",False,True,keyword,1,1,0,,0,0,0
Ugwv5B1LJGuEPlt8bSB4AaABAg.AHUK37msnBWAP2hXcILah4,Rollo Tomassi,"Amen, brother. I am a Christian as well, but you have asked the question that pastors can't answer: ""How do I turn my woman on?"" It's only taboo because the pastors don't know and are trying to be married monks. Here's some more analysis from a Christian (yes, somehow, I am actually saved, by the grace of God): Paul said to ""love your wife even as Jesus loved the church"". So, according to Paul, let your wife crucify you. Which, as the red pill knows, turns her off sexually, to be her doormat. Then these married men get no sex or starfish sex while the church says ""no sex unless you're married"", ignoring the fact that men aren't having sex IN marriage, and then the church moves the goalposts from ""wait until marriage to have sex"" to ""love your wife even if there is no sex."" And then, of course, ""Jesus forgave the harlot, so should you."" Well, Solomon had 700 wives and 300 concubines. And Paul said he wishes that every man was a bachelor, like he was, which implies humanity shouldn't procreate because relationships aren't worth it (""his interests are divided."" They certainly are!) The saddest thing is that Paul literally says to get married if you can't control your sex drive. So basically marry if you can't keep it in your pants. No romance, just marry to keep from sinning. (""Come together for a time, to keep Satan from tempting you"". So only have sex to keep from sinning, and then get back to prayer lol). That's such a crappy reason to get married. Unless you stay in a LTR with a woman who was a virgin when you met her, never marry her, run Game on her, have the option to spin plates openly, and stay Alpha enough to be the only option the virgin wants, then women aren't worth it. So, for most men, women aren't worth it. Either be a MGTOW or a player but that's it. The way Jesus says to do marriage is garbage. I guess players answer for it in the afterlife, and fornicators don't go to Heaven, but marriage in this life ain't worth it, even if marriage exists to keep men from going to Hell sexually. Not worth it. The whole thing is a losing proposition. Sin, die, be judged, and that's it. Or love, marry, get cheated on (or be an incel in marriage, nagged to no end, clueless of Game), get divorced, lose half of your stuff, pay alimony, not see your kids, etc. There is no winning except for the virgins who ""followed the Lamb wherever He went.""",True,False,,1,1,0,,1,1,0
Ugz5G31jbhIEBjAJ5th4AaABAg,21 Studios,"My uncle is a defense attorney & he let me know really quickly that ""the justice system"" is nothing but a career money grift. Dude is one of the most corrupt & darkness filled human beings I've ever personally known. Straight up clinical sociopath but an extremely ""successful"" defense attorney.",False,True,keyword,0,0,0,,0,0,0
UgwzWPpfPd9E45TIuUB4AaABAg.AU8nQGFaMmVAUBJqLU0m--,Rollo Tomassi,"@RolloTomassiStill it's spekulation. And it's okay. If she still wants you after many years of marriage, you have done it good as a man. And I know that more experience a couple has together, often improves s3x ..technically :) But what defines a womans best lay? It's just as much (if not more) about the emotional experience for her, as the physical/technically. How we make a woman Feel (mentally) If we make her totally wet and arroused with minimal ""foreplay"" it's a huge part of her experience. One man may be the best technically to please her s3xually, but it can't compare to an emotional experience she feels with a man she deeply admires, respect (maybe even slightly fear). Might be the same man, but not always (*alpha widow). Watch the movie ""The Assignment"" One woman (one of the villain mistress) describes how crazy hot it makes her not being totally ""satisfied"" (get off) by the villain. He doesnt want to get her ""getting off"". It's about taking control and demanding that she pleases him. Many women find huge satisfaction in the knowledge that she pleased the man who is ""above"" her. I have this belief.. The more she require"""" pleasing from the man, the more Beta she sees the man.",True,False,,0,0,0,,0,0,0
Ugxx24SKYb4nnxLziDJ4AaABAg,Better Bachelor,"I'm coming up on three quarters of a century now and my take is that the whole boyfriend/girlfriend thing that I enjoyed in my youth is now an anachronism. It's over. If you're a regular single guy and you want sex, consult a professional. If you want a family, you have my deepest sympathies and I wish you the very best of luck. The traditional basis of relationships is that women have sex and men have money and so they need each other. Western governments have transferred men's money to women and so now the system is broken.",False,True,,1,0,1,,0,0,0
UgyiGCtz-Uy2NOhb-tV4AaABAg,Entrepreneurs in Cars,"I simply look for her mom and see how she treats her dade, that's the way to figure out what type of girl is. Also, present yourself as a guy that has life but don't show your wealth. Girls are good comedians ! If she has a low body count she will be willing to commit to the relation.",False,True,keyword,0,0,0,,0,0,0
UgxGCwH6o8BuP3UwLZJ4AaABAg,Rational Male Clips,"All red pill is to me is the understanding and acceptance of female behavior for what it is. That's it. That's all the red pill is. It's understanding female behavior and understanding that this behavior has been cemented by 100s of thousands of years of evolutionary psychology. Then it's me retaining my form by staying stoic and rational through understanding this information. If a woman cheats, it is largely because of her hypergamous nature, and I realize it was only my turn, and I can be at peace with that and move on without emotion and anger disrupting my frame. That's the red pill in a nutshell. It doesn't need to be an ideology or religion. All it is is an understanding and an acceptance.",True,False,,0,0,0,,0,0,0
UgxRO_OHeIZZoR7fp3p4AaABAg.ATVOcnv_ug8AYzr15gsBrN,Rational Male Clips,"@dereckwarren6276 If she insists that you pay for it, in any form, politely tell her what you wrote, then walk away.",True,False,,0,0,0,not enough context,0,0,0
UgxBssKkxarvijD6jZ94AaABAg,21 Studios,Whenever Rollo is challenged on his talking points he immediately brings up how he has saved men from killing themselves.,False,True,keyword,0,0,0,,0,0,0
UgzEZpILXF1GUotuWNR4AaABAg.AYRFQKQOtBbAYT88igqgc8,Entrepreneurs in Cars,"It is unfortunate, but this is true. Divorce attorneys in contentious cases will take about one third of the typical middle class family's assets.",True,True,keyword,0,0,0,,0,0,0
UgzNqm8Fm6atBQlLTQF4AaABAg,Entrepreneurs in Cars,Im recently divorced. I spent 20 years living off my ex wife validation. We need to value ourselves. I m learning that. Leveling up in silence.,True,False,,0,0,0,,0,0,0
UgzLuyBN9es2oC4xQlB4AaABAg,Rollo Tomassi,When is often meant but typically miscommunicated is that the ones who want “equality” mean to say is that they want “ equal opportunity” (even if they choose to not always exercise it),False,False,random,0,0,0,,0,0,0
UgzeWDhTrikpIQxxGEJ4AaABAg,Rollo Tomassi,All of the grown men are walking away and they are getting desperate,False,True,keyword,0,0,0,,0,0,0
UgwDj1rcbc4rWOLDaxh4AaABAg,Rollo Tomassi,1:14:13 - Andrew Tate disowned the RedPill before Sneako left and said the RedPill is dead 😂 Sneako is perpetually lost 🧐,False,True,keyword,0,0,0,,0,0,0
Ugy2MqIfKNAnFjqL3sl4AaABAg,Rollo Tomassi,Indian marriage works because of the dowry and caste system.,False,True,keyword,0,0,0,,0,0,0
UgxMAlKGDte1KF0f57d4AaABAg.AWfJS_S5ZAaAX5MXACj0ET,Better Bachelor,"The ancients have it right, because societies that tried giving women rights collapsed and died out.",True,True,keyword,0,0,0,,0,0,0
Ugw1h0ekl63qGAuVPW14AaABAg,21 Studios,Please make sure you actually have the same values before you get married. My wife professed to be Christian but was to in love with the world. Don't marry someone who doesn't respect marriage or their vows.,False,True,keyword,0,0,0,,0,0,0
UgwbzWD2M8KsjNzpOxx4AaABAg,Better Bachelor,"A friend of mine‘s wife said to me, “that’s how I roll. I’m a strong Latina woman” I told her cut the BS. You are so full of crap if you’re a strong woman or man, you don’t have to say it out loud your mere presence speaks volumes about how you conduct yourself. I love when women make any such proclamation that would be like me as a man going into a bar and saying I’m the toughest guy here how ridiculous.",False,True,keyword,0,0,0,,0,0,0
UgyWtSCcl--zjiPiUEh4AaABAg,21 Studios,"In other words, essentially 100% 0f women use social media for validation. That is a fact anchored in reality.",False,True,keyword,0,0,0,,0,0,0
UgyR4FOAL_1kX9KRip94AaABAg.AXUKUrsHFqoAXUUTQud4iZ,Better Bachelor,Exactly why even contribute when you won't get rewarded your effort will only benefit women and the minorities privileged with breeding them.,True,True,keyword,1,1,0,,0,0,0
UgysVS3LCQIlF8-8int4AaABAg,Rollo Tomassi,Yes many a times masculinity is celebrated only when it is looking like femininity,False,True,keyword,1,0,0,,0,0,0
UgzHZAr3Bhp5OozK1gV4AaABAg,Rational Male Clips,"It is kinda true. You can be the most attractive man. But if you say or do the wrong things, things that cringe her out. She won’t have sex with you. She’ll be turned off and walk away.",True,False,,1,0,0,,0,0,0
Ugz6QygNLNuV3O2gg9l4AaABAg,21 Studios,"I believe Any Rand stated many years ago that the dictionary definition of "" selfishness was to be concerned with one's own interests""!",False,False,random,0,0,0,,0,0,0
UgxmnOFQkOo9QXY5f9d4AaABAg.9zrREogY2acA-P8ws1GCLo,Rollo Tomassi,Wish I would have found Rollo earlier! I was somewhat red pilled but had nothing to confirm my suspicions of women’s nature and the state of the dating market place. By the time I found rollo and the red pill community it was too late. It has still helped me to navigate through a stagnant relationship. Glad you found him in time to save yourself brotha! Men have to start waking up,True,False,,1,0,0,,1,0,0
Ugw-qh4vlBdgFYKh-R14AaABAg.9mfZtURVbql9mi2n3iuLnF,21 Studios,"They're just using men to get rich. They don't really care how their words truly affect others real lives because they know they have a winning formula, as long as they repeat the same words over and over again (which they literally do every time) they'll continue to get richer which is all they truly care about. Anyone that thinks otherwise is a gullible fool",True,True,keyword,1,0,0,,0,0,0
UgxdCTmnF1KrVcQQak54AaABAg.A7tr4HNcpQsA7uRBTU3chM,Rational Male Clips,let me finish your last sentence: ....by design. (as in it was already a pre-planned agenda all along).,False,True,,0,0,1,,0,0,1
UgzeAKf4kHJn-ggV8ux4AaABAg.9nt8P45tzSg9o2pxeeHCj6,21 Studios,"@MarineScoutSniper yeah man, other gummy predators who like to chew, kill then spit out their prey include even the sharpest teeth and gummiest of sharks. These women dream of having teeth in their foo foos, the ultimate sign of wanting male control..the struggle is real pal",True,True,keyword,1,0,0,,1,0,0
Ugwiqh1uPQpnF-ZLuP94AaABAg.ATI0eNkEpveATISDakMVvP,Rollo Tomassi,"@RolloTomassi you're red pill 101. The PTB want the genders at each other's throats. The PTB want men to see the true nature of women so they'll back out of the dating game. This will bring down the population, as they clearly stated time and time again, is their desire. So your material is matrix fodder. Don't get me wrong - I'm totally on board with your material. I agree with most of it. I've even bought one of your books. But have you ever asked yourself - why does YouTube, in a world of cancel culture, still allow your channel to exist?",True,True,keyword,1,0,1,,0,0,0
UgzlVQeU62eO8iGqtSB4AaABAg.ALrO9IOKn2YALrm4ss4iJz,Better Bachelor,"While consuming beer and chips.... they have you exactly where they want you to.... and oh, your money.",False,True,,0,0,0,,0,0,0
UgzpLC_IGlyZehUNut14AaABAg.AVj5JOimZRoAVs5FLmO2Vl,Better Bachelor,"Communism is communism for girls, it's just a subspecies of feminism among a spectrum of a similar pseudoegalitarian emasculating ideologisms.",True,True,keyword,0,0,0,,0,0,0
UgyTh8q50n1fyORcYrN4AaABAg,Rational Male Clips,"Good news: The Red Pill is mainstream. Bad news: The Red Pill is mainstream. More men are being exposed to the red pill, except now every hustler will use the concept to try an make a quick buck.",True,False,,0,0,0,,0,0,0
Ugyom7VRC8Ew2Je94pN4AaABAg.9lNcnRqbO679lVJr9EjCc9,21 Studios,@factsfacts6628 The reason why they are following her not because her vedios quality (she just use some old red pill catchy prases for example- my money my choice phrase) without any understand and reason why is that so. The only reason she is getting famous because men like women who understand men struggle. Ask yourself what you felt when she taken men side. What I felt was that wow i love her she understand our struggle. Majority of comments also show similar sign. Thats the similar problem with femnism too. Girls also follow those femnist who gave argument always in favor of women even by bashing men. This thing make movement toxic And we don't want to make manosphere based on emotionally driven people we want people to understand and then came to conclusion. If we are wrong then we are wrong.,True,True,keyword,0,0,0,,0,0,0
UgyVp_RrBRMU4Bpe1nt4AaABAg,Entrepreneurs in Cars,"If you want to become important to her! Behave. Be nice to her... High value women don't ""react"" to drama or ""fake random dudes""!",False,True,keyword,0,0,0,,0,0,0
Ugx8EoXeHC0LauRtQ_N4AaABAg,Entrepreneurs in Cars,"The wives of rich men knew they slept with other women but the rules were simple dont bring them to family events or make it publicly embarrassing. The other women also understood those unspoken rules and didn't step over the line either. The ""mistress"" knew there were benefits and not to go to where the wife would be.",False,True,keyword,0,0,0,,0,0,0
UgxGC6lnYSN6Ti08gR54AaABAg.AY4jsF36_JyAY86uhL-Muy,Rollo Tomassi,The next beta male who came along after she left a fiancé did. That's how plentiful betas are!,True,True,keyword,0,0,0,,0,0,0
UgyIDHnb6AJOYKoAymp4AaABAg,Rollo Tomassi,"I've read over the comments sections in the Galloway interviews on various liberal podcasts. And I was shocked at the level of utter viciousness displayed by the majority of the female commenters. On one channel, there were 2,500 comments, and at least half were that way. And when I tried to debate them, my comments were of course quickly deleted.",False,True,keyword,0,0,0,,0,0,0
UgwOsSO2J4P-b44XBRR4AaABAg,Rollo Tomassi,1:14:31 I think it’s ridiculous that rollo has to address this. If you watch the show you know the avengers was planned,False,True,,0,0,0,,0,0,0
UgyJ_Y1qB6AVA4dAogV4AaABAg.AW9A77svTyCAW9nTnjHVQn,Entrepreneurs in Cars,@armandm.2166then stay single. These modern women give it to anyone for any reason now days,True,True,keyword,1,1,0,,0,0,0
Ugy7wIFrzu9oI8h4HoZ4AaABAg,Fresh and Fit,I’m gonna have to debate that. I’ve seen many police officers with sleeves and tatted up. Now in corporate as long as they can be covered up and it’s not a mechanic position. Just from my experience,False,True,,0,0,0,,0,0,1
UgxikDKo4XNKVAI6ARF4AaABAg,Myron Gaines X,"The apron wearing goons of the matrix. They are beneficiaries of a corrupt system. Constant masonic dog whistles, we are not stupid. These guys are frauds",False,True,,0,0,1,,0,0,1
UgxUnbtU0hbW8750Cht4AaABAg.AYEYtVOi2sZAYQqummQuK7,The Free Agent Lifestyle,"Marriage is for smart women and dum men, you don't need to be married to live a happy life and have companionship, marriage is signing over your rights to the gov't so they can legally take your possessions and give it to the woman after the state gets their cut , the state and the gov't works hand and hand with women to legally takes men's money, labor and resources because capitalism needs consumers in order for it to work and weak men are less likely to challenge the corrupt system or start a revolution, do some research on Alan Russo (who mysteriously died after his YouTube video speakingon this) and the Rockefellers. Men are waking up and not falling for the BS anymore and why the systems wants to attack Redpill ideology and men like Kevin Samuels, Davis Carroll and Andrew Tate who are waking up and have woken up the simps!",False,True,,1,0,1,,1,0,0
Ugz5BKG3zrH4uQKnoeV4AaABAg,Rollo Tomassi,Who still doesn't know there are HUGE differences between men and women? Anyone who's alive should already know this.,False,True,keyword,0,0,0,,0,0,0
Ugw7azdkr6EbmhSM2Fx4AaABAg,Rollo Tomassi,"If cryptos crash and gold and silver go up form here... Rollo Tomassi will be the new shoe shine boy from the 100 year old story. Story goes that some big trader stopped to get his shoes shined, the shoe shine boy started giving him hot tips on stock trading.. The trader realised that this had to be the peak of the market, since people completely unconnected to trading and started gambling in the stock market and market was about to fall. He went to his office and sold, in a few days the historic 1929 crash happened. So in this video a mature old wise guy like Rollo Tomassi listening to investing from 2 young kids who have not seen a proper long recession is dumb.. Rollo should listen to Robert Kiyosakhi who would tell him that gold and silver are far better. Rather he is listening to young fellas who have not faced the brutal nature of financial markets. In this case Rollo is taking the bluepill promotiolng cryptos and the redpill here is gold and silver.",False,True,keyword,0,0,0,,0,0,0
Ugy_MgW3EgMNXV9-iFx4AaABAg,Rich Cooper Clips,"Before the sexual revolution, it was well understood that if given absolute freedom, most women would screw up their own lives, which is why parents were actively involved in choosing husbands for their young daughters. A few women would refuse and insist on stay single, but most bypassed the natural promiscuous phase in their youth with children and a husband who would care about them in old age.",True,False,,0,0,0,,0,0,0
UgzxxukkT1AZceEEZeN4AaABAg.ASxBlNnPGYuASxXaBk5_-m,Rollo Tomassi,"​@JustGabeSome men have said redpill saved their life/save them for kiIIing themselves and lot of men kiIIed themselves because they was so emotionally involved with a woman where she had power over him with kids/life etc then he kiII himself, look up couple stories of men kiIIing themselves what do they all have in common? (My question to you).",True,True,keyword,1,0,0,,0,0,0
UgzebEaslCkKNsNbYfN4AaABAg,21 Studios,Yes sir thank you Tell the truth and nothing but the truth Hod help you Men be careful,False,True,keyword,0,0,0,,0,0,0
UgwQelp6Fa3v7fRv_Ut4AaABAg.AVMahoVSdyFAVMfEZglfRD,Better Bachelor,​@averybaumannI would have said the gaming industry paid for the internet.,True,False,random,0,0,0,,0,0,0
UgwYmXD6aNMF7zGAqQd4AaABAg,Better Bachelor,Interviewer is obviously gay trying to shame hetero guy for indulging women who throw themselves at him.,False,True,keyword,0,0,0,,0,0,0
UgxFQBkZdTJrfgTXFEV4AaABAg,Rollo Tomassi,"Job 7:1 The life of man upon earth is a warfare. End things well... Everything in life is a transition. The only real end, is death. - 33 Strategies of War Genesis 3:19 By the sweat of your face you shall eat bread, till you return to the ground, for out of it you were taken; for you are dust, and to dust you shall return. Ecclesiastes 12:7 Then the dust will return to the earth as it was, and the spirit will return to God who gave it. Hebrews 9:27 And just as it is appointed for man to die once, and after that comes judgment. May the Lord, who gave you breath, receive your soul into His loving arms. Rest in eternal peace Charlie Kirk. Gone too soon.",False,False,random,0,0,0,,0,0,0
UgyeDF_I4cfb7Mf5M2B4AaABAg.AVCEdLoSvD9AVGrR-hnHXd,Better Bachelor,"Actually there is something called ""better wife school"" - or something similar, all of the comments (and presumably views) are from men.",True,True,keyword,0,0,0,,0,0,0
UgxwovM8d-0mHJVJBNl4AaABAg,Entrepreneurs in Cars,I feel like these women have these jobs that no one in the past has had and I think they’re just losing complete touch with reality all together. Completely delusional. How does it not count,False,True,keyword,0,0,0,general discrimination,0,0,0
UgzIPK2RzoS6kmCOzQ94AaABAg,The Free Agent Lifestyle,I can decode this…. young girl didn’t like mom. She told her friends that mom was a weirdo. Her friends told their parents and the parents went INNN on the alienator mom. Everything came out in an argument and Mom saw the writing on the wall. Game over. Case closed.,True,False,,0,0,0,,0,0,0
UgwdrBw7zp108boifdx4AaABAg,Better Bachelor,Mainstream media just wants to take over and shape the narrative for their needs instead of letting red pill independent thinkers cause a ruckus,False,True,,0,0,1,,0,0,0
UgyHZkPTlsw6IUam1Kl4AaABAg,Rational Male Clips,"Rollo can pontificate ad nauseam about the negative aspects of female nature, and especially on the matter of accountability, of which of course he is correct. Yet he cannot make the connection to how that makes female suffrage a ruinous idea. It is a blind spot of his.",True,False,,1,1,0,women take no accountability and should not be allwed the vote,0,0,0
UgxKDIT1bxZQjejkVnJ4AaABAg,Better Bachelor,"Charles Manson found woman to be very compliant with their brainwashing, for his mantra of overthrowing western society.",False,True,,0,0,0,,0,0,0
UgwDWU8fEam-antfyTF4AaABAg.AUFI2MfoUR8AUI-0DgJtZm,Rational Male Clips,Yes We are awake We are alive We are the manosphere We are learning from each other Many of us need to become lawyers We need law firms We need to defend ourselves This will never end The world wants us as slaves No We will not be slaves,True,False,,1,1,0,,0,0,0
UgxnMWUcaz5mGY6F_k54AaABAg.AViuk3w9QqBAVjG4m5Dfp6,Better Bachelor,"TikTok is full of women flipflopping from week-to-week, hating men then crying about men refusing to approach them. It's psychotic.",True,True,keyword,1,0,0,Women hate men,0,0,0
UgybUBZ53FHAFc8H7s14AaABAg,Rollo Tomassi,"2:34:00 Federal officials can be sworn in on any book they choose, or no book at all, as the Constitution only requires an ""oath or affirmation"" to support the Constitution, not a specific religious text, though the Bible is traditional, with some choosing family Bibles, religious texts like the Quran or Bhagavad Gita, law books, or even autobiographies for personal or symbolic reasons. Personally, when I swore into the military and for my re enlistment, there was no book, but if I were doing it today, I would use a copy of the u s constitution.",False,False,random,0,0,0,,0,0,0
Ugy0hMXM7q2ve5t8YOV4AaABAg,Rollo Tomassi,"The more you try to cancel something or tell someone not to do it ,guess what that’s the first thing they will ,all this man bashing and misandry is having a backlash",False,True,keyword,1,0,0,men are lashing back against the rhetoric,1,0,0
UgxjpZDgoo6_3NRpOjp4AaABAg.ARe6DQeqzZxATVtUbS5tPS,Rollo Tomassi,of course a religion about worshipping another man is effeminate,True,False,random,0,0,0,,0,0,0
UgwlHA_rbafkSjnQ-dN4AaABAg,Rollo Tomassi,"1) Mommy trained us to care, simp, be loyal, provide. 2) Society trained us to work, bow, be a utility and man up! 3) School trained you Obedience, Compliance, workforce Preparation and no Self-Discovery. 4) Go through life trained to be extorted by everyone! They Trained us to be what THEY need, they all lied to us top being their workhorse. Stop caring, stop favors, stop helping, stop spending, save, invest, retire early, go abroad, let it collapse, walk away and stay safe. Care for the most important person who truly deserves it; YOU! 🫵 ""Man up (take it and don't defend yourself)"" ""A real man would (be pillaged by them)"" ""Take it like a man, (and be extorted)"" ""The man provides (Live's poor and owns nothing)."" Wake up, brother, wake up! 💪",True,True,,1,1,1,,1,1,0
UgzQFvhg7w7k8Hn7-Mp4AaABAg,Rational Male Clips,"WHY would any Man respect someone else thar flexes about how successful they are? When without a Federal law and enforcement of it, they would not have that cushy job to begin with.",True,False,,0,0,0,,0,0,0
UgzOFhN4xSyskyU8ySV4AaABAg.AW583hMwwUNAW69Lq8uMrg,Better Bachelor,"""I don't see Jews as people"" - hitler ""I don't see men as people"" - feminists Feminists are literally hitler",True,True,keyword,1,0,0,,0,0,0
UgwrCBucDmXeNSaBT594AaABAg.AUsUzNP_JYIAUsW9PxCy07,Better Bachelor,Exactly they want men to have more babies but yet they're making it more harder on us and letting women throw innocent men in jail while letting the guilty men out on the streets and they're wondering why men don't want any children or don't want to take the chance of dating a woman that might lead them to being thrown in jail That's what happened to my best friend If I didn't have proof my friend would have went to prison for 30 years but I think the worst part was they only gave her one day of probation because this was her first offense while they were going to give my friend 30 years for his first defense and from then on I knew are justice system was a joke this was when I was 15 in high school I will never forget never trust the system,True,True,keyword,1,0,1,,0,0,0
UgwYfYPQuF8sA0F617p4AaABAg,Rollo Tomassi,"Man, Corey Wayne really jumped the shark. I used to always listen to him back in the day. But now he just talks crap on the red pill as some sort of marketing strategy or something. I can't take him seriously anymore. Especially after he says its ok to date single moms and blames men for everything that goes wrong in dating. He acts like women have no accountability. Come on man!",True,False,,1,0,0,grievance more so with the creator,1,0,0
UgyxgchV6oga4TUM9EF4AaABAg,Entrepreneurs in Cars,"Men should also be taught to handle rejection from women. It's easier on men when a woman tells him - ""Buzz off I have my guy"", rather than ""Buzz off I am not interested"", especially he knows she is totally single. Here is where protection is required??? That shitty term boyfriend does no good to anyone! IMO.",False,True,keyword,0,0,0,,0,0,0
Ugz2tJ4PfM-JisHaOWB4AaABAg,Better Bachelor,You are unto something here. It’s another reason why you should not let your child become a Hollywood celebrity.,False,True,,0,0,0,,0,0,0
UgyAKhH_S3KU_mk2ZJJ4AaABAg,Entrepreneurs in Cars,"I'm 41, kids are grown. Just wrapping up a ridiculous mess of a divorce. I will not do it again just because of the biased courts, period.",False,True,keyword,1,0,0,Courts favour women ,1,0,0
Ugz9j5ors5AFXgiQaip4AaABAg,Entrepreneurs in Cars,This reminds me of my ex unfortunately. My guess is she has bpd and explosive anger disorder. I had a kid with that women . Now i have my kid full time lol . Ill never and havent made that mistake again,False,True,keyword,0,0,0,,0,0,0
UgwO7x0zbat8-i9VZsZ4AaABAg.AVseS0ShWRPAVz5AxhSWGS,Better Bachelor,"Nothing of value was lost - the less dogs of war willing to go to attack other men, the better!",True,True,keyword,0,0,0,,1,0,0
UgwlBNjN2obNMiTQytt4AaABAg,Rollo Tomassi,"The principle is correct, but the framing is selective. This is a universal systems problem, not a gendered conspiracy. The real issue is misaligned incentives and unstable interpretive context - not men vs women.",False,True,keyword,0,0,0,,0,0,0
UgwccHhbXfnax_G4mB54AaABAg.AQBEEiCMi3yAQBoViomHyO,Rollo Tomassi,I highly doubt she's nice. Any female in this space is a grifter...,True,True,keyword,0,0,0,,0,0,0
UgzvQ_9XlPoS9LeV54B4AaABAg,Better Bachelor,"Hyper gamey is not a male behavior, so why are we getting blamed for it?...",False,True,keyword,1,0,0,why are men blamed?,1,0,0
Ugwuw1hNFBvM91yNlRd4AaABAg,Entrepreneurs in Cars,It’s like playing poker with women you always guessing what cards they hold. Don’t get burned,False,True,keyword,0,0,0,,0,0,0
UgxJ1IuB8ghz1BXX2Y14AaABAg.AWTtbsiHsq7AWTy8474tC-,Better Bachelor,"@AnthonyWamsteker-lv7gq not really. It's rational from a few different perspectives. A primary means is sabotaging other women. By making it so the good man has no option but the woman who reported, she can monopolize that man. She can then later retract what she said, or deny it was her. Or paint herself as being heroic or smart enough to figure out that it wasn't true and to give the bad man a chance. From a group dynamic, it helps solidify individual negotiation/dating power as each individual can cut off a specific man's access to the dating market, not unlike how a labor union reacts to a company going outside of the union. As long as the group acts based on the individual woman's words, then the woman has a lot of power in a potential relationship to keep a man in line with. It can also be used to retaliate against a man. He did something she didn't like, so she hits back. Totally normal female behavior, the purpose of which is to make leaving her so costly that a man won't go through the trouble. And to make her into a victim so she can use it as a sob story to bait the next victim.",True,True,keyword,1,0,0,,1,0,0
Ugz7YCV7uiAtUee4RvJ4AaABAg,Rational Male Clips,"Calling men gay is to make them agitated and manipulate how they behave. Trying to get him to prove he's not gay. If you really want to flip it on them, just say I didn't know you were homophobic. All it is is a method to control you. The only way they can control you is with their words.",False,True,,1,1,0,,0,0,0
Ugz75d8at6w08KlKTyF4AaABAg,Rollo Tomassi,Fair point. People need to remember these are often the guys who made life choices pre-Rational Male.,False,True,keyword,0,0,0,,0,0,0
UgyezKtTLvnJSG4tIA14AaABAg,Better Bachelor,That government doesn’t deserve a special operations capability. It’ll only be used against its own people soon enough. Joining the UK military is tantamount to treason at this point.,False,True,keyword,0,0,0,,0,0,0
Ugyg0nJoFLeWf6gDHul4AaABAg.AVsdmhFp9RWAVsvE4exrcR,Better Bachelor,Put them all in the Deep Freeze for an in case of emergency break glass situation like that Stallone movie. Which I will remember the name of after I hit post.,True,False,random,0,0,0,,0,0,0
UgyfKadDwR2E5towpbB4AaABAg,Rollo Tomassi,Society is the issue. There are as many toxic women as there are toxic men... 🥹❤️,False,True,keyword,0,0,0,,0,0,0
UgyDenRG_TRT3ab7uCJ4AaABAg,Rich Cooper Clips,"The number one problem is the absolute corruption of the Cabal government system. Family court. Child protective services. All extremely evil satanic. For those of you who are awake to what’s going on in the world. Governments are a corporation. They are a business. The white hat, military alliance worldwide is fighting the system to bring us back to common law. The psychopaths in our governments have created a corrupt family court system that is designed to destroy the man and to destroy the family unit. When the family unit is strong, the government has a hard time fighting independence and free people. We are literally in a war right now in the vast majority of you have no idea. This is both a psychological war and it is yes a kinetic war where there is fighting underground in tunnels against very evil people and entities. The whole system is rigged.",False,True,,1,0,1,,1,0,1
UgzFMLMcSxuHiXR8GLJ4AaABAg.AXfmx6aIYf-AXgMMCEahBo,Entrepreneurs in Cars,"@shadowtail4063! Yup 6 months, I was out. Had a pre nup as well, she got shit, and didn’t deserve that!! 😂",True,False,random,0,0,0,,0,0,0
Ugx2p_57OXjEDysmLKt4AaABAg.AXHidjSrrVdAXJ2jjWRwuz,Better Bachelor,"Yep. They all look desperate and thirsty and it's a huge turnoff. If I want to take a peek I will for my male instincts and it is VERY cheap, but that is about it.",True,True,keyword,0,0,0,,0,0,0
Ugz4CbVJqIR-uv_vw3t4AaABAg,21 Studios,Change the family courts not the women they have always been the same.,False,True,keyword,1,0,0,,0,0,0
Ugz_cqFTUpgPXM8_KgB4AaABAg,Rich Cooper Clips,"Anger is an emotion. It is not a pleasant one to experience or witness. Richard reminds us that it is a legitimate response. Anger, sadness, happiness are all emotions that we must experience and regulate to be ""healthy"". Personally, I don't trust anyone with a permagrin (joker grin), remember nobody is happy all the time and how can anyone laugh/smile during something unpleasant/negative (and be healthy?). I feel more uncomfortable being around a ""joker"" than someone who is angry. Remember, the person who is smiling/friendly to your face is likely talking about you/plotting against you behind your back. With an angry person, you know what they are about and should know how to deal with them (even if it involves walking away from them). If we get angry at an injustice we experienced (betrayal, heartbreak, terminated at work etc) we can use these setbacks to learn, improve and get better. Resilient people are resilient because they experienced setbacks, learned from them, improved and got better. I could go on. Opinions and experiences are my own. Have a good day reader.",True,False,,0,0,0,,0,0,0
Ugw99cvs-EfG4GJyuEt4AaABAg.ANrjvKmc0o1ANt-PugOhCs,Better Bachelor,"Hi Joker, I am seeing a lot of Asian hate across social media. I appreciate you not trying to cash-in on this psyops by the elites. Unfortunately many men's content creators have fallen to this trend. Please don't become like them, at the end of it all, we all need to work hard, prove useful in society and live a happy life irrespective of race, color, nationality. Cheers.",False,True,,0,0,1,,0,0,0
UgxHuqM4dwUw8MlfETx4AaABAg.AVZcGGj6Ye4AVaNMGE-1x6,Better Bachelor,"Yes. We, Gen X, even mock those who trust institutions.",True,False,random,0,0,0,,0,0,0
UgyqzP6E-AJGZq_uSwx4AaABAg,Better Bachelor,"I find it funny that when it comes to red pill content, it's a monolith but women are individual and separate thinking 😮",False,True,keyword,0,0,0,,0,0,0
UgxsznlhE9DkQHseQit4AaABAg,21 Studios,Red Pill 304s. I notice this is becoming a new trend.,False,True,keyword,0,0,0,,0,0,0
Ugz0TLXe4zK-gLYxGGh4AaABAg.A890b-JJCCHAGiNjyP-Deb,Rollo Tomassi,"Yes its a problem but I beieve in talking to my woman. It seems to me a man should not feel guilty that his mate-guarding includes keeping the woman away from her hypergamy instincts. When she objects just show her the front door. If she really goes off the wall, take her into the bedroom like you are going to spank her. Make a fun afternoon of it. Then deny her.",True,False,,0,0,0,,0,0,0
UgwLpj3KTumjQ1WSEbx4AaABAg.ASoTT5PwJIfASrd88gWE3q,Better Bachelor,And the spreading of Misandry for that matter.,True,False,,1,0,0,,1,0,0
UgznjKMS62P3RyDXaCp4AaABAg,Fresh and Fit Clips,🔷 It's so evident that western women are brainwashed and lack the ability to handle the truth 😭,False,True,,0,0,0,,0,0,0
UgyEweyjxkwdn8eBulF4AaABAg.9nfGjZNNU8A9omdp_mWeGx,21 Studios,"I haven’t , but honestly he needs it so bad",True,False,random,0,0,0,,0,0,0
Ugwj-sMDQuRDVjDLfGZ4AaABAg.AYHptFMOaoCAYMRVhhgvEc,Rollo Tomassi,The red pill is the truth so you either accept it or live in delusion,True,False,,0,0,0,,0,0,0
UgyYMCxFcOqIIout5px4AaABAg.AVy5UEfU5ZUAWCCgxLgYiY,Better Bachelor,@danorris5235You know what super black pilled me on this. Is look at how differently wikipedia treats domestic abuse when it comes to men vs women. Literally treats domestic violence against men like a conspiracy theory,True,True,keyword,1,0,0,,0,0,0
UgyGnuQNL9w8Oaq32iF4AaABAg.9kaTiEpHfeg9kaiHpMWy7w,21 Studios,"Enemies of God seeking to destroy christendom, knowing its the end of age and God is going to rule christendom. Therefore they are doing scorched earth policy and him.",True,False,random,0,0,1,,0,0,0
Ugw5H22hXJDbU2K58a54AaABAg,Rational Male Clips,"To me the funniest part of all of this , is that it was women who red pilled and black pilled men with their behavior .",True,False,,0,0,0,,0,0,0
UgywOHAXRXNYShO5Vnx4AaABAg.AWm1ct3AS9zAWm39wZxw7C,The Free Agent Lifestyle,By the feminist sisterhood with the huge help from the wealthy elites.,False,True,,0,0,1,,0,0,0
UgzoTS5xTZCOf39mG_Z4AaABAg.9pjbmv6025H9pkKOFf-1SE,Rollo Tomassi,@rtyrtyrtyus The red pill is most about realizing the BS in blue pill indoctrination. Works as single or as married. A single red pilled man has a lot better chance if avoiding the headaches trying to understand women as blue pilled. Same as being in relationship. Try not to argue with women.,True,True,,1,0,0,"Implies that men who stay “blue pilled” suffer headaches trying to understand women, whereas a “red pilled man” avoids those problems.",0,0,0
UgyYGlbZivdET-PBQTt4AaABAg,Entrepreneurs in Cars,When I was 13 in the mid 90's I made the decision to never get married. I had seen enough. No regrets,True,False,,0,0,0,,1,0,0
UgxA2aoyji4Yv_esx8x4AaABAg,Better Bachelor,"I mean, when most women say that they dated a narcissist, and narcissists are at best a 3% of the population, it means either a) women lie about their exes, or b) most women date the same >5% of men",False,True,keyword,0,0,0,,0,0,0
UgzPxkQaZ6OiEP5FKVR4AaABAg.9oIoBpjNMXDAAg6upxrUaQ,21 Studios,Remember those early 2000s romcoms of women falling in love with a goofy broke guy?,True,True,keyword,0,0,0,,0,0,0
UgysqMXXEuI0rICaCeN4AaABAg.AHa0r0g1afJAHa9ts-9dZh,Fresh and Fit Clips,Which is why marriage is a scam for men. Solves 0 problems men have. Only creates problems.,True,False,,1,0,0,,0,0,0
UgzJpkjhs8U-0oGJfLp4AaABAg,21 Studios,"Just Pearly things is a 4 at best and a grifter,just like every other woman in the manosphere. Always remember, there is no such thing as a red pilled woman",True,False,,0,0,0,,0,0,0
UgzeWDhTrikpIQxxGEJ4AaABAg.AW4qBQaqQ8lAWOWywTR2Xa,Rollo Tomassi,It’s crazy because a lot of these women are married too,True,True,keyword,0,0,0,,0,0,0
UgxuDkj_oL6_TJjUnM94AaABAg,Better Bachelor,This just shows that Hollywood acting is only one step away from this.,False,True,,0,0,0,,0,0,0
Ugx_wMNoO2btApkrY0J4AaABAg.AWTsYfzeY9nAWTvHltTdo2,Better Bachelor,100% but who is creating them for this specific purpose?,True,False,random,0,0,0,,0,0,0
UgwygkDeMb4-H8yA9ch4AaABAg,Entrepreneurs in Cars,Single mom isn't looking for love. They're looking for help. 💯 correct.,False,False,random,1,0,0,,0,0,0
UgxiT1mn3MM-9ZxXAgB4AaABAg.AJyrlP-ok6qAK1qKgYkl8e,Rollo Tomassi,"@izzy2815 Absolutely, men are enforcing them. Enough men have sold out and/or been manipulated by women into joining them to create a majority bloc and remove men who disagree with the gynocentric ideology. Check out Orion Taraban's video explaining how they did this.",False,True,,0,0,1,,0,0,0
Ugy0f_AnRvesNQHbzGZ4AaABAg.AUiM1CqaHHKAUikTBW2oLs,Better Bachelor,"doubt it was cancer, the elites have the cure he more than likely died of aids, those people always lie and say it was cancer",False,True,,0,0,1,,0,0,0
UgyzlbG-mkB1m4Qs2qB4AaABAg.9lCx2hCigMT9mnC0xM7MFo,21 Studios,"As I started reading your comment i instantly didn't like you when you said you was DFS or CSD as you called it, sorry about that I guess I still hold such strong grudges towards the system. From what your saying and what I experienced I'm sure it wouldn't have made any difference if I poured my heart out to the DFS in my district either aka ozark Missouri. Claire my child's assigned caseworker was always rude and on a power trip and acted as if she was god making all the decisions. I never trusted them or the court from day one and it sunk in pretty fast I was in for a world of hurt because I realized I was all on my own and no one.. and I mean No One to have my back. I wasn't the offending parent like she was with her other kids I wasn't doing drugs or drinking alcohol nor did I have a record and still the mother took precedence / priority and I was nothing but trash to be ignored, overlooked and thrown out at earliest convenience.",True,True,keyword,1,0,0,,0,0,0
Ugx_SQiBKeOkBgupr294AaABAg.9k6mWrF4VhK9rIOUD1-kz1,21 Studios,"Circumcisions is male genital mutilation. All genital mutilation is wrong. Circumcision, too - but, American men and women like to preserve this mutilation to avoid the difficult emotions with grappling with the human rights violation of this. It is hypocritical to say you can cut off his foreskin, and that is okay to you Americans. To condone one mutilation and reject another - it is ALL WRONG. Apostle Paul calls circumcision as MUTILATION and EMASCULATION. There is a reason EUROPE rejects circumcision, our culture was Christian influences and early Christians knew that circumcision is disgusting just like Martin Luther and other theologians confirm what Apostle Paul said in the book of Galatians. Circumcision - men don't even have ownership of their own cocks in countries like the United States. They get their genitals ripped apart at birth, no say so. All those nerve endings, gone - completely violated and then they grow up making fun of intact men because what choice do they have? It is too uncomfortable to address this issue. What about HIS BODY HIS CHOICE? A woman says that and mean her desire to kill a baby, but men don't even have rights over their own cocks. Think about it. Also: look at FOREGEN. Foregen is a biotech company fully reversing circumcision, all the nerve endings, mucosal linings, dartos muscles, Meissner's corpuscles, etc. RECLAIM YOUR COCKS, guys. Buck this slave mentality, please!",True,True,keyword,1,1,0,,0,0,0
UgyjBKOCpjb2PCrwKDB4AaABAg.AX5K6VTkBO2AX5LETSMfNu,Better Bachelor,One must hope for an HR AI that is not nor does not identify as female.,True,True,keyword,0,0,0,general misogyny,0,0,0
Ugy6uMBV0pQAHYKg4sp4AaABAg,Entrepreneurs in Cars,Love the truth Rich. Keep it going. Hope more and more young men get this and are smart about it. Peace!,False,True,keyword,0,0,0,,0,0,0
UgwfMcoDH8Pioq_rFeZ4AaABAg,Rollo Tomassi,So basically you're saying the AI is simping for women?,False,True,keyword,0,0,0,,0,0,0
UgwNrrXzUL11KD-yG614AaABAg.AY1rk3MhuGcAY2K13ceiUq,Myron Gaines X,"@setaripantheon8801 that's probably why they chose him. He's irresponsible already, and undisiplined people are often used as puppets.",False,True,,0,0,0,,0,0,0
UgycBHKlE0Ru-nGldBF4AaABAg.ANvNLd8KWH0ANx75EeKKAU,Rollo Tomassi,bruh stop equivicating. a word can have a lot of meanings when it comes to dating this is the red pill. not understanding that 1 word can mean multiple things is a sign of low iq another sign is being obsessed with a singular topic and trying to shove it into other places that got nothing to do with it. if you want to talk about JQ go ahead but do it in the right place not f*cking everywhere.,True,True,keyword,0,0,0,,0,0,0
UgzIpbI9tDO7WWKEtR14AaABAg,Better Bachelor,WHY would she go to the trouble & expense of having her fertility assessed... if she's not wanting to have kids?,False,False,random,0,0,0,,0,0,0
UgxU6t_49EqL5T2DzLN4AaABAg.AW5FSwyeFPMAW5OS4nK18t,Better Bachelor,My fatigue already laid down for a much needed nap.,True,False,random,0,0,0,,0,0,0
UgyXFPh-DgaTsw9NOSR4AaABAg,Rollo Tomassi,"This is insane, who is generally believing this bullsh*t about Brett & Clavicular other than idiots and bots? Let's say for sake of argument that Brett is attracted to Clavicular, she most likely isn't but I'm going to live in La La Land for a second. Even if Brett thinks Clavicular is hot so what? That doesn't mean she would ""risk it all"" to have an affair with him. Do people think women sleep with any man they find attractive? NO. Just because she might be attracted to him doesn't mean she would sleep with him. Nor does it mean that she's in love him? Are men in love with every woman they find attractive? No? Then what are we even talking about?",False,True,keyword,0,0,0,,0,0,0
Ugzc_bKCfJwlK-l8QEl4AaABAg.AY50coTZ_SQAY7_rSzlkGD,Rational Male Clips,"@ludwig7974it's hard to pinpoint emotions. Guesstimates are safer. She won't say it herself out her mouth. Remember, women want men to be mind readers. So we must be wizards and magicians",True,False,,1,0,0,,0,0,0
UgyS9LmijaIB4VhTkaR4AaABAg.AVoqFbWm_e4AWO_S8FwuiU,Better Bachelor,Keep dreaming. Adapt or get left behind. The times are changing.,True,False,random,0,0,0,,0,0,0
UgxtG1Ua17B2tfFWQFN4AaABAg.A0zVZ7pCo8eAD0kY0hyEqJ,Rollo Tomassi,"​@tempsodaman you bodied the ""godmother"" of the red pill. Good job.",True,False,,0,0,0,,0,0,0
UgwGsasVO0TVuF2f8Sd4AaABAg.AXUzo1lXdyHAXi_O1NZG2I,Better Bachelor,"Not attempted, it is genocide. Read Article II of the UN's definition of genocide, specifically Clause 4: ""Imposing measures intended to prevent births within the group"".",False,True,,0,0,1,,0,0,0
UgyyAEx2uYYwI9AAWbt4AaABAg,Better Bachelor,That has to be the smartest shit I ever heard. Live streaming it so people know what really happened. These media duchebags have been doing this for years manipulating the masses. I'm glad the younger generation is on to their bullshit.,False,True,keyword,0,0,1,,0,0,0
UgxqQBOv20oDw8Ynx9l4AaABAg.AVCCsaRr9l7AVCtRsSQ2Ce,Better Bachelor,"They WILL if they know what's good for them... We are practically headed to CIVIL war, by the end of TRUMP'S term — and if we don't get a COMPLETE overhaul of the Laws and practices of this country... ☠️💀☠️ *This country* is _FUBAR!!!_",True,False,random,1,0,0,,1,1,0
UgxjV6RIMHZPa_pccqB4AaABAg,Entrepreneurs in Cars,I saw that Clavicular guy ingesting and injecting himself with a cocktail of drugs such as testosterone etc. and it's not natural to do all those things. In the long run his body can fail. Working out and eating well seems to be the secret.,False,False,random,0,0,0,,0,0,0
UgzyAGxd9i_KZplPuDF4AaABAg.AVPNopj39UnAVPluBt7MMC,Better Bachelor,"what's Ironic is their metric of success of how many DMs they get, how many likes they get, and how many eggplants they insert into their garden which all benefits Chad 😂. Simps need to stop marrying these women as they only marry for shelter and keeping a beta with child, again benefiting a simp with his low standards.",True,True,keyword,1,1,0,need to stop marrying 'these women',0,0,0
UgxZM-cX-SiHNpEdR3l4AaABAg,Rollo Tomassi,"I think it is more like Happiest women: married with a good man and with 2 children Happy women: single, no child Unhappiest women: married with a bad guy and/or single mother Good men are rare. So, the happiest group is Single women because the first group is not existing.",False,True,keyword,0,0,0,,0,0,0
UgzIEGEiBr2ulY8-NuB4AaABAg,Myron Gaines X,You can be sure Cuba is happening because they don't have a Rothschild-owned central bank. Easiest way to predict future conflicts.,False,True,,0,0,1,,0,0,0
UgzXsDUPUBBGJVPo3VR4AaABAg.AUsby2BH36fAUtJYmdlsPm,Better Bachelor,"Yeah they tryna stop a message we all innately know as men, even the blue pilled men deep down. Really they want to stop women from hearing it",True,True,keyword,1,0,1,who are they?,0,0,0
UgyxFkr39ptiYJsDpS14AaABAg,Better Bachelor,"Rothschild central banksters. It was all a plan. Strike at the root, end the Fed.",False,False,random,0,0,1,,0,0,1
UgzAdmGJhcOrxJuRFNl4AaABAg,Rollo Tomassi,"I would like to see a (real) debate between Orion Taraban and Rollo Tomassi. That could be interesting in my opinion. The subject ( the question of debate) could be for example "" What is a high value man?"" or "" What is true masculinity?"".",False,True,keyword,0,0,0,,0,0,0
Ugwa41XYuU-66FRrg4N4AaABAg.AVMekjTtMl7AVNEuWWwPZk,Better Bachelor,@jamesloerzel4377 Then women effectively have zero leverage over that market. Joker even brought up about how NFT's were huge but now sell for pennies. If you want to day trade on this than go ahead but it won't be worth much down the road. I don't want to write a huge paragraph but it will be inundated by scammers/fakes which will totally devalue it.,True,True,keyword,0,0,0,,0,0,0
UgzPR1PruDoP2h2vFG94AaABAg.AVxiKLIcNHLAVxyb1Htdeq,Better Bachelor,"Women WILL sacrifice for their children. (And occasionally for a man, if he has been good to them and the kids.) All over the world and throughout history, women have worked hard both inside and outside the home to take care of or help take care of children, and also men who are sick, injured, or out of work. Don't believe the horror stories--we only hear about the worst women. Just as we only hear about the worst men. No wonder men and women don't like each other very much right now: we mostly hear the worst about the other sex!",True,True,keyword,0,0,0,,0,0,0
Ugye5IW3jIjWOefgOx14AaABAg,Entrepreneurs in Cars,"One of the things you said struck me. You mentioned having a business associate who told you to never do anything you wouldn't want published in the largest newspaper in your city. Early in my career, my director told me as a fledgling manager, to not make a decision I was not ready to explain to a TV reporter. He became more than my boss, he became my mentor and friend. It's advice I pass on to young men about work and about life. I remind them you do not have to explain every decision, especially the personal ones; but you must stand by them and accept responsibility for your choices and actions. That's what men do.",False,True,keyword,0,0,0,,0,0,0
UgwbNVtzS62ZmC6mjVF4AaABAg,Entrepreneurs in Cars,"Yo, you got it all wrong on one part it was written to how to get a black college kid that’s going to the NFL. That’s why it speaks to the other group of women is written by non-black woman on how to get a black college football player. That’s why she said what she said about the other women.",False,True,keyword,0,0,0,,0,0,0
UgyzS56PkRxLhmMjDzl4AaABAg.AY75soTD3uHAY7G7qxx8xk,Entrepreneurs in Cars,@NarglioSnorglord-m3yUSA and western culture pedestalize women so much😂 and OF is normalized. Now guess how many men saw their sisters daughters mothers without clothes best case scenario in OF.,True,True,keyword,0,0,0,,0,0,0
Ugyx2oU_1FngYxKG1414AaABAg,Better Bachelor,Men don't need to earn rights or the ability to vote. Men already did earn it and that is why rights and voting exists because we birthed it and fought and die for it. Let us reverse it and say women need to earn the right to have electricity and running water.,False,True,keyword,1,1,0,,0,0,0
Ugxt1l2ifnQ8x3IwvyJ4AaABAg.AVBzDSvEC4VAVC18TdpN5A,Better Bachelor,"Brother, this goes back to the serpent brainwashing eve. They'll never change",False,True,,0,0,0,,0,0,0
UgzBoIyPH20NykpZb-94AaABAg,Myron Gaines X,What the enemy fears most is... true male comroderary.... legit brotherhood and commune. Where honest and honorable men trust one another with their all.... a superior civilization shall thrive.... a republic of noble men.,False,True,,1,0,0,,0,0,0
Ugz5DIoEXpcVTaPXfUV4AaABAg.ALKzISicO9DALLE3YiL8JK,Better Bachelor,"Exactly. They're supposed to provide the emotional support but even that's gone. What are they actually useful for? Now it's not even juice isn't worth the squeeze, it's that you can squeeze endlessly and don't even get any juice",True,False,,0,0,0,,0,0,0
UgwB9GA9QCCQmPBicB54AaABAg.AR4evKJ1xF-AR6ElDsnRbj,Rollo Tomassi,"Its a practice or a science, if you like, like Engineering, more than, like Philosophy. It yells you what you will get if you do certain things, and doesn't prescribe for you what to believe.",True,False,random,0,0,0,,0,0,0
UgxecJVbz-cxMbRk0OB4AaABAg.AMwJoARPANTAMwPx3gEKN2,Better Bachelor,That’s the objective by the powers that be,False,True,,0,0,1,,0,0,1
UgzjkGJiu6io-wGsN_14AaABAg,Rich Cooper Clips,"I believe most men have to go through extremely tough relationships in order to start looking for the truth. Or, to even believe the truth. That's all red pill is, finding the truth.",True,False,,0,0,0,Men suffer in relationships before finding the truth?,1,0,0
UgyR8pB9Q5RGjfelof54AaABAg,Rich Cooper Clips,I thought Spring Break was for single college students? Don't get married and have kids if you want to live the single life! Good grief! Parents need to stay home with their kids and take care of them! 😮,True,False,,0,0,0,,1,0,0
UgyCni84Lahb1WqMsLl4AaABAg,Entrepreneurs in Cars,"Common sense answer, walk away. Focus on you. Don't get sucked in . Ya only live once. Trust me, youll get traded for ice cream 👍",True,False,,1,1,0,Don't get sucked in by women. Walk away,0,0,0
UgycNSjG1xz8BCHzpXt4AaABAg.AVDzk_cL_19AVH6_qP-Z_F,Better Bachelor,My ex wife was like that. She's a big reason why I haven't had a real relationship since then. AWALT.,True,False,,0,0,0,,0,0,0
Ugy9rt9VcyG5a3jHaEV4AaABAg,Entrepreneurs in Cars,You are completely right Rich. I feel like some women have it all and others have nothing going for them. I dated 7's that are a headache and 9s that were just loverly,False,True,keyword,0,0,0,,0,0,0
Ugx8g0Rz2YF3TmvByaZ4AaABAg,Rollo Tomassi,Timestamps!!! 0:31 : Intro Music 01:45 : Intro Video 23:06 : Easter Show 27:08 : Announcement 31:54 : Amy Dangerfield 35:29 : Epiphany Phase Timeline 56:57 : Rational Male Religion 01:00:33 : What Happens During Epiphany Phase 01:01:57 : SuperChat 01:02:44 : Control Through Collapse The Truth About Family Dynamics 01:23:18 : Sexless Marriage 01:50:20 : Emotional Intelligence 02:04:08 : Evo Psych Book's 02:08:18 : God Is Great But Cash Is King 02:15:25 : The Dual Strategy Trap 02:23:59 : Blue Pill Pastoral Trap 02:40:18 : Single Mom Stealth Tactics 02:42:38 : Feminine Fluidity Vs Western Rigidity 02:45:01 : The Ghost of the Blue Pill 02:51:20 : Scarcity vs Abundance 02:53:41 : Video Clip Breakdown 03:44:15 : The Madison 03:51:08 : Sexless Marriage & Epiphany Phase 03:54:22 : SuperChat 03:55:02 : Announcement 04:01:14 : Outro Music Jevani Sanders - Best Head Of My Life,False,True,keyword,0,0,0,timestamps,0,0,0
UgwzLTNS2EM85o-jI8l4AaABAg,21 Studios,I thought this was a stand up joke but it’s a speech I’m too high for this shit,True,False,,0,0,0,,0,0,0
UgwRtyW24lYHq8z7N-l4AaABAg,Rollo Tomassi,He keeps it real. This man has helped me immensely throughout the years with info like this,False,False,random,0,0,0,,0,0,0
UgxFGvRzRZOdBGQzmvJ4AaABAg,21 Studios,"The way you are pushing this reminds me of the trial of Socrates in ancient Greece. Essentially Socrates was persecuted and the people became very distrustful of the establishment because they didnt like the fact that a small number of people could completely destroy a person whether guilty or not. In other words, the way you are going about this, demanding and attacking anyone who does not buy the story of these men and their lack of concrete proof, and wishing for the man in question to have his life ruined and to ""burn in hell"" is very off putting. You are acting as if its totally impossible for a few individuals to make something up due to other motivation (financial, religious, personal) and boiling it down to ""trust us bro, just help us destroy this man"". This seems to go against the idea of due process and the founding principles. I fear you are doing something very bad here.",False,True,,0,0,0,,1,0,0
Ugxjz_jl8ij2eCHl88t4AaABAg.AYUtZBW7FcPAYV0A5EsJf1,Rich Cooper Clips,"Any gal will test you for competency (thats ingrained in her DNA) and if she rejects you, trust her instincts she is making your life easy. ☺️ Doesn't bible say marriage is hard: Is that a warning to men?? 🤔 She is not a kid that you need to punish her, coz if she decides to test you on your core foundations make sure your ego is ready to take those punches in the face too. A weak woman will seek out a man she can manipulate but a self respecting woman will seek a man way stronger than her. Am not sure if hypergamy leads the modern woman to say - we don't need a man (maybe it refers to weak men: She's just being honest to herself). If she finds out you are emotionally stronger than her, she will stay, if not she won't be around ""for you"". ☺️ It's your duty to find out if she sticks around for you or for herself ☺️, she won't hold herself responsible for that.",True,True,,0,0,0,"gives a prescriptive strategy for men, grounded in the grievance that women are hypergamous, self‑interested, and won’t take responsibility,",0,0,0
UgwFoWtaPliE39fe0N94AaABAg,Rational Male Clips,They see it as forced stifling of their hypergamy.,True,False,,0,0,0,,0,0,0
UgzKk7qZk9I9U4Ktt6l4AaABAg.AVsh3iH01GfAVt0B1VOfmj,Better Bachelor,"100 investigators 15 years Over 150 mn AUD They charged two accused and a whistleblower On the testimony of a paid Talibani fighter, paid to testify in Australia The media organisation that went after him has made several secret, corrupt payments to witnesses etc",True,True,keyword,0,0,1,,0,0,1
Ugz9eyphnAV_I2Ebn-J4AaABAg,Better Bachelor,"2:33 I'm suddenly reminded of an Episode if Night Court from the eighties. In that episode, a group of geriatric grannies were brought in on charges for running an illicit phone chat service. They were apparently posing as much younger women, and it was phone service, so use your imagination. Here we are, 21st century, and your grandma can be running a virtual prawn site. How's your imagination, fellas? 😅😂",False,True,keyword,0,0,0,,0,0,0
Ugyxt6tkIz6XxcSNJ4l4AaABAg,Rollo Tomassi,"2:42:23 Confidence/ self-confidence comes from certainty;period. Options are a result. If you lack confidence in a thing, your body is telling you to be aware. Skill, repetition, aquire those, confidence follows. You cant fake it and women evolved to read through those who try. Get to work.",False,True,keyword,0,0,0,,0,0,0
Ugz8wFfGMnAtCvXYycN4AaABAg.AYwNm6a2YJmAZ75b2wGmAl,Myron Gaines X,"When men get hurt by women, we usually don’t generalize, but women often generalize about us based on one bad experience, which can come across as narrow-minded female nature sadly",True,False,,1,0,0,,0,0,0
Ugyrc-rGqekG82SRsMJ4AaABAg,Myron Gaines X,"5 years, and she left him like it was nothing, now that guy is red pilled, hopefully he doesn't take her back. lol",True,False,,0,0,0,,0,0,0
Ugwud0EbPY-dRje7emV4AaABAg,21 Studios,"Women doing too many guys makes them confused; the overlap of imprinting by these men causes the chemical DNA mix...""microchimerism"".....the reason babies are not 100%",False,True,keyword,0,0,0,,0,0,0
UgySPKIsBTiaW600_lF4AaABAg.AWzxxREp4IMAX-TMneLhaS,Entrepreneurs in Cars,@T@TheCluesRnTheBluess the desperate man is unattractive. Usually nice guys gives her all his time and ignores his life.,True,False,random,0,0,0,,0,0,0
UgwSrCJc--XXAGxe4Cd4AaABAg,Rollo Tomassi,"Imagine hearing a woman telling you what you want, AS MEN...!? 😅",False,True,keyword,0,0,0,,0,0,0
UgyzcrHf41n8YBIj5414AaABAg.AUCt9UhCOBhAUKV-NsmjMO,Rollo Tomassi,I think you dont know what you are talking about:mass production of automatic transmision was later and also most women never drove a car by 1954 .saudi arabia just 3 years ago alowed their women to drive.in 1954 most men never had a car was only gor rich people😂,True,True,keyword,0,0,0,,0,0,0
UgzU2e3cyAQM9nTjNRl4AaABAg.9m5HJgJKo5d9mzMcyQVsqV,21 Studios,Isn’t that what men complain about … not having support from women to change laws?,True,True,keyword,1,0,0,cant tel which side theyre on,0,0,0
Ugx4ZQ-FJ2gpoo0eXlR4AaABAg,Rational Male Clips,Women want to be men but absolutely no man wants to be a woman regardless of the advantages and double standards afforded to women in this current dysfunctional culture.,True,False,,1,0,0,Women have advantages that men don't,1,0,0
UgwEhhPjJXjfFFLM9SZ4AaABAg,Rollo Tomassi,"To achieve what end? Unless someone is an actual threat to you or someone else, why smash them? Spoken like a guy who hasn’t had many fights.",False,False,random,0,0,0,,0,0,0
UgwMG0rqy4YaB9gp6014AaABAg.ALdjgPpe00mAMgdXd9uGQ3,Entrepreneurs in Cars,Yes. Very true and is consistent with other YTube content creators posting bout relationships. Which ever way it goes you still win with that type of execution. She must know you can walk away. Repeat. She must know you will be ok with ending the relationship now. This is the only way I see that women must know to process it into their hormonal female wacky brains.,True,False,,1,1,0,You must make it clear to her that you can walk away,0,0,0
UgwNLOYjYTpi_tz6D2J4AaABAg.AWxQqMvaR-pAWzH_yRMPrO,Better Bachelor,"You should check out videos from Female matchmakers and dating coaches, having average women be told they 'wasted' money just to find out that their Chad doesn't actually exist and the sheer anger and entitlement that follows is a bit cathartic.",True,True,keyword,0,0,0,,0,0,0
Ugzcf7LCyrxIXslzyyl4AaABAg,Entrepreneurs in Cars,3 times for me. Not getting back on the marriage horse.,False,True,keyword,0,0,0,,0,0,0
Ugysb0Bgj9Zlk_Ybrt94AaABAg.ANb8IdI8QYiAOQHdy20l0Q,Rollo Tomassi,"To me this is a reasonable reason to cry. You cried over someone, not because of your own shortcomings. I think the girls in the story werent taught well.",True,True,keyword,0,0,0,,0,0,0
Ugy8WA3ZZRIaBWBqV954AaABAg.A9ilzjf4HPUA9j7dh1Uu5l,Rational Male Clips,"Men are so brainwashed. If you are in a marriage where you get no sex, no sweet word comes out of her mouth, you are being criticizes, you need to perform and pay the bills then you need to ask yourself what do you get out of that marriage? Get the hell out now!",False,True,,1,1,0,,0,0,0
UgznNdLXJdQ4VyK-mM94AaABAg,21 Studios,"Watched the entire thing and really enjoyed how you correlated the state of the black community as a microcosm to the rest of society since other races typically look at what black people do as ""trendy"" or ""cool"", so the failure of family building in the black community has a direct consequence to the rest of the country. Also I 100% agree that the only possible way to flip this stuff around is for men to completely take charge of their lives, create a standard, and refuse to mess with any female who won't adhere to this standard, from this perspective the resourceful Passport bros are taking a step in the right direction. Their statement is essentially, we demand women who behave this way, and if we can't find them here, we will go overseas and across the world if we have to, and if local women have an issue with this, they could always change...",False,True,keyword,1,1,0,,0,0,0
UgzWbnxURtxL2xcjorV4AaABAg,Entrepreneurs in Cars,This is old news….she lost all parental rights to their kids and was arrested. The show she was going to be on cancelled,False,False,random,0,0,0,,0,0,0
UgzwGZ6O1UJ9dslXCu14AaABAg,Rational Male Clips,"these women call themselves ""liberals"" even as they deliberately play along w/ corporatist far right...",False,True,,0,0,0,,0,0,1
Ugxc9jN1GGKA_ibXUot4AaABAg,Rollo Tomassi,1:42:41 Red pill adjacency 2:13:04 Copy cats 2:20:59 Crypto 3:50:13 Maxxing,False,True,keyword,0,0,0,,0,0,0
UgxGUuh0AjcM-F7kJeZ4AaABAg.AXfql3-mHZmAXgWzsEI3b7,Entrepreneurs in Cars,"yeah, she is a complete airhead, her advice should have been ""if you aren't planning to divorce, you should have no problem with the prenup, especially in your situation""",True,True,keyword,0,0,0,,0,0,0
UgyGz8XZgyaDUhBIFfB4AaABAg,Rollo Tomassi,"1st and most important is that said woman must be attracted to you from GET-GO , otherwise its only oofy doofie and beta bucks deluxe for you . Without initial attraction you are only bartering.",False,True,keyword,0,0,0,,0,0,0
UgxFpizXxEk8e79xp794AaABAg.9kn13Jo-LKn9kvbgYb28Cl,21 Studios,"Men have to be her leader. They are led by emotion not logic. A leader can’t be an effective leader, if decisions are based on emotion. People’s lives will be at risk if one bases decisions on feelings and emotions. That’s why the woman submits to him, not the other way around. And that is why GOD put the man ahead of the woman",True,True,keyword,0,0,0,,1,0,0
UgxIp3-r_JKYbvHK8xh4AaABAg,Better Bachelor,"In Australia they recently they charged one of our brave soldiers with war crimes, they made a general out of a woman who never deployed, never saw combat, they charged my friend with terrorism for fighting in Ukraine. They say waving our flag is problematic. Why should I fight or contribute to a country that hates me?",False,False,random,1,1,0,,0,0,0
UgxTOFnUR-WbbnUECYR4AaABAg,21 Studios,"Victims of paternity fraud : 1) The child that is condemned to ignore his biological father 2) The defrauded man, forced to consider an unrelated to him child as his own biological child 3) If existing from a previous marriage/relationship, the defrauded man's biological children forced to consider an unrelated child as their sibling 4) The biological father forced to ignore the existence of his biological child 5) The extended family of the defrauded man, forced to consider an unrelated child as their biological relative 6) The extended family of the biological father, forced to ignore the existence of a biological relative of theirs There is a reason why in the vast majority of past eras, paternity fraud was considered a most heinous crime on a par with rape and murder. And there is a reason why past societies placed such a restrictive frame around female sexuality, precisely to reduce the risk of paternity fraud. And it is more than eyebrow raising the fact that in modern western type societies, not only paternity fraud is not considered a crime but rather the state will take active measures to protect the criminals and chase after the victims. Utterly disgusting.",False,True,keyword,1,0,0,,1,0,0
Ugyk-a2J85-iFe1UxmJ4AaABAg,21 Studios,Yeah I went on a Christian dating site and 80 percent of the women put that they socially drink. Some dressed like they were going to the club. One even get high smh. They feel feel they went to church as a child or they still go every now and then and that's enough and believe it's OK to live a live of sin. 😒,False,True,keyword,0,0,0,,0,0,0
Ugz5_Iwat1gW_Ph36954AaABAg,Entrepreneurs in Cars,"This is why you don't get married... it's possible she played the part and didn't show signs of this until after marriage, especially if they got married quick (so a short vetting period). But at that point it's too late, divorce will cost him not her, even when she's in the wrong",True,False,,1,1,0,"divorce costs men, don’t get married",1,0,0
UgypAlsPMBILSOmjBX94AaABAg,21 Studios,"Looking at her makes me understand why some people can't explain ""what is a women?""",False,True,keyword,0,0,0,,0,0,0
UgyzSJFdFrF0qnHTPRB4AaABAg,Entrepreneurs in Cars,‘You can trust me’ is code for ‘I’m manipulating you.’,False,True,,0,0,0,,0,0,0
Ugxv1xPg2PBwE0VFXRV4AaABAg,Rich Cooper Clips,"Anytime you engage with a man or woman, you're taking a risk. You have now started talking to a person that you really don't know. But as we all should know as adults that people come with surprises. Some surprises are good while other ones are not so good. We hope for the best anytime we venture into a new relationship, and although we're taking a chance, we should know and be acceptable of chaos possibly happening within the relationship. But that should not deter us from dating. For example, how many vehicle accidents happen daily somewhere? I'm sure a lot if you just consider America alone, but by us knowing this, do we refuse to drive our own vehicle? Why, of course, not we go and get in our vehicle and make our way to wherever we have to be. We don't stop driving because of the possibility of an accident. The same should be applied towards dating.",True,False,,0,0,0,,1,0,0
Ugz1gY1hvtJGmYd5cXh4AaABAg.AKCnO8O9Gl6AKDBUpi_yJo,Rich Cooper Clips,Floyd Mayweather and Keanu Reeves are two of the few men that didn’t get married. One is the best boxer that ever lived who retired undefeated and the other is Neo from the Matrix. Nuff said.,False,True,,0,0,0,,0,0,1
UgzfC1CiWxkqoBKXKJJ4AaABAg,Better Bachelor,"If I don't get to have a wife and children, but am forced to pay for women to raise a few ""elite"" men's, WHY would I ever do anything to support that system? I would prefer if it fails and goes extinct.",False,True,keyword,1,1,0,,1,0,0
Ugy4M6CRnV9j4ASZBHR4AaABAg.AWkgMJ8x0XLAWl0CAngF16,Entrepreneurs in Cars,"@CN-2311how often do u see a well dressed man? It’s basically a unicorn if we are being for real. You can see fit men like a dime a dozen, but to really find a man that’s put it together clothes wise. It’s game over!",True,True,keyword,0,0,0,,0,0,0
UgzZZlmYjonz7uM3Plp4AaABAg,Better Bachelor,The black pill gets a little darker… Less time spent online or social media = less chance of being fooled by AI,False,True,keyword,0,0,0,,0,0,0
UgyeO9pq7drOzaRVSJt4AaABAg,Entrepreneurs in Cars,Dave Ramsey is not only the last person that I would take relationship advice from but even his financial advice is almost always common sense things that only stupid people can’t answer or figure out.,False,False,random,0,0,0,,0,0,0
UgxIawhNh0v2b7P39aN4AaABAg.AVs15dPgsPrAVsnKvp8xhJ,Entrepreneurs in Cars,"@MKristensen Sounds like you got lucky and found a good woman. By the addition of the Prenup you knew she was there for the relationship, not for what resources she could drain from you. Glad to hear the two of you are still going strong. My marriage only lasted 10yrs before she got bored and had an affair (thus I was the rare guy who files). Thankfully despite no prenup, we both made about the same, had minimal assets, and had no kids so it was a clean break with zero financial ties to each other.",True,True,keyword,1,0,0,,0,0,0
Ugw2BzDsJbc_xsjvBDN4AaABAg,Rollo Tomassi,Over a 40 year period 2/3rds of marriages end - 80% filed by the woman (to cash out) - remove the cash out button via marriage contract and you win! Zero cash and prizes on exit.,True,False,,1,1,0,,0,0,0
UgxtGRlXlr44dh0FqJt4AaABAg,Rollo Tomassi,"Rollo happiness part for women, explaining part was absolutely brilliant part of the show.",False,True,keyword,0,0,0,,0,0,0
Ugy_zYx1qS1Hml_tCDl4AaABAg,Entrepreneurs in Cars,"In her case I don't think it matters. She has a business mindset and as a businessman business is business. If it works it works. Most of her clientele will be women and like you said women and accountability don't mix so they will empower her. I'm just saying I am very open-minded and the way I see it just watch and her money will speak for itself. I was just thinking about what she said yesterday if I create something and don't promote it, nobody knows about it forever. 🤔 She has mastered the art of promotion. Who cares? What field it's in. It's still valid. Just my personal opinion. Her bank account = facts.",False,True,keyword,0,0,0,,0,0,0
UgzvwMnTVYqbHVXhHE14AaABAg.AUsVZs8hv_XAUsXRBKRzLQ,Better Bachelor,Abortion is the highest sacrament in the church of feminism.,True,True,keyword,0,0,0,,0,0,0
UgytF9FXTgfS9yIDnVh4AaABAg.AW5GLJJcB-DAW5ulI5Uhry,Better Bachelor,Legalized slavery! The only entity that is still legally allowed to own slaves (except for the state) is women,True,True,keyword,1,0,0,,0,0,0
UgyQwAMMS1zR3hHECYR4AaABAg.AWOWdKRajs8AWOWhozTklG,Rollo Tomassi,The funny thing was that the boy she was texting was younger than 16,True,False,random,0,0,0,,0,0,0
UgyseRcnFiLwEbASucN4AaABAg.AVpIj_h9xkyAVpwz_-F7iI,Rollo Tomassi,"In my opinion, women nowadays will break all the rules for super wealthy men, or famous men, regardless of his looks, and the alpha will be nothing more that a piece of meat one night stand that they discard in the trash after they have used his for their own narcissistic supply.",True,True,keyword,1,0,0,,1,0,0
Ugzg3pqpwoQF6AnJrdh4AaABAg.AVPd2ww17gHAVQ6bP81FW8,Better Bachelor,"we'll talk about interacting with them again the day we restaure roman absolute patriarcate, remove their rights and put them back to property status. Else, keep going your own way, gents, and don't forget to detroy simps any way you can",True,False,random,1,1,0,,1,1,0
UgzJpkjhs8U-0oGJfLp4AaABAg.9mUZw_fzPSx9mw686Kwcy-,21 Studios,"@Matt M Everyone regurgitates everything. Pick any topic, and it's been discussed. You don't have to like her, everyone has an opinion. But name calling is very immature, and that's what this episode is about.",True,False,random,0,0,0,,0,0,0
UgwPico7wtyW1EHpG4l4AaABAg,Rollo Tomassi,The part of Joel’s death that is so insanely frustrating is the biggest character trait that Joel has in the Last of Us 1 is how he is untrusting. Yet in Part 2 he trusts anyone around and isn’t watching his back at all? This wasn’t the same man this was a skin suit that had to be sacrificed.,False,False,random,0,0,0,,1,0,0
UgwuL-Rksbl1tE3dc5R4AaABAg.AVMoiNG-nVJAVN8mrDrTRy,Better Bachelor,Because they all think if they do that they will get that authentic relationship. Simple and easy to understand. All that matters is that they believe that will happen even if it will never happen.,True,False,random,0,0,0,,0,0,0
Ugx7YsnnWkt4HBmJi914AaABAg.AW1xvH5kmgXAW8kA4FdOl_,Better Bachelor,"@MegaChickenPunch Oh this was years ago, I got check ups every 3 months for 2 years- then every 6 months for the next 3 years, apparently some stds can “hide” in your system, so you could take a test and have it but it won’t show up, and still pass it on to others.",True,True,keyword,0,0,0,,0,0,0
UgzG9iEcAsO2Df-o-Wt4AaABAg,The Free Agent Lifestyle,"Female marital age is 16–26, 28 as outlier. DO NOT marry female older than 28, ESPECIALLY in Murka. It’s a con job against American men.",True,False,,1,1,0,"""Do not marry female over 28""",0,0,0
UgzFAZ79b4Xl1SvlzJN4AaABAg.AVIS-kev7VXAVIwasptriH,Better Bachelor,He needs evidence. Men need evidence otherwise we are guilty. Never interrupt your enemy when they are making mistakes. She is providing the case in her own why the courts could side with him.,True,True,keyword,1,1,0,,0,0,0
Ugx_ktkEV8V5Ue8vlh54AaABAg,Fresh and Fit Clips,"She wants an 18-25 year old man to be making 100k. Most men have to build and earn their way to that kind of income and it takes time. Time that women don’t want to wait for, because they want a man that’s already at the finish line. This 15 minutes of tomfoolery proves that. Shout out fresh and fit",True,False,,1,0,0,Women expect men to be rich in their 20s,1,0,0
UgzNc8ecFpv0bh2Ygc14AaABAg.AY-SGSYM6M9AY2G-GH6thZ,Entrepreneurs in Cars,"@BigJon9595 My dad married three times, and for the third time he has a wife who walks all over him. Some men just never learn😔",True,True,keyword,1,0,0,,0,0,0
UgwhYDjEZsH3N8MO_oB4AaABAg,Rich Cooper Clips,"All you need is the ability to walk away, you stick around then you get the abuse. Meanwhile, make yourself the best you can be and you'll get someone you like - it might take you years, it took me years.",True,False,,1,1,0,,0,0,0
UgxEVJBA3q_eOloesaJ4AaABAg,Better Bachelor,"If most men went on strike and stopped doing all critical infrastructure jobs, it would all come tumbling down in a month. RESET!",False,True,keyword,1,1,0,,0,0,0
UgykbBxAIjnvgjWzRWh4AaABAg,Rational Male Clips,Thank you for telling the truth. CGA has no business getting into a internet debate forum intended to entertain for over 1 hour. Why? There is no god damn debate dummies? Forgot the family court holocaust memorials? Now we need to look at the pediatric psychiatry in patient units where the little boys and girls cant understand why mom broke up his her young family. He went from nursing and sleeping in momys bed. To meeting her new replacement dad boy friend and he cant handle the speed of family breakdown.,True,True,,1,0,0,,0,0,0
UgyLVsGpMCpv6GciKCF4AaABAg,Better Bachelor,Clav was crying on camera saying that the females around him only wanted to be on camera and clout chase. Proof looks aren't everything. Force is.,False,True,keyword,0,0,0,,0,0,0
